-- -------------------------------------------------------------
-- TablePlus 5.3.2(490)
--
-- https://tableplus.com/
--
-- Database: clinic_plus
-- Generation Time: 2023-03-27 11:30:46.5000
-- -------------------------------------------------------------


/*!40101 SET @OLD_CHARACTER_SET_CLIENT=@@CHARACTER_SET_CLIENT */;
/*!40101 SET @OLD_CHARACTER_SET_RESULTS=@@CHARACTER_SET_RESULTS */;
/*!40101 SET @OLD_COLLATION_CONNECTION=@@COLLATION_CONNECTION */;
/*!40101 SET NAMES utf8mb4 */;
/*!40014 SET @OLD_UNIQUE_CHECKS=@@UNIQUE_CHECKS, UNIQUE_CHECKS=0 */;
/*!40014 SET @OLD_FOREIGN_KEY_CHECKS=@@FOREIGN_KEY_CHECKS, FOREIGN_KEY_CHECKS=0 */;
/*!40101 SET @OLD_SQL_MODE=@@SQL_MODE, SQL_MODE='NO_AUTO_VALUE_ON_ZERO' */;
/*!40111 SET @OLD_SQL_NOTES=@@SQL_NOTES, SQL_NOTES=0 */;


DROP TABLE IF EXISTS `companies`;
CREATE TABLE `companies` (
  `id` int unsigned NOT NULL AUTO_INCREMENT,
  `name` varchar(100) NOT NULL,
  `phone` varchar(20) NOT NULL,
  `email` varchar(100) NOT NULL,
  `tin_number` int DEFAULT NULL,
  `address_line` varchar(100) NOT NULL,
  `created_by` int NOT NULL,
  `logo` varchar(100) DEFAULT NULL,
  `created_at` timestamp NULL DEFAULT NULL,
  `deleted_at` timestamp NULL DEFAULT NULL,
  `updated_at` timestamp NULL DEFAULT NULL,
  `reference` varchar(20) DEFAULT NULL,
  `status` tinyint(1) NOT NULL DEFAULT '1',
  PRIMARY KEY (`id`)
) ENGINE=MyISAM AUTO_INCREMENT=12 DEFAULT CHARSET=latin1;

DROP TABLE IF EXISTS `departments`;
CREATE TABLE `departments` (
  `id` int unsigned NOT NULL AUTO_INCREMENT,
  `company_id` int unsigned NOT NULL,
  `name` varchar(100) NOT NULL,
  `description` varchar(255) DEFAULT NULL,
  `leader_id` int unsigned DEFAULT NULL,
  `status` tinyint(1) DEFAULT NULL,
  `created_by` int unsigned DEFAULT NULL,
  `created_at` timestamp NULL DEFAULT NULL,
  `updated_at` timestamp NULL DEFAULT NULL,
  `deleted_at` timestamp NULL DEFAULT NULL,
  PRIMARY KEY (`id`)
) ENGINE=MyISAM AUTO_INCREMENT=24 DEFAULT CHARSET=latin1;

DROP TABLE IF EXISTS `insurances`;
CREATE TABLE `insurances` (
  `id` int unsigned NOT NULL AUTO_INCREMENT,
  `group_ref` enum('RHIA','PRIVATE','INTERNATIONAL','OTHER') NOT NULL,
  `name` varchar(100) NOT NULL,
  `description` varchar(255) DEFAULT NULL,
  `discount` double unsigned DEFAULT NULL,
  `status` tinyint(1) NOT NULL DEFAULT '1',
  PRIMARY KEY (`id`)
) ENGINE=MyISAM AUTO_INCREMENT=5 DEFAULT CHARSET=latin1;

DROP TABLE IF EXISTS `notifications`;
CREATE TABLE `notifications` (
  `id` char(36) COLLATE utf8mb4_unicode_ci NOT NULL,
  `type` varchar(191) COLLATE utf8mb4_unicode_ci NOT NULL,
  `notifiable_type` varchar(191) COLLATE utf8mb4_unicode_ci NOT NULL,
  `notifiable_id` bigint unsigned NOT NULL,
  `data` text COLLATE utf8mb4_unicode_ci NOT NULL,
  `read_at` timestamp NULL DEFAULT NULL,
  `created_at` timestamp NULL DEFAULT NULL,
  `updated_at` timestamp NULL DEFAULT NULL
) ENGINE=InnoDB DEFAULT CHARSET=utf8mb4 COLLATE=utf8mb4_unicode_ci;

DROP TABLE IF EXISTS `product_categories`;
CREATE TABLE `product_categories` (
  `id` int unsigned NOT NULL AUTO_INCREMENT,
  `company_id` int unsigned NOT NULL,
  `parent_id` int DEFAULT NULL,
  `name` varchar(50) NOT NULL,
  `description` varchar(100) DEFAULT NULL,
  `created_by` int unsigned DEFAULT NULL,
  `created_at` timestamp NULL DEFAULT CURRENT_TIMESTAMP,
  `deleted_at` timestamp NULL DEFAULT NULL,
  `updated_at` timestamp NULL DEFAULT NULL,
  PRIMARY KEY (`id`)
) ENGINE=MyISAM AUTO_INCREMENT=332 DEFAULT CHARSET=latin1;

DROP TABLE IF EXISTS `products`;
CREATE TABLE `products` (
  `id` int unsigned NOT NULL AUTO_INCREMENT,
  `company_id` int unsigned DEFAULT NULL,
  `code` varchar(100) DEFAULT NULL,
  `reference` varchar(20) DEFAULT NULL,
  `name` varchar(100) NOT NULL,
  `unit_id` int unsigned DEFAULT NULL,
  `cost_price` double unsigned DEFAULT '0',
  `rhia_price` double unsigned DEFAULT '0',
  `private_price` double unsigned DEFAULT '0',
  `inter_price` double(18,2) unsigned DEFAULT '0.00',
  `category_id` int unsigned DEFAULT NULL,
  `quantity` double unsigned NOT NULL DEFAULT '0',
  `status` tinyint(1) DEFAULT '1',
  `created_by` int unsigned DEFAULT NULL,
  `created_at` timestamp NULL DEFAULT CURRENT_TIMESTAMP,
  `updated_at` timestamp NULL DEFAULT NULL,
  `deleted_at` timestamp NULL DEFAULT NULL,
  PRIMARY KEY (`id`)
) ENGINE=MyISAM AUTO_INCREMENT=92 DEFAULT CHARSET=latin1;

DROP TABLE IF EXISTS `requisition_items`;
CREATE TABLE `requisition_items` (
  `id` int unsigned NOT NULL AUTO_INCREMENT,
  `requisition_id` int unsigned NOT NULL,
  `product_id` int unsigned NOT NULL,
  `requested_qty` double unsigned NOT NULL,
  `price` double unsigned NOT NULL,
  `received_qty` double unsigned DEFAULT NULL,
  `created_at` timestamp NULL DEFAULT NULL,
  `updated_at` timestamp NULL DEFAULT NULL,
  `deleted_at` timestamp NULL DEFAULT NULL,
  PRIMARY KEY (`id`)
) ENGINE=MyISAM AUTO_INCREMENT=51 DEFAULT CHARSET=latin1;

DROP TABLE IF EXISTS `requisitions`;
CREATE TABLE `requisitions` (
  `id` int unsigned NOT NULL AUTO_INCREMENT,
  `reference` varchar(30) DEFAULT NULL,
  `company_id` int unsigned DEFAULT NULL,
  `department_id` int unsigned NOT NULL,
  `date_initiated` date NOT NULL,
  `amount` double NOT NULL,
  `status` enum('PENDING','CANCELLED','ACCEPTED') NOT NULL,
  `created_by` int unsigned NOT NULL,
  `created_at` timestamp NULL DEFAULT NULL,
  `updated_at` timestamp NULL DEFAULT NULL,
  `deleted_at` timestamp NULL DEFAULT NULL,
  PRIMARY KEY (`id`)
) ENGINE=MyISAM AUTO_INCREMENT=29 DEFAULT CHARSET=latin1;

DROP TABLE IF EXISTS `roles`;
CREATE TABLE `roles` (
  `id` int NOT NULL AUTO_INCREMENT,
  `name` varchar(50) NOT NULL,
  `permissions` text,
  `company_id` int DEFAULT NULL,
  `status` tinyint(1) NOT NULL DEFAULT '1',
  `description` varchar(100) DEFAULT NULL,
  PRIMARY KEY (`id`)
) ENGINE=MyISAM AUTO_INCREMENT=10 DEFAULT CHARSET=latin1;

DROP TABLE IF EXISTS `stock`;
CREATE TABLE `stock` (
  `id` int unsigned NOT NULL AUTO_INCREMENT,
  `company_id` int unsigned DEFAULT NULL,
  `department_id` int unsigned NOT NULL,
  `product_id` int unsigned NOT NULL,
  `quantity` double unsigned NOT NULL,
  PRIMARY KEY (`id`)
) ENGINE=MyISAM AUTO_INCREMENT=76 DEFAULT CHARSET=latin1;

DROP TABLE IF EXISTS `stock_adjustment_items`;
CREATE TABLE `stock_adjustment_items` (
  `id` int unsigned NOT NULL AUTO_INCREMENT,
  `adjustment_id` int unsigned NOT NULL,
  `product_id` int unsigned NOT NULL,
  `quantity` double NOT NULL,
  `details` text,
  `created_at` timestamp NULL DEFAULT NULL,
  `updated_at` timestamp NULL DEFAULT NULL,
  `deleted_at` timestamp NULL DEFAULT NULL,
  PRIMARY KEY (`id`)
) ENGINE=MyISAM AUTO_INCREMENT=10 DEFAULT CHARSET=latin1;

DROP TABLE IF EXISTS `stock_adjustments`;
CREATE TABLE `stock_adjustments` (
  `id` int unsigned NOT NULL AUTO_INCREMENT,
  `reference` varchar(30) DEFAULT NULL,
  `company_id` int unsigned NOT NULL,
  `adjustment_date` date DEFAULT NULL,
  `reason` varchar(100) DEFAULT NULL,
  `department_id` int unsigned DEFAULT NULL,
  `description` varchar(255) DEFAULT NULL,
  `created_by` int unsigned NOT NULL,
  `created_at` timestamp NULL DEFAULT NULL,
  `updated_at` timestamp NULL DEFAULT NULL,
  `deleted_at` timestamp NULL DEFAULT NULL,
  PRIMARY KEY (`id`)
) ENGINE=MyISAM AUTO_INCREMENT=4 DEFAULT CHARSET=latin1;

DROP TABLE IF EXISTS `stock_out`;
CREATE TABLE `stock_out` (
  `id` int unsigned NOT NULL AUTO_INCREMENT,
  `company_id` int unsigned NOT NULL,
  `date_taken` date NOT NULL,
  `category` enum('SALES','PRESCRIPTIONS','EXPIRED','DAMAGED') NOT NULL,
  `patient_id` int NOT NULL,
  `insurance_id` int unsigned NOT NULL,
  `created_by` int NOT NULL,
  `created_at` timestamp NULL DEFAULT NULL,
  `updated_at` timestamp NULL DEFAULT NULL,
  `deleted_at` timestamp NULL DEFAULT NULL,
  PRIMARY KEY (`id`,`patient_id`)
) ENGINE=MyISAM DEFAULT CHARSET=latin1;

DROP TABLE IF EXISTS `stock_receives`;
CREATE TABLE `stock_receives` (
  `id` int unsigned NOT NULL AUTO_INCREMENT,
  `reference` varchar(30) DEFAULT NULL,
  `company_id` int unsigned DEFAULT NULL,
  `date_received` date NOT NULL,
  `supplier_id` int unsigned NOT NULL,
  `amount` double unsigned NOT NULL,
  `vat` enum('inclusive','exclusive') NOT NULL,
  `file_url` varchar(255) DEFAULT NULL,
  `amount_paid` double unsigned DEFAULT NULL,
  `paid` tinyint(1) DEFAULT '0',
  `created_by` int DEFAULT NULL,
  `created_at` timestamp NULL DEFAULT CURRENT_TIMESTAMP,
  `updated_at` timestamp NULL DEFAULT NULL,
  `deleted_at` timestamp NULL DEFAULT NULL,
  PRIMARY KEY (`id`)
) ENGINE=MyISAM AUTO_INCREMENT=6 DEFAULT CHARSET=latin1;

DROP TABLE IF EXISTS `stock_transfer_items`;
CREATE TABLE `stock_transfer_items` (
  `id` int unsigned NOT NULL AUTO_INCREMENT,
  `transfer_id` int unsigned NOT NULL,
  `product_id` int unsigned NOT NULL,
  `quantity` double unsigned NOT NULL,
  `price` double unsigned NOT NULL,
  `created_at` timestamp NULL DEFAULT NULL,
  `updated_at` timestamp NULL DEFAULT NULL,
  `deleted_at` timestamp NULL DEFAULT NULL,
  PRIMARY KEY (`id`)
) ENGINE=MyISAM AUTO_INCREMENT=50 DEFAULT CHARSET=latin1;

DROP TABLE IF EXISTS `stock_transfers`;
CREATE TABLE `stock_transfers` (
  `id` int unsigned NOT NULL AUTO_INCREMENT,
  `company_id` int unsigned DEFAULT NULL,
  `department_id` int unsigned NOT NULL,
  `reference` varchar(255) DEFAULT NULL,
  `date_transfered` date NOT NULL,
  `amount` double unsigned NOT NULL,
  `taken_by` int unsigned DEFAULT NULL,
  `created_by` int unsigned NOT NULL,
  `requisition_id` int unsigned DEFAULT NULL,
  `created_at` timestamp NULL DEFAULT NULL,
  `updated_at` timestamp NULL DEFAULT NULL,
  `deleted_at` timestamp NULL DEFAULT NULL,
  PRIMARY KEY (`id`)
) ENGINE=MyISAM AUTO_INCREMENT=38 DEFAULT CHARSET=latin1;

DROP TABLE IF EXISTS `stockin_histories`;
CREATE TABLE `stockin_histories` (
  `id` int unsigned NOT NULL AUTO_INCREMENT,
  `stockin_id` int unsigned NOT NULL,
  `product_id` int unsigned NOT NULL,
  `quantity` double unsigned NOT NULL,
  `price` double unsigned DEFAULT NULL,
  `expiration_date` date DEFAULT NULL,
  `barcode` varchar(255) DEFAULT NULL,
  `created_at` timestamp NULL DEFAULT CURRENT_TIMESTAMP,
  `deleted_at` timestamp NULL DEFAULT NULL,
  `updated_at` timestamp NULL DEFAULT NULL,
  `status` varchar(191) DEFAULT NULL,
  `consumed_qty` int unsigned DEFAULT NULL,
  PRIMARY KEY (`id`)
) ENGINE=MyISAM AUTO_INCREMENT=97 DEFAULT CHARSET=latin1;

DROP TABLE IF EXISTS `stockout_items`;
CREATE TABLE `stockout_items` (
  `id` int unsigned NOT NULL AUTO_INCREMENT,
  `stockout_id` int unsigned NOT NULL,
  `product_id` int unsigned NOT NULL,
  `quantity` double unsigned NOT NULL,
  `price` double unsigned NOT NULL,
  PRIMARY KEY (`id`)
) ENGINE=MyISAM DEFAULT CHARSET=latin1;

DROP TABLE IF EXISTS `suppliers`;
CREATE TABLE `suppliers` (
  `id` int unsigned NOT NULL AUTO_INCREMENT,
  `company_id` int unsigned NOT NULL,
  `name` varchar(100) NOT NULL,
  `phone` varchar(20) DEFAULT NULL,
  `email` varchar(100) DEFAULT NULL,
  `tin_number` double DEFAULT NULL,
  `address` varchar(100) DEFAULT NULL,
  `created_by` int unsigned NOT NULL,
  `created_at` timestamp NULL DEFAULT NULL,
  `updated_at` timestamp NULL DEFAULT NULL,
  `deleted_at` timestamp NULL DEFAULT NULL,
  PRIMARY KEY (`id`)
) ENGINE=MyISAM AUTO_INCREMENT=2007 DEFAULT CHARSET=latin1;

DROP TABLE IF EXISTS `units`;
CREATE TABLE `units` (
  `id` int unsigned NOT NULL AUTO_INCREMENT,
  `name` varchar(50) NOT NULL,
  `description` varchar(100) DEFAULT NULL,
  `deleted_at` timestamp NULL DEFAULT NULL,
  `updated_at` timestamp NULL DEFAULT NULL,
  `created_at` timestamp NULL DEFAULT CURRENT_TIMESTAMP,
  PRIMARY KEY (`id`)
) ENGINE=MyISAM AUTO_INCREMENT=28 DEFAULT CHARSET=latin1;

DROP TABLE IF EXISTS `users`;
CREATE TABLE `users` (
  `id` int unsigned NOT NULL AUTO_INCREMENT,
  `company_id` int unsigned DEFAULT NULL,
  `department_id` int DEFAULT NULL,
  `first_name` varchar(50) NOT NULL,
  `last_name` varchar(50) NOT NULL,
  `name` varchar(100) DEFAULT NULL,
  `email` varchar(100) NOT NULL,
  `password` varchar(255) NOT NULL,
  `phone` varchar(20) DEFAULT NULL,
  `remember_token` varchar(50) DEFAULT NULL,
  `email_verified_at` timestamp NULL DEFAULT NULL,
  `role_id` int DEFAULT NULL,
  `last_login` datetime DEFAULT NULL,
  `status` tinyint(1) NOT NULL DEFAULT '1',
  `created_by` int DEFAULT NULL,
  `created_at` timestamp NULL DEFAULT NULL,
  `updated_at` timestamp NULL DEFAULT NULL,
  `deleted_at` timestamp NULL DEFAULT NULL,
  PRIMARY KEY (`id`),
  UNIQUE KEY `email` (`email`,`phone`)
) ENGINE=MyISAM AUTO_INCREMENT=7 DEFAULT CHARSET=latin1;

INSERT INTO `companies` (`id`, `name`, `phone`, `email`, `tin_number`, `address_line`, `created_by`, `logo`, `created_at`, `deleted_at`, `updated_at`, `reference`, `status`) VALUES
(2, 'RAPHA MEDICAL CLINIC', '898786', 'raphamedicalclinic@gmail.com', 876879, 'Remera', 1, NULL, '2023-02-02 14:12:40', NULL, '2023-02-02 14:12:40', 'd4c59bf84871b0fa1845', 1),
(9, 'NARADA MEDICAL CLINIC', '787849384', 'naradamedicalclinic@gmai.com', 123455, 'Kayonza', 1, NULL, '2023-02-02 14:11:53', NULL, '2023-02-02 14:11:53', 'a941130340fe8c934dba', 1),
(11, 'BAHO INTERNATIONAL HOSPITAL', '903845', 'bahointernationalhospital@gmail.com', 879890, 'Nyarutarama', 1, NULL, '2023-02-02 14:13:20', NULL, '2023-02-02 14:13:20', '871319bb41c3b8d0520b', 1);

INSERT INTO `departments` (`id`, `company_id`, `name`, `description`, `leader_id`, `status`, `created_by`, `created_at`, `updated_at`, `deleted_at`) VALUES
(1, 2, 'Pediatric', 'Test', 2, 1, 3, '2023-01-25 11:29:16', '2023-01-25 18:59:44', NULL),
(2, 2, 'Anesthesiology & Critical Care', NULL, 2, 1, 3, '2023-01-25 11:29:16', '2023-01-25 18:59:44', NULL),
(3, 2, 'Cardiology', NULL, 2, 1, 3, '2023-01-25 11:29:16', '2023-01-25 18:59:44', NULL),
(4, 2, 'Cardiovascular Sciences', NULL, 2, 1, 3, '2023-01-25 11:29:16', '2023-01-25 18:59:44', NULL),
(5, 2, 'Cardiovascular Surgery', NULL, 2, 1, 3, '2023-01-25 11:29:16', '2023-01-25 18:59:44', NULL),
(6, 2, 'Medicine', NULL, 2, 1, 3, '2023-01-25 11:29:16', '2023-01-25 18:59:44', NULL),
(7, 2, 'Nanomedicine', NULL, 2, 1, 3, '2023-01-25 11:29:16', '2023-01-25 18:59:44', NULL),
(8, 2, 'Neurology', NULL, 2, 1, 3, '2023-01-25 11:29:16', '2023-01-25 18:59:44', NULL),
(9, 2, 'Neurosurgery', NULL, 2, 1, 3, '2023-01-25 11:29:16', '2023-01-25 18:59:44', NULL),
(11, 2, 'Obstetrics and Gynecology', NULL, 2, 1, 3, '2023-01-25 11:29:16', '2023-01-25 18:59:44', NULL),
(12, 2, 'Ophthalmology - Blanton Eye Institute', NULL, 2, 1, 3, '2023-01-25 11:29:16', '2023-01-25 18:59:44', NULL),
(13, 2, 'Oral & Maxillofacial Surgery', NULL, 2, 1, 3, '2023-01-25 11:29:16', '2023-01-25 18:59:44', NULL),
(14, 2, 'Orthopedic Surgery', NULL, 2, 1, 3, '2023-01-25 11:29:16', '2023-01-25 18:59:44', NULL),
(15, 2, 'Otolaryngology', NULL, 2, 1, 3, '2023-01-25 11:29:16', '2023-01-25 18:59:44', NULL),
(16, 2, 'Pathology & Genomic Medicine', NULL, 2, 1, 3, '2023-01-25 11:29:16', '2023-01-25 18:59:44', NULL),
(17, 2, 'Pharmacy', NULL, 2, 1, 3, '2023-01-25 11:29:16', '2023-01-25 18:59:44', NULL),
(18, 2, 'Radiation Oncology', NULL, 2, 1, 3, '2023-01-25 11:29:16', '2023-01-25 18:59:44', NULL),
(19, 2, 'Radiology', NULL, 2, 1, 3, '2023-01-25 11:29:16', '2023-01-25 18:59:44', NULL),
(20, 2, 'Surgery', NULL, 2, 1, 3, '2023-01-25 11:29:16', '2023-01-25 18:59:44', NULL),
(21, 2, 'Urology', NULL, 2, 1, 3, '2023-01-25 11:29:16', '2023-01-25 18:59:44', NULL),
(22, 2, 'NURSING', NULL, 3, 1, 3, '2023-02-04 23:02:34', '2023-02-04 23:02:34', NULL),
(23, 2, 'Laboratory', NULL, 6, 1, 6, '2023-03-14 19:18:14', '2023-03-14 19:18:14', NULL);

INSERT INTO `insurances` (`id`, `group_ref`, `name`, `description`, `discount`, `status`) VALUES
(1, 'RHIA', 'RSSB', 'Test', 12, 1),
(2, 'RHIA', 'UAP', NULL, NULL, 1);

INSERT INTO `notifications` (`id`, `type`, `notifiable_type`, `notifiable_id`, `data`, `read_at`, `created_at`, `updated_at`) VALUES
('9204c908-f78d-4206-af5a-49ac1227d940', 'App\\Notifications\\ChannelServices', 'App\\Models\\User', 3, '{\"id\":\"9204c908-f78d-4206-af5a-49ac1227d940\",\"notification\":{\"id\":26,\"slug\":\"H8SM3SWAD3SCWKWS8\",\"type\":\"Requisition\",\"message\":\"New Requisition from <b>Pharmacy<\\/b> of <b>1<\\/b> items created by <b>UWAMAHORO Sophie<\\/b>\"}}', '2023-03-21 18:39:30', '2023-03-14 21:37:42', '2023-03-21 18:39:30'),
('629d01de-2441-4f1e-8e54-6da77776f8f4', 'App\\Notifications\\ChannelServices', 'App\\Models\\User', 3, '{\"id\":\"629d01de-2441-4f1e-8e54-6da77776f8f4\",\"notification\":{\"id\":27,\"slug\":\"1PU0T33LACU88CG0WS\",\"type\":\"Requisition\",\"message\":\"New Requisition from <b>NURSING<\\/b> of <b>1<\\/b> items created by <b>Olivier Tuyishime<\\/b>\"}}', '2023-03-21 18:39:30', '2023-03-15 10:11:32', '2023-03-21 18:39:30'),
('ad148baa-022f-42e1-a54c-163b635e81b1', 'App\\Notifications\\ChannelServices', 'App\\Models\\User', 6, '{\"id\":\"ad148baa-022f-42e1-a54c-163b635e81b1\",\"notification\":{\"id\":27,\"slug\":\"1PU0T33LACU88CG0WS\",\"type\":\"Requisition\",\"message\":\"New Requisition from <b>NURSING<\\/b> of <b>1<\\/b> items created by <b>Olivier Tuyishime<\\/b>\"}}', '2023-03-15 10:11:49', '2023-03-15 10:11:32', '2023-03-15 10:11:49'),
('82fb8220-589c-4c4d-b7fa-57307f89bd09', 'App\\Notifications\\ChannelServices', 'App\\Models\\User', 3, '{\"id\":\"82fb8220-589c-4c4d-b7fa-57307f89bd09\",\"notification\":{\"id\":28,\"slug\":\"28FBGN5E7XOGWOO0C8\",\"type\":\"Requisition\",\"message\":\"New Requisition from <b>Pharmacy<\\/b> of <b>1<\\/b> items created by <b>UWAMAHORO Sophie<\\/b>\"}}', '2023-03-24 08:26:09', '2023-03-24 08:25:57', '2023-03-24 08:26:09'),
('89268bec-c069-4a3e-9094-b4716049d817', 'App\\Notifications\\ChannelServices', 'App\\Models\\User', 5, '{\"id\":\"89268bec-c069-4a3e-9094-b4716049d817\",\"notification\":{\"id\":28,\"slug\":\"28FBGN5E7XOGWOO0C8\",\"type\":\"Requisition\",\"message\":\"New Requisition from <b>Pharmacy<\\/b> of <b>1<\\/b> items created by <b>UWAMAHORO Sophie<\\/b>\"}}', NULL, '2023-03-24 08:25:57', '2023-03-24 08:25:57');

INSERT INTO `product_categories` (`id`, `company_id`, `parent_id`, `name`, `description`, `created_by`, `created_at`, `deleted_at`, `updated_at`) VALUES
(1, 2, NULL, 'CONSUMABLES', NULL, NULL, '2023-03-14 17:07:38', NULL, NULL),
(2, 2, NULL, 'DRUGS', NULL, NULL, '2023-03-14 17:07:38', NULL, NULL),
(3, 2, NULL, 'LABORATORY', NULL, NULL, '2023-03-14 17:07:38', NULL, NULL),
(329, 2, 2, 'ANESTESIA', 'Anestesia Drugs', 3, '2023-03-25 08:23:52', NULL, '2023-03-25 08:25:23'),
(330, 2, NULL, 'MATERIALS', 'other materials', 3, '2023-03-25 08:26:22', NULL, '2023-03-25 08:26:22'),
(331, 2, 2, 'FAMILLY PLANNING', 'all family planning', 3, '2023-03-25 08:27:57', NULL, '2023-03-25 08:27:57');

INSERT INTO `products` (`id`, `company_id`, `code`, `reference`, `name`, `unit_id`, `cost_price`, `rhia_price`, `private_price`, `inter_price`, `category_id`, `quantity`, `status`, `created_by`, `created_at`, `updated_at`, `deleted_at`) VALUES
(1, 2, '1I3H30NP', 'AFCC41454F38A3570473', 'Ampicilline 500mg', 2, 0, 0, 0, 0.00, 2, 40, 1, 6, '2023-03-14 16:48:40', '2023-03-14 21:27:46', NULL),
(2, 2, '18DNQTOR', '2DCD61D5423EB64E8559', 'Artesinate 60mg', 2, 0, 0, 0, 0.00, 2, 55, 1, 3, '2023-03-14 16:48:40', NULL, NULL),
(3, 2, '9SF33WJ7', '7635AACF4DD386A78AED', 'Adrenaline injectable 1ml', 4, 880, 0, 0, 0.00, 2, 7, 1, 6, '2023-03-14 16:48:40', '2023-03-24 13:47:18', NULL),
(4, 2, '1N5FZPD3', 'D03D90A04E838120D95C', 'Cefotaxime 1gr', 1, 0, 0, 0, 0.00, 2, 50, 1, 3, '2023-03-14 16:48:40', NULL, NULL),
(5, 2, '15BUHK8S', 'A7DC58F94ECE83D31195', 'Cloxacilline 500mg', 4, 0, 0, 0, 0.00, 2, 50, 1, 3, '2023-03-14 16:48:40', NULL, NULL),
(6, 2, '28L1W8UL', '2139273F4B72896C633C', 'Condoms', 9, 0, 0, 0, 0.00, 2, 40, 1, 3, '2023-03-14 16:48:40', NULL, NULL),
(7, 2, '1LACGQFI', '7A8F72B1428184075284', 'Ceftriaxone 1gr', 1, 0, 0, 0, 0.00, 2, 40, 1, 3, '2023-03-14 16:48:40', NULL, NULL),
(8, 2, '12W3AOPQ', 'AF5B55134701B23164B2', 'Ciprofloxacin 200mg', 4, 0, 0, 0, 0.00, 2, 20, 1, 3, '2023-03-14 16:48:40', NULL, NULL),
(9, 2, '3UGWN5CI', 'FD84687044D0B3EB5740', 'Catapressan 150mg', 4, 0, 0, 0, 0.00, 2, 2, 1, 3, '2023-03-14 16:48:40', NULL, NULL),
(10, 2, 'JHV50955', '9C48CA2A47F493DFD2D6', 'Cimetidine 200mg', 4, 0, 0, 0, 0.00, 2, 80, 1, 3, '2023-03-14 16:48:40', NULL, NULL),
(11, 2, '6ADZ4X3M', '35D511364BD1BEFBA870', 'Dexamethasone 4mg', 4, 0, 0, 0, 0.00, 2, 10, 1, 3, '2023-03-14 16:48:40', NULL, NULL),
(12, 2, '15TJ9ULE', 'D358CA744FE89BB7961C', 'Depo 1ml', 4, 0, 0, 0, 0.00, 2, 8, 1, 3, '2023-03-14 16:48:40', NULL, NULL),
(13, 2, '1N8UHIDC', 'C1B6653349BE8E2F1F01', 'Diazepan 10mg', 4, 0, 0, 0, 0.00, 2, 20, 1, 3, '2023-03-14 16:48:40', NULL, NULL),
(14, 2, '15HBEOYN', 'D279C86944BCA0C60B32', 'Dicynone 250mg', 4, 0, 0, 0, 0.00, 2, 30, 1, 3, '2023-03-14 16:48:40', NULL, NULL),
(15, 2, '1PKMBNDE', '917907A44974ACBEFA94', 'Dicclofenac 75mg', 4, 0, 0, 0, 0.00, 2, 90, 1, 3, '2023-03-14 16:48:40', NULL, NULL),
(16, 2, '3JNJ7T10', '5032AED34F48B15C19A6', 'Gentamycine 80ml', 4, 0, 0, 0, 0.00, 2, 70, 1, 3, '2023-03-14 16:48:40', NULL, NULL),
(17, 2, 'IACL80I9', '2250B96D4EDA885BD51C', 'Glucose 50% 100ml', 4, 0, 0, 0, 0.00, 2, 40, 1, 3, '2023-03-14 16:48:40', NULL, NULL),
(18, 2, '1GHFC1KH', '95DD9BFA41AAA98EE23B', 'Glucose 5% 500ml', 4, 0, 0, 0, 0.00, 2, 35, 1, 3, '2023-03-14 16:48:40', NULL, NULL),
(19, 2, '16PEDG0Z', 'AA7931EE4EE5BB717384', 'Hyocine 20mg', 2, 0, 0, 0, 0.00, 2, 70, 1, 3, '2023-03-14 16:48:40', NULL, NULL),
(20, 2, '1ADX45CE', '928299664FC08895CA7F', 'Microlut', 9, 0, 0, 0, 0.00, 2, 140, 1, 3, '2023-03-14 16:48:40', NULL, NULL),
(21, 2, '1PGGZPJH', '08C6DCEE4282B34A9114', 'Metoclopramide 10mg', 2, 0, 0, 0, 0.00, 2, 80, 1, 3, '2023-03-14 16:48:40', NULL, NULL),
(22, 2, '1NJPPSIR', 'CC157A4E41B4B8CF064C', 'Microgynon 3', 3, 0, 0, 0, 0.00, 2, 1, 1, 3, '2023-03-14 16:48:40', NULL, NULL),
(23, 2, 'JI7FTSGL', 'DA5BED7042319CC892EE', 'Metronidazol 500mg', 2, 0, 0, 0, 0.00, 2, 22, 1, 3, '2023-03-14 16:48:40', NULL, NULL),
(24, 2, '12OUPBBY', '8DD769FC4BB18056243A', 'NS 500ml', 4, 0, 0, 0, 0.00, 2, 90, 1, 3, '2023-03-14 16:48:40', NULL, NULL),
(25, 2, '26WBAG14', 'A322E17F4FB0B055DCFD', 'paracetamol IV 100ml', 4, 0, 0, 0, 0.00, 2, 90, 1, 3, '2023-03-14 16:48:40', NULL, NULL),
(26, 2, '14593I1G', '291A35E749B9860E3F9A', 'paracetamol suppo 125mg', 2, 0, 0, 0, 0.00, 2, 90, 1, 3, '2023-03-14 16:48:40', NULL, NULL),
(27, 2, '1FZQWDL1', '2145E67F4CC88391995D', 'paracetamol suppo 250mg', 2, 0, 0, 0, 0.00, 2, 20, 1, 3, '2023-03-14 16:48:40', NULL, NULL),
(28, 2, '1OX9P8QB', '53DAEE9E44C0986C4D23', 'RL 500ml', 4, 0, 0, 0, 0.00, 2, 0, 1, 3, '2023-03-14 16:48:40', NULL, NULL),
(29, 2, '1CU6AAWG', '3C4679CD49B4928232AA', 'Salbutamol 2.5ml', 4, 0, 0, 0, 0.00, 2, 200, 1, 3, '2023-03-14 16:48:40', NULL, NULL),
(30, 2, 'NMIRKZT0', '33CFE3B24AACA807901D', 'Sterile', 23, 0, 0, 0, 0.00, 2, 30, 1, 3, '2023-03-14 16:48:40', NULL, NULL),
(31, 2, 'G0A5VZGM', '8EC49FC5466B9D9B6F3A', 'Tramadol 2ml', 4, 0, 0, 0, 0.00, 2, 15, 1, 3, '2023-03-14 16:48:40', NULL, NULL),
(32, 2, '4VGUC0W9', '21BFFF43458FB5A1591D', 'Aiguille G 21', 9, 0, 0, 0, 0.00, 1, 670, 1, 6, '2023-03-14 16:48:40', '2023-03-14 20:37:47', NULL),
(33, 2, 'B4K8FWH6', 'E7AF8436446E814BE7BD', 'Aiguille G 23', 9, 0, 0, 0, 0.00, 1, 1100, 1, 3, '2023-03-14 16:48:40', NULL, NULL),
(34, 2, '5HLMEI11', 'B0D7DFCF40ECA2209C27', 'Abaisse langue', 9, 2000, 0, 0, 0.00, 1, 391, 1, 3, '2023-03-14 16:48:40', '2023-03-23 10:13:00', NULL),
(35, 2, '3E6ORU6S', 'EE5F1A8040C7B0D7CB11', 'Bistouri', 9, 0, 0, 0, 0.00, 1, 100, 1, 3, '2023-03-14 16:48:40', NULL, NULL),
(36, 2, '1ANZI6CZ', '0C48CD3F414FA8061571', 'Blood glucose test strips', 9, 0, 0, 0, 0.00, 1, 150, 1, 3, '2023-03-14 16:48:40', NULL, NULL),
(37, 2, '39BPSO6L', '6772A6A6435F82CEE4D9', 'Cover glass', 9, 0, 0, 0, 0.00, 1, 2000, 1, 3, '2023-03-14 16:48:40', NULL, NULL),
(38, 2, '1AYX40P1', '91E601B541E0AD6C4DAA', 'Cat gut 3-0', 9, 0, 0, 0, 0.00, 1, 60, 1, 3, '2023-03-14 16:48:40', NULL, NULL),
(39, 2, '15J00I8J', '9968E1BF4543AFCCAB6F', 'Cotton wool 500mg', 4, 0, 0, 0, 0.00, 1, 2, 1, 3, '2023-03-14 16:48:40', NULL, NULL),
(40, 2, '1MV3W26I', 'E0FF37AA441390304F27', 'Detergent 20l', 3, 0, 0, 0, 0.00, 1, 2, 1, 3, '2023-03-14 16:48:40', NULL, NULL),
(41, 2, '2IEQLGBO', 'F1678E724DDEAE9B4ECC', 'Diluent', 9, 0, 0, 0, 0.00, 1, 2, 1, 3, '2023-03-14 16:48:40', NULL, NULL),
(42, 2, '13Y7HLE4', '65A51FFA4D04970644BC', 'Dawadine 200ml', 2, 0, 0, 0, 0.00, 1, 7, 1, 3, '2023-03-14 16:48:40', NULL, NULL),
(43, 2, 'HD4T81WU', 'D22F2300427C942B8425', 'Eau distulee 10ml', 4, 0, 0, 0, 0.00, 1, 480, 1, 3, '2023-03-14 16:48:40', NULL, NULL),
(44, 2, 'MJ5BVRJG', 'EF2DD4AC4C279C76DE17', 'Gauze 90cm', 8, 0, 0, 0, 0.00, 1, 1, 1, 3, '2023-03-14 16:48:40', NULL, NULL),
(45, 2, '1I3AUQR4', '15F835E94B6EA6948F31', 'Gant sterile', 9, 0, 0, 0, 0.00, 1, 50, 1, 3, '2023-03-14 16:48:40', '2023-03-14 17:08:09', NULL),
(46, 2, '1DO328S9', '994F647F47F3AB171053', 'G20', NULL, 0, 0, 0, 0.00, 1, 200, 1, 3, '2023-03-14 16:48:40', NULL, NULL),
(47, 2, '1MY9GF7F', '49FF00C6420A814338BF', 'G22', NULL, 0, 0, 0, 0.00, 1, 100, 1, 3, '2023-03-14 16:48:40', NULL, NULL),
(48, 2, '1NHEL7HX', 'A3807381402D928EBFD4', 'G24', NULL, 0, 0, 0, 0.00, 1, 400, 1, 3, '2023-03-14 16:48:40', NULL, NULL),
(49, 2, 'AZYCDFZA', 'A80D4F58473683A8DD05', 'Gant propre', NULL, 0, 0, 0, 0.00, 1, 3700, 1, 3, '2023-03-14 16:48:40', NULL, NULL),
(50, 2, 'M887T5BS', '47F7B8BC4D4EA131F056', 'Gel gynecologique', NULL, 0, 0, 0, 0.00, 1, 2, 1, 3, '2023-03-14 16:48:40', NULL, NULL),
(51, 2, '1G1DVTJK', '5A47136D4DFAA738083E', 'Germicidial solution', NULL, 0, 0, 0, 0.00, 1, 2, 1, 3, '2023-03-14 16:48:40', NULL, NULL),
(52, 2, '1B06MIOQ', '97D6ECAA49EABED21121', 'HCV', NULL, 0, 0, 0, 0.00, 1, 0, 1, 3, '2023-03-14 16:48:40', NULL, NULL),
(53, 2, '25YR5YV2', 'DCD0C46242B2A5B5D6A8', 'Hpylori Ag', NULL, 0, 0, 0, 0.00, 1, 50, 1, 3, '2023-03-14 16:48:40', NULL, NULL),
(54, 2, 'GRS0CPEF', '5BA379544C28A788F2DD', 'HCG', NULL, 0, 0, 0, 0.00, 1, 200, 1, 3, '2023-03-14 16:48:40', NULL, NULL),
(55, 2, '1I8YKH2O', 'B75E1EB84B0DA66F2E8F', 'HBS', NULL, 0, 0, 0, 0.00, 1, 150, 1, 3, '2023-03-14 16:48:40', NULL, NULL),
(56, 2, '1MSTLZIJ', '1B06F230496CB0139C19', 'Lidocaine 0.02', NULL, 0, 0, 0, 0.00, 1, 8, 1, 3, '2023-03-14 16:48:40', NULL, NULL),
(57, 2, '3IZVSDQS', '7DEA64054D3D9E804BDA', 'Lyse', NULL, 0, 0, 0, 0.00, 1, 1, 1, 3, '2023-03-14 16:48:40', NULL, NULL),
(58, 2, '1G3QSQPD', '0CB50E974C6890E7DC96', 'Nasogastrique numero 5', 6, 0, 0, 0, 0.00, 1, 18, 1, 3, '2023-03-14 16:48:40', NULL, NULL),
(59, 2, '18W06ADT', '3E82EC6F431A92140D8E', 'Nasogastrique numero 6', 6, 0, 0, 0, 0.00, 1, 18, 1, 3, '2023-03-14 16:48:40', NULL, NULL),
(60, 2, '26W6U5A7', '0635A3AD4951A7344130', 'nylon 2-0', NULL, 0, 0, 0, 0.00, 1, 24, 1, 3, '2023-03-14 16:48:40', NULL, NULL),
(61, 2, '9R5KBPAB', 'C4C3B94E4B669A949BEE', 'plasters', NULL, 0, 0, 0, 0.00, 1, 900, 1, 3, '2023-03-14 16:48:40', NULL, NULL),
(62, 2, '1I2T2CN3', '3A80AD0045CA8F6CFEC4', 'pupete pasteur', NULL, 0, 0, 0, 0.00, 1, 500, 1, 3, '2023-03-14 16:48:40', NULL, NULL),
(63, 2, '25XBQKTP', '2DB8244B4DCAA0AF2385', 'Rapid test device', NULL, 0, 0, 0, 0.00, 1, 150, 1, 3, '2023-03-14 16:48:40', NULL, NULL),
(64, 2, '2Z29IUUI', '056C6E9C4CE5BED64CFF', 'Spradrap perfore', NULL, 0, 0, 0, 0.00, 1, 6, 1, 3, '2023-03-14 16:48:40', NULL, NULL),
(65, 2, 'AI4U6G7N', 'FD7DFD844B64865B4188', 'Slades', NULL, 0, 0, 0, 0.00, 1, 350, 1, 3, '2023-03-14 16:48:40', NULL, NULL),
(66, 2, '69RSEA2H', '1A1191C84C85AE3DE30F', 'Seringue 2ml', 4, 0, 0, 0, 0.00, 1, 70, 1, 3, '2023-03-14 16:48:40', NULL, NULL),
(67, 2, 'N6BXVC43', '4D8A7F734CE198ED3327', 'Seringue 5ml', 4, 0, 0, 0, 0.00, 1, 100, 1, 3, '2023-03-14 16:48:40', NULL, NULL),
(68, 2, '18D958R7', 'BBFABCC142ADB13D57AE', 'Seringue 10ml', 4, 0, 0, 0, 0.00, 1, 60, 1, 3, '2023-03-14 16:48:40', NULL, NULL),
(69, 2, '8KNHAOZ1', '219CF7B14D69A0128C3C', 'Sterile swab stick', NULL, 0, 0, 0, 0.00, 1, 2100, 1, 3, '2023-03-14 16:48:40', NULL, NULL),
(70, 2, '8IN42OD2', 'D18D1CDF4F4284C704C8', 'Sample cup 1ml', 4, 0, 0, 0, 0.00, 1, 250, 1, 3, '2023-03-14 16:48:40', NULL, NULL),
(71, 2, 'ADBFD85N', '262BF21B461E84179686', 'Tube rouge 4ml', 4, 0, 0, 0, 0.00, 1, 700, 1, 3, '2023-03-14 16:48:40', NULL, NULL),
(72, 2, '8KH35W44', 'A9B21A8A45DAB3B44637', 'Tube EDTA 4ml', 4, 0, 0, 0, 0.00, 1, 800, 1, 3, '2023-03-14 16:48:40', NULL, NULL),
(73, 2, 'F9S1E72D', '604053D542CAB0D63F56', 'Tube lithium heparine 4ml', 4, 0, 0, 0, 0.00, 1, 300, 1, 3, '2023-03-14 16:48:40', NULL, NULL),
(74, 2, '15IMZDHD', 'F53777354CDDB19B409E', 'Trousse de perfusion', NULL, 0, 0, 0, 0.00, 1, 125, 1, 3, '2023-03-14 16:48:40', NULL, NULL),
(75, 2, '13KMDZ40', '53BB76514A798BB88C04', 'TDR', NULL, 0, 0, 0, 0.00, 1, 90, 1, 3, '2023-03-14 16:48:40', NULL, NULL),
(76, 2, '288QTEGX', 'A69174C749DB93D88610', 'Aiguille vac', NULL, 9000, 0, 0, 0.00, 1, 1001, 1, 3, '2023-03-14 16:48:40', '2023-03-25 09:44:16', NULL),
(77, 2, '16BI0ZPP', '04B28AAE47EFB8C69F75', 'H pylori Ab', NULL, 0, 0, 0, 0.00, 1, 50, 1, 3, '2023-03-14 16:48:40', NULL, NULL),
(78, 2, 'KPW8DV9S', '832C433F422DA3BAE5E7', 'Plobe cleaner', NULL, 0, 0, 0, 0.00, 1, 1, 1, 3, '2023-03-14 16:48:40', NULL, NULL),
(79, 2, '2639EW36', '5A5A6236482B9ECEDB96', 'demineralised water 20l', 1, 0, 0, 0, 0.00, 1, 1, 1, 3, '2023-03-14 16:48:40', NULL, NULL),
(80, 2, '1CTKB9SK', '97184CA7445BB8951840', 'Orafil_G', NULL, 0, 0, 0, 0.00, 1, 1, 1, 3, '2023-03-14 16:48:40', NULL, NULL),
(81, 2, '1A6R6CVX', 'B1D8F5884E86B0D8BD3D', 'High strength', NULL, 0, 0, 0, 0.00, 1, 0, 1, 3, '2023-03-14 16:48:40', NULL, NULL),
(82, 2, '1636SQA3', 'B2DFFB314395883AD195', 'Lidocaine Topical', NULL, 0, 0, 0, 0.00, 1, 0, 1, 3, '2023-03-14 16:48:40', NULL, NULL),
(83, 2, '26A3UZM1', '72B197D64AA2AA2C9F07', 'Dental Film batch', NULL, 0, 0, 0, 0.00, 1, 0, 1, 3, '2023-03-14 16:48:40', NULL, NULL),
(84, 2, 'B50PZICN', 'A50C75F94C90BA8E6A5E', 'Dental needles g27', NULL, 0, 0, 0, 0.00, 1, 0, 1, 3, '2023-03-14 16:48:40', NULL, NULL),
(85, 2, 'MXWIN8V1', '69FB69EF4EE38547B2B1', 'safish bleach 750ml', 4, 0, 0, 0, 0.00, 1, 1, 1, 3, '2023-03-14 16:48:40', NULL, NULL),
(86, 2, 'EY0R0G0J', '8AF7A0EE4C45BB37F6CF', 'suction tip', NULL, 0, 0, 0, 0.00, 1, 0, 1, 3, '2023-03-14 16:48:40', NULL, NULL),
(87, 2, 'FK79J2HR', '368A7A24421D9A1E36A5', 'Dental needles g30', NULL, 0, 0, 0, 0.00, 1, 0, 1, 3, '2023-03-14 16:48:40', NULL, NULL),
(88, 2, '1IFWB1AR', '718D7B5B45DF9E18AADC', 'Disposable dental needles', NULL, 0, 0, 0, 0.00, 1, 0, 1, 3, '2023-03-14 16:48:40', NULL, NULL),
(89, 2, '1FKWFXJX', '6712125A4EBF836F31AC', 'Dycal', NULL, 0, 0, 0, 0.00, 1, 0, 1, 3, '2023-03-14 16:48:40', NULL, NULL),
(90, 2, '1MI89HHR', '63C958194DEDA685E4BC', 'Aniosyme', NULL, 0, 0, 0, 0.00, 1, 0, 1, 3, '2023-03-14 16:48:40', NULL, NULL),
(91, 2, '195JCBRC', '2FFE40EB43F795A8EB28', 'Syphilis rapid test', 9, 0, 0, 0, 0.00, 1, 1, 1, 6, '2023-03-14 16:48:40', '2023-03-15 10:15:53', NULL);

INSERT INTO `requisition_items` (`id`, `requisition_id`, `product_id`, `requested_qty`, `price`, `received_qty`, `created_at`, `updated_at`, `deleted_at`) VALUES
(48, 26, 3, 1000, 900, 0, '2023-03-14 21:37:42', '2023-03-14 21:37:42', NULL),
(49, 27, 3, 12, 200, 0, '2023-03-15 10:11:32', '2023-03-15 10:12:30', NULL),
(50, 28, 3, 1, 880, 0, '2023-03-24 08:25:57', '2023-03-24 08:55:36', NULL);

INSERT INTO `requisitions` (`id`, `reference`, `company_id`, `department_id`, `date_initiated`, `amount`, `status`, `created_by`, `created_at`, `updated_at`, `deleted_at`) VALUES
(26, 'H8SM3SWAD3SCWKWS8', 2, 17, '2023-03-14', 900000, 'CANCELLED', 6, '2023-03-14 21:37:42', '2023-03-14 21:45:47', NULL),
(27, '1PU0T33LACU88CG0WS', 2, 22, '2023-03-15', 3800, 'ACCEPTED', 6, '2023-03-15 10:11:32', '2023-03-15 10:12:30', NULL),
(28, '28FBGN5E7XOGWOO0C8', 2, 17, '2023-03-24', 88000, 'ACCEPTED', 3, '2023-03-24 08:25:57', '2023-03-24 08:55:36', NULL);

INSERT INTO `roles` (`id`, `name`, `permissions`, `company_id`, `status`, `description`) VALUES
(7, 'Admin', '{\"dashboard\":{\"accessible\":true},\"companies\":{\"accessible\":false},\"leads\":{\"accessible\":true,\"users\":[\"C\",\"R\",\"U\",\"D\"],\"suppliers\":[\"C\",\"R\",\"U\",\"D\"]},\"inventory\":{\"accessible\":true,\"categories\":[\"C\",\"R\",\"U\",\"D\"],\"products\":[\"C\",\"R\",\"U\",\"D\"],\"receive_items\":[\"C\",\"R\",\"U\",\"D\"],\"transfer_items\":[\"C\",\"R\",\"U\",\"D\"],\"requisitions\":[\"C\",\"R\",\"U\",\"D\"],\"adjustments\":[\"C\",\"R\",\"U\",\"D\"]},\"reports\":{\"accessible\":true,\"receiving_report\":[\"C\",\"R\",\"U\",\"D\"],\"transfers_report\":[\"C\",\"R\",\"U\",\"D\"],\"requisition_report\":[\"C\",\"R\",\"U\",\"D\"],\"stock_status_report\":[\"C\",\"R\",\"U\",\"D\"],\"adjustments_report\":[\"C\",\"R\",\"U\",\"D\"]},\"settings\":{\"accessible\":true,\"users_roles\":[\"C\",\"R\",\"U\",\"D\"],\"items_units\":[\"C\",\"R\",\"U\",\"D\"],\"insurances\":[\"C\",\"R\",\"U\",\"D\"],\"departments\":[\"C\",\"R\",\"U\",\"D\"]}}', NULL, 1, 'Admin authrization'),
(8, 'Requisition', '{\"dashboard\":{\"accessible\":false},\"companies\":{\"accessible\":false},\"leads\":{\"accessible\":false,\"users\":[],\"suppliers\":[]},\"inventory\":{\"accessible\":true,\"categories\":[],\"products\":[],\"receive_items\":[],\"transfer_items\":[],\"requisitions\":[\"C\",\"R\",\"U\",\"D\"],\"adjustments\":[\"C\",\"R\",\"U\",\"D\"]},\"reports\":{\"accessible\":true,\"receiving_report\":[],\"transfers_report\":[\"R\"],\"requisition_report\":[\"C\",\"R\",\"D\"],\"stock_status_report\":[\"C\",\"R\",\"U\",\"D\"],\"adjustments_report\":[\"C\",\"R\",\"U\",\"D\"]},\"settings\":{\"accessible\":false,\"users_roles\":[],\"items_units\":[],\"insurances\":[],\"departments\":[]}}', 2, 1, 'Role to make requisition only'),
(9, 'Pharmacist', '{\"dashboard\":{\"accessible\":true},\"companies\":{\"accessible\":false},\"leads\":{\"accessible\":true,\"users\":[],\"suppliers\":[\"C\",\"R\",\"U\",\"D\"]},\"inventory\":{\"accessible\":true,\"categories\":[\"C\",\"R\",\"U\",\"D\"],\"products\":[\"C\",\"R\",\"U\",\"D\"],\"receive_items\":[\"C\",\"R\",\"U\",\"D\"],\"transfer_items\":[\"C\",\"R\",\"U\",\"D\"],\"requisitions\":[\"C\",\"R\",\"U\",\"D\"],\"adjustments\":[\"C\",\"R\",\"U\",\"D\"]},\"reports\":{\"accessible\":true,\"receiving_report\":[\"C\",\"R\",\"U\",\"D\"],\"transfers_report\":[\"C\",\"R\",\"U\",\"D\"],\"requisition_report\":[\"C\",\"R\",\"U\",\"D\"],\"stock_status_report\":[\"C\",\"R\",\"U\",\"D\"],\"adjustments_report\":[\"C\",\"R\",\"U\",\"D\"]},\"settings\":{\"accessible\":true,\"users_roles\":[],\"items_units\":[\"C\",\"R\",\"U\",\"D\"],\"insurances\":[\"C\",\"R\",\"U\",\"D\"],\"departments\":[\"C\",\"R\",\"U\",\"D\"]}}', 2, 1, 'Pharmacy Manager');

INSERT INTO `stock` (`id`, `company_id`, `department_id`, `product_id`, `quantity`) VALUES
(68, 2, 23, 34, 10),
(69, 2, 23, 3, 636),
(70, 2, 23, 32, 30),
(71, 2, 23, 1, 2044),
(72, 2, 6, 3, 1),
(73, 2, 6, 1, 10),
(74, 2, 22, 3, 12),
(75, 2, 17, 3, 1);

INSERT INTO `stock_receives` (`id`, `reference`, `company_id`, `date_received`, `supplier_id`, `amount`, `vat`, `file_url`, `amount_paid`, `paid`, `created_by`, `created_at`, `updated_at`, `deleted_at`) VALUES
(1, '9949C2E74C20ADB3390D', 2, '2023-03-14', 1, 0, 'exclusive', NULL, NULL, 0, NULL, '2023-03-14 16:48:40', NULL, NULL),
(2, 'C150BF25408287684F56', 2, '2023-03-23', 2006, 2880, 'exclusive', '0000/3/2023/03/23/b230313214005g4bq.pdf', NULL, 0, 3, '2023-03-23 10:13:00', '2023-03-23 10:13:00', NULL),
(3, 'D433DAA14C6F8AFBE3B4', 2, '2023-03-24', 2006, 791120, 'exclusive', NULL, NULL, 0, 6, '2023-03-24 13:47:18', '2023-03-24 13:47:18', NULL),
(4, 'E28CA7FA4118B7A5DF22', 2, '2023-03-25', 2006, 9000000, 'exclusive', NULL, NULL, 0, 3, '2023-03-25 09:25:14', '2023-03-25 09:25:14', NULL),
(5, '3E3467954F10963413C2', 2, '2023-03-25', 2006, 9000, 'exclusive', NULL, NULL, 0, 3, '2023-03-25 09:44:16', '2023-03-25 09:44:16', NULL);

INSERT INTO `stock_transfer_items` (`id`, `transfer_id`, `product_id`, `quantity`, `price`, `created_at`, `updated_at`, `deleted_at`) VALUES
(40, 24, 34, 10, 8550, '2023-03-14 19:25:12', '2023-03-14 19:25:12', NULL),
(41, 24, 3, 6, 800, '2023-03-14 19:25:12', '2023-03-14 19:25:12', NULL),
(42, 25, 3, 4, 700, '2023-03-14 19:26:49', '2023-03-14 19:26:49', NULL),
(43, 28, 32, 10, 7000, '2023-03-14 20:37:14', '2023-03-14 20:37:14', NULL),
(44, 29, 32, 10, 7000, '2023-03-14 20:37:27', '2023-03-14 20:37:27', NULL),
(45, 30, 32, 10, 7000, '2023-03-14 20:37:47', '2023-03-14 20:37:47', NULL),
(46, 35, 3, 1, 1000, '2023-03-14 21:27:46', '2023-03-14 21:27:46', NULL),
(47, 35, 1, 10, 3400, '2023-03-14 21:27:46', '2023-03-14 21:27:46', NULL),
(48, 36, 3, 12, 200, '2023-03-15 10:12:30', '2023-03-15 10:12:30', NULL),
(49, 37, 3, 1, 880, '2023-03-24 08:55:36', '2023-03-24 08:55:36', NULL);

INSERT INTO `stock_transfers` (`id`, `company_id`, `department_id`, `reference`, `date_transfered`, `amount`, `taken_by`, `created_by`, `requisition_id`, `created_at`, `updated_at`, `deleted_at`) VALUES
(24, 2, 23, '15C5B5A94425A41A9968', '2023-03-14', 90300, 6, 6, NULL, '2023-03-14 19:25:12', '2023-03-14 19:25:12', NULL),
(25, 2, 23, 'F1C38B094679B77EA52A', '2023-03-14', 2800, 6, 6, NULL, '2023-03-14 19:26:49', '2023-03-14 19:26:49', NULL),
(26, 2, 23, '103858C14E178FFBE56D', '2023-03-14', 14070, 6, 6, NULL, '2023-03-14 19:28:02', '2023-03-14 20:42:15', '2023-03-14 20:42:15'),
(27, 2, 23, '0542E27E448D9AF5AD6E', '2023-03-14', 14070, 6, 6, NULL, '2023-03-14 19:28:15', '2023-03-14 20:42:11', '2023-03-14 20:42:11'),
(28, 2, 23, '6BBA8ECE40BC92F60A94', '2023-03-14', 460915, 6, 6, NULL, '2023-03-14 20:37:14', '2023-03-14 20:37:14', NULL),
(29, 2, 23, 'C09BD4CA41A9BA8D9B36', '2023-03-14', 460915, 6, 6, NULL, '2023-03-14 20:37:27', '2023-03-14 20:37:27', NULL),
(30, 2, 23, '61AC987642D4893894BC', '2023-03-14', 460915, 6, 6, NULL, '2023-03-14 20:37:47', '2023-03-14 20:37:47', NULL),
(31, 2, 23, '1AB835834AB7806032DA', '2023-03-14', 390915, 6, 6, NULL, '2023-03-14 20:38:57', '2023-03-14 20:42:05', '2023-03-14 20:42:05'),
(32, 2, 23, '8F0050484E03B1C777BA', '2023-03-14', 5785, 6, 6, NULL, '2023-03-14 20:43:32', '2023-03-14 20:43:32', NULL),
(33, 2, 23, '89D16701492E8960E011', '2023-03-14', 5785, 6, 6, NULL, '2023-03-14 20:47:36', '2023-03-14 20:47:36', NULL),
(34, 2, 23, '7F0742FF455AA78463AB', '2023-03-14', 5785, 6, 6, NULL, '2023-03-14 20:53:03', '2023-03-14 20:53:03', NULL),
(35, 2, 6, 'D2DC08174D02AB73C46D', '2023-03-14', 35000, 6, 6, NULL, '2023-03-14 21:27:46', '2023-03-14 21:27:46', NULL),
(36, 2, 22, 'A0FEC18E4336BBF34D06', '2023-03-15', 2400, 5, 6, 27, '2023-03-15 10:12:30', '2023-03-15 10:12:30', NULL),
(37, 2, 17, 'EC0B60554D4A8AFFFE75', '2023-03-24', 880, 5, 3, 28, '2023-03-24 08:55:36', '2023-03-24 08:55:36', NULL);

INSERT INTO `stockin_histories` (`id`, `stockin_id`, `product_id`, `quantity`, `price`, `expiration_date`, `barcode`, `created_at`, `deleted_at`, `updated_at`, `status`, `consumed_qty`) VALUES
(1, 1, 1, 50, 0, '2025-05-01', '2205720', '2023-03-14 16:48:40', NULL, NULL, NULL, NULL),
(2, 1, 2, 55, 0, '2024-01-03', 'LA210154', '2023-03-14 16:48:40', NULL, NULL, NULL, NULL),
(3, 1, 3, 30, 0, '2025-05-01', '1EB10233C', '2023-03-14 16:48:40', NULL, NULL, NULL, NULL),
(4, 1, 4, 50, 0, '2025-05-01', '2205722', '2023-03-14 16:48:40', NULL, NULL, NULL, NULL),
(5, 1, 5, 50, 0, '2025-07-01', '220704', '2023-03-14 16:48:40', NULL, NULL, NULL, NULL),
(6, 1, 6, 40, 0, '2025-11-01', 'TGL21003', '2023-03-14 16:48:40', NULL, NULL, NULL, NULL),
(7, 1, 7, 40, 0, '2025-07-01', '220706', '2023-03-14 16:48:40', NULL, NULL, NULL, NULL),
(8, 1, 8, 20, 0, '2024-09-01', 'UG211502', '2023-03-14 16:48:40', NULL, NULL, NULL, NULL),
(9, 1, 9, 2, 0, '2023-03-24', 'C23802', '2023-03-14 16:48:40', NULL, NULL, NULL, NULL),
(10, 1, 10, 80, 0, '2024-08-01', '2109100', '2023-03-14 16:48:40', NULL, NULL, NULL, NULL),
(11, 1, 11, 10, 0, '2024-11-01', '211110', '2023-03-14 16:48:40', NULL, NULL, NULL, NULL),
(12, 1, 12, 8, 0, '2025-07-01', '832G21', '2023-03-14 16:48:40', NULL, NULL, NULL, NULL),
(13, 1, 13, 20, 0, '2024-04-01', 'EP452210', '2023-03-14 16:48:40', NULL, NULL, NULL, NULL),
(14, 1, 14, 30, 0, '2025-11-01', 'J1533', '2023-03-14 16:48:40', NULL, NULL, NULL, NULL),
(15, 1, 15, 90, 0, '2025-08-01', '220905', '2023-03-14 16:48:40', NULL, NULL, NULL, NULL),
(16, 1, 16, 70, 0, '2023-10-01', '201005', '2023-03-14 16:48:40', NULL, NULL, NULL, NULL),
(17, 1, 17, 40, 0, '2025-07-01', 'DH20281', '2023-03-14 16:48:40', NULL, NULL, NULL, NULL),
(18, 1, 18, 35, 0, '2025-07-01', '03H03622', '2023-03-14 16:48:40', NULL, NULL, NULL, NULL),
(19, 1, 19, 70, 0, '2023-10-01', '201101', '2023-03-14 16:48:40', NULL, NULL, NULL, NULL),
(20, 1, 20, 140, 0, '2026-01-01', 'KTOBAK1', '2023-03-14 16:48:40', NULL, NULL, NULL, NULL),
(21, 1, 21, 80, 0, '2023-12-01', '210117', '2023-03-14 16:48:40', NULL, NULL, NULL, NULL),
(22, 1, 22, 1, 0, '2025-10-01', 'KT091B0', '2023-03-14 16:48:40', NULL, NULL, NULL, NULL),
(23, 1, 23, 22, 0, '2024-09-01', 'UG 201501', '2023-03-14 16:48:40', NULL, NULL, NULL, NULL),
(24, 1, 24, 90, 0, '2024-10-01', 'AK11702', '2023-03-14 16:48:40', NULL, NULL, NULL, NULL),
(25, 1, 25, 90, 0, '2024-09-01', 'DJ20353', '2023-03-14 16:48:40', NULL, NULL, NULL, NULL),
(26, 1, 26, 90, 0, '2024-06-01', '210614', '2023-03-14 16:48:40', NULL, NULL, NULL, NULL),
(27, 1, 27, 20, 0, '2024-10-01', '211015', '2023-03-14 16:48:40', NULL, NULL, NULL, NULL),
(28, 1, 28, 0, 0, '2025-08-01', '2208021903', '2023-03-14 16:48:40', NULL, NULL, NULL, NULL),
(29, 1, 29, 200, 0, '2025-04-01', 'L820443S', '2023-03-14 16:48:40', NULL, NULL, NULL, NULL),
(30, 1, 30, 30, 0, '2025-07-01', 'FTE0031', '2023-03-14 16:48:40', NULL, NULL, NULL, NULL),
(31, 1, 31, 15, 0, '2024-09-01', 'CRJKK01', '2023-03-14 16:48:40', NULL, NULL, NULL, NULL),
(32, 1, 32, 700, 0, '2024-04-01', '220506', '2023-03-14 16:48:40', NULL, NULL, NULL, NULL),
(33, 1, 33, 1100, 0, '2024-04-01', '190407', '2023-03-14 16:48:40', NULL, NULL, NULL, NULL),
(34, 1, 34, 400, 0, '2025-06-01', '200629', '2023-03-14 16:48:40', NULL, NULL, NULL, NULL),
(35, 1, 35, 100, 0, '2026-08-01', '210821', '2023-03-14 16:48:40', NULL, NULL, NULL, NULL),
(36, 1, 36, 150, 0, '2023-10-12', '100103', '2023-03-14 16:48:40', NULL, NULL, NULL, NULL),
(37, 1, 37, 2000, 0, '2025-03-01', '200420', '2023-03-14 16:48:40', NULL, NULL, NULL, NULL),
(38, 1, 38, 60, 0, '2024-03-01', '20190330', '2023-03-14 16:48:40', NULL, NULL, NULL, NULL),
(39, 1, 39, 2, 0, '2026-05-01', '8281', '2023-03-14 16:48:40', NULL, NULL, NULL, NULL),
(40, 1, 40, 2, 0, '2023-10-01', '20211019', '2023-03-14 16:48:40', NULL, NULL, NULL, NULL),
(41, 1, 41, 2, 0, '2024-10-04', NULL, '2023-03-14 16:48:40', NULL, NULL, NULL, NULL),
(42, 1, 42, 7, 0, '2025-04-01', NULL, '2023-03-14 16:48:40', NULL, NULL, NULL, NULL),
(43, 1, 43, 480, 0, '2025-06-01', 'FG20162', '2023-03-14 16:48:40', NULL, NULL, NULL, NULL),
(44, 1, 44, 1, 0, '2026-05-01', '210522', '2023-03-14 16:48:40', NULL, NULL, NULL, NULL),
(45, 1, 45, 50, 0, '2026-11-10', '20211110', '2023-03-14 16:48:40', NULL, NULL, NULL, NULL),
(46, 1, 46, 200, 0, '2024-01-01', '18897', '2023-03-14 16:48:40', NULL, NULL, NULL, NULL),
(47, 1, 47, 100, 0, '2026-05-01', '2106030', '2023-03-14 16:48:40', NULL, NULL, NULL, NULL),
(48, 1, 48, 400, 0, '2027-02-01', '3073822C', '2023-03-14 16:48:40', NULL, NULL, NULL, NULL),
(49, 1, 49, 3700, 0, '2027-10-15', '212015708LPZA', '2023-03-14 16:48:40', NULL, NULL, NULL, NULL),
(50, 1, 50, 2, 0, '2024-05-01', '220601', '2023-03-14 16:48:40', NULL, NULL, NULL, NULL),
(51, 1, 51, 2, 0, '2024-02-01', 'VM21002', '2023-03-14 16:48:40', NULL, NULL, NULL, NULL),
(52, 1, 52, 0, 0, NULL, 'F0616T39C00D', '2023-03-14 16:48:40', NULL, NULL, NULL, NULL),
(53, 1, 53, 50, 0, '2024-12-01', 'HPAG23010102', '2023-03-14 16:48:40', NULL, NULL, NULL, NULL),
(54, 1, 54, 200, 0, '2024-06-01', 'F2207024', '2023-03-14 16:48:40', NULL, NULL, NULL, NULL),
(55, 1, 55, 150, 0, '2024-10-01', '12211034', '2023-03-14 16:48:40', NULL, NULL, NULL, NULL),
(56, 1, 56, 8, 0, '2025-04-01', 'CM2018', '2023-03-14 16:48:40', NULL, NULL, NULL, NULL),
(57, 1, 57, 1, 0, '2026-11-01', '2014651122', '2023-03-14 16:48:40', NULL, NULL, NULL, NULL),
(58, 1, 58, 18, 0, '2026-08-01', '20210820', '2023-03-14 16:48:40', NULL, NULL, NULL, NULL),
(59, 1, 59, 18, 0, '2026-08-01', '20210820', '2023-03-14 16:48:40', NULL, NULL, NULL, NULL),
(60, 1, 60, 24, 0, '2025-04-01', '200415', '2023-03-14 16:48:40', NULL, NULL, NULL, NULL),
(61, 1, 61, 900, 0, '2027-06-01', '220630', '2023-03-14 16:48:40', NULL, NULL, NULL, NULL),
(62, 1, 62, 500, 0, '2027-08-29', '20220830', '2023-03-14 16:48:40', NULL, NULL, NULL, NULL),
(63, 1, 63, 150, 0, '2024-03-01', '41ADDH428', '2023-03-14 16:48:40', NULL, NULL, NULL, NULL),
(64, 1, 64, 6, 0, '2026-08-25', '20210825', '2023-03-14 16:48:40', NULL, NULL, NULL, NULL),
(65, 1, 65, 350, 0, NULL, '7105', '2023-03-14 16:48:40', NULL, NULL, NULL, NULL),
(66, 1, 66, 70, 0, '2027-07-01', '220705', '2023-03-14 16:48:40', NULL, NULL, NULL, NULL),
(67, 1, 67, 100, 0, '2027-07-01', '220705', '2023-03-14 16:48:40', NULL, NULL, NULL, NULL),
(68, 1, 68, 60, 0, '2027-07-01', '220705', '2023-03-14 16:48:40', NULL, NULL, NULL, NULL),
(69, 1, 69, 2100, 0, '2026-05-09', '20210510', '2023-03-14 16:48:40', NULL, NULL, NULL, NULL),
(70, 1, 70, 250, 0, '2027-04-30', '22107175', '2023-03-14 16:48:40', NULL, NULL, NULL, NULL),
(71, 1, 71, 700, 0, '2025-04-02', '20220403', '2023-03-14 16:48:40', NULL, NULL, NULL, NULL),
(72, 1, 72, 800, 0, '2025-04-02', '20220403', '2023-03-14 16:48:40', NULL, NULL, NULL, NULL),
(73, 1, 73, 300, 0, '2024-07-01', '12620006', '2023-03-14 16:48:40', NULL, NULL, NULL, NULL),
(74, 1, 74, 125, 0, '2024-07-01', '344', '2023-03-14 16:48:40', NULL, NULL, NULL, NULL),
(75, 1, 75, 90, 0, '2025-11-01', '05EDG0723', '2023-03-14 16:48:40', NULL, NULL, NULL, NULL),
(76, 1, 76, 0, 0, '2026-11-11', '20211111', '2023-03-14 16:48:40', NULL, NULL, NULL, NULL),
(77, 1, 77, 50, 0, '2024-05-01', '2205072', '2023-03-14 16:48:40', NULL, NULL, NULL, NULL),
(78, 1, 78, 1, 0, '2024-10-30', '21090955-2', '2023-03-14 16:48:40', NULL, NULL, NULL, NULL),
(79, 1, 79, 1, 0, '2024-02-15', '1312023', '2023-03-14 16:48:40', NULL, NULL, NULL, NULL),
(80, 1, 80, 1, 0, '2023-10-01', '1312023', '2023-03-14 16:48:40', NULL, NULL, NULL, NULL),
(81, 1, 81, 0, 0, '2025-06-23', '2206241', '2023-03-14 16:48:40', NULL, NULL, NULL, NULL),
(82, 1, 82, 0, 0, '2025-03-01', 'BM 22002', '2023-03-14 16:48:40', NULL, NULL, NULL, NULL),
(83, 1, 83, 0, 0, '2024-01-01', '2227', '2023-03-14 16:48:40', NULL, NULL, NULL, NULL),
(84, 1, 84, 0, 0, '2026-12-13', '2H211214', '2023-03-14 16:48:40', NULL, NULL, NULL, NULL),
(85, 1, 85, 1, 0, '2023-06-24', '3.24E+18', '2023-03-14 16:48:40', NULL, NULL, NULL, NULL),
(86, 1, 86, 0, 0, NULL, NULL, '2023-03-14 16:48:40', NULL, NULL, NULL, NULL),
(87, 1, 87, 0, 0, '2026-12-15', '8H2112116', '2023-03-14 16:48:40', NULL, NULL, NULL, NULL),
(88, 1, 88, 0, 0, '2026-12-13', '2H211214', '2023-03-14 16:48:40', NULL, NULL, NULL, NULL),
(89, 1, 89, 0, 0, '2025-02-08', '97349', '2023-03-14 16:48:40', NULL, NULL, NULL, NULL),
(90, 1, 90, 0, 0, '2024-05-01', 'E129065', '2023-03-14 16:48:40', NULL, NULL, NULL, NULL),
(91, 1, 91, 1, 0, '2024-11-01', '2212159', '2023-03-14 16:48:40', NULL, NULL, NULL, NULL),
(92, 2, 34, 1, 2000, NULL, NULL, '2023-03-23 10:13:00', NULL, '2023-03-23 10:13:00', NULL, NULL),
(93, 2, 3, 1, 880, NULL, NULL, '2023-03-23 10:13:00', NULL, '2023-03-23 10:13:00', NULL, NULL),
(94, 3, 3, 899, 880, '2024-03-23', NULL, '2023-03-24 13:47:18', NULL, '2023-03-24 13:47:18', NULL, 0),
(95, 4, 76, 1000, 9000, NULL, NULL, '2023-03-25 09:25:14', NULL, '2023-03-25 09:25:14', 'IN_STOCK', 0),
(96, 5, 76, 1, 9000, NULL, NULL, '2023-03-25 09:44:16', NULL, '2023-03-25 09:44:16', 'IN_STOCK', 0);

INSERT INTO `suppliers` (`id`, `company_id`, `name`, `phone`, `email`, `tin_number`, `address`, `created_by`, `created_at`, `updated_at`, `deleted_at`) VALUES
(1, 1, 'VINE PHARMACY', '0781418920', 'vinepharmacy@gmail.com', 1496648780, 'Kigali-GASABO-REMERA', 1, '2023-01-21 19:49:07', '2023-01-21 19:49:07', NULL),
(4, 5, 'Wal-Mart Stores', '2053104898', 'clinicplus0@gmail.com', 1496648880, 'Kigali, Kicukiro', 3, '2023-01-21 19:49:07', '2023-01-21 19:49:07', NULL),
(5, 5, 'Exxon Mobil', '4266048358', 'clinicplus1@gmail.com', 9970419283, 'Kigali, Kicukiro', 3, '2023-01-21 19:49:07', '2023-01-21 19:49:07', NULL),
(6, 5, 'Chevron', '6805142778', 'clinicplus2@gmail.com', 2589139345, 'Kigali, Kicukiro', 3, '2023-01-21 19:49:07', '2023-01-21 19:49:07', NULL),
(7, 5, 'Berkshire Hathaway', '7374562722', 'clinicplus3@gmail.com', 9281931465, 'Kigali, Kicukiro', 3, '2023-01-21 19:49:07', '2023-01-21 19:49:07', NULL),
(8, 5, 'Apple', '6993898421', 'clinicplus4@gmail.com', 8555645753, 'Kigali, Kicukiro', 3, '2023-01-21 19:49:07', '2023-01-21 19:49:07', NULL),
(9, 5, 'Phillips 66', '4709674580', 'clinicplus5@gmail.com', 2441420101, 'Kigali, Kicukiro', 3, '2023-01-21 19:49:07', '2023-01-21 19:49:07', NULL),
(10, 5, 'General Motors', '5783030266', 'clinicplus6@gmail.com', 4344506324, 'Kigali, Kicukiro', 3, '2023-01-21 19:49:07', '2023-01-21 19:49:07', NULL),
(11, 5, 'Ford Motor', '5000408215', 'clinicplus7@gmail.com', 2502789506, 'Kigali, Kicukiro', 3, '2023-01-21 19:49:07', '2023-01-21 19:49:07', NULL),
(12, 5, 'General Electric', '4717220732', 'clinicplus8@gmail.com', 3535135927, 'Kigali, Kicukiro', 3, '2023-01-21 19:49:07', '2023-01-21 19:49:07', NULL),
(13, 5, 'Valero Energy', '1713109212', 'clinicplus9@gmail.com', 9379935255, 'Kigali, Kicukiro', 3, '2023-01-21 19:49:07', '2023-01-21 19:49:07', NULL),
(14, 5, 'AT&T', '2667442573', 'clinicplus10@gmail.com', 7944213244, 'Kigali, Kicukiro', 3, '2023-01-21 19:49:07', '2023-01-21 19:49:07', NULL),
(15, 5, 'CVS Caremark', '1558323712', 'clinicplus11@gmail.com', 4569421356, 'Kigali, Kicukiro', 3, '2023-01-21 19:49:07', '2023-01-21 19:49:07', NULL),
(16, 5, 'Fannie Mae', '9715019849', 'clinicplus12@gmail.com', 4823692795, 'Kigali, Kicukiro', 3, '2023-01-21 19:49:07', '2023-01-21 19:49:07', NULL),
(17, 5, 'UnitedHealth Group', '7593746314', 'clinicplus13@gmail.com', 3175649519, 'Kigali, Kicukiro', 3, '2023-01-21 19:49:07', '2023-01-21 19:49:07', NULL),
(18, 5, 'McKesson', '6058422848', 'clinicplus14@gmail.com', 1249628429, 'Kigali, Kicukiro', 3, '2023-01-21 19:49:07', '2023-01-21 19:49:07', NULL),
(19, 5, 'Verizon Communications', '5713138680', 'clinicplus15@gmail.com', 2143114443, 'Kigali, Kicukiro', 3, '2023-01-21 19:49:07', '2023-01-21 19:49:07', NULL),
(20, 5, 'Hewlett-Packard', '9594582162', 'clinicplus16@gmail.com', 6431572702, 'Kigali, Kicukiro', 3, '2023-01-21 19:49:07', '2023-01-21 19:49:07', NULL),
(21, 5, 'J.P. Morgan Chase & Co.', '6622385180', 'clinicplus17@gmail.com', 3908054471, 'Kigali, Kicukiro', 3, '2023-01-21 19:49:07', '2023-01-21 19:49:07', NULL),
(22, 5, 'Costco Wholesale', '7538894308', 'clinicplus18@gmail.com', 5060168583, 'Kigali, Kicukiro', 3, '2023-01-21 19:49:07', '2023-01-21 19:49:07', NULL),
(23, 5, 'Express Scripts Holding', '1657677928', 'clinicplus19@gmail.com', 4796669244, 'Kigali, Kicukiro', 3, '2023-01-21 19:49:07', '2023-01-21 19:49:07', NULL),
(24, 5, 'Bank of America', '6216988485', 'clinicplus20@gmail.com', 3768773853, 'Kigali, Kicukiro', 3, '2023-01-21 19:49:07', '2023-01-21 19:49:07', NULL),
(25, 5, 'Cardinal Health', '5717063012', 'clinicplus21@gmail.com', 3525008857, 'Kigali, Kicukiro', 3, '2023-01-21 19:49:07', '2023-01-21 19:49:07', NULL),
(26, 5, 'International Business Machines', '2129164622', 'clinicplus22@gmail.com', 8117118876, 'Kigali, Kicukiro', 3, '2023-01-21 19:49:07', '2023-01-21 19:49:07', NULL),
(27, 5, 'Kroger', '5051285694', 'clinicplus23@gmail.com', 7517110163, 'Kigali, Kicukiro', 3, '2023-01-21 19:49:07', '2023-01-21 19:49:07', NULL),
(28, 5, 'Marathon Petroleum', '4412600556', 'clinicplus24@gmail.com', 3794954208, 'Kigali, Kicukiro', 3, '2023-01-21 19:49:07', '2023-01-21 19:49:07', NULL),
(29, 5, 'Citigroup', '2872171348', 'clinicplus25@gmail.com', 6804868674, 'Kigali, Kicukiro', 3, '2023-01-21 19:49:07', '2023-01-21 19:49:07', NULL),
(30, 5, 'Archer Daniels Midland', '5130122055', 'clinicplus26@gmail.com', 8284984639, 'Kigali, Kicukiro', 3, '2023-01-21 19:49:07', '2023-01-21 19:49:07', NULL),
(31, 5, 'AmerisourceBergen', '5293111324', 'clinicplus27@gmail.com', 7363858184, 'Kigali, Kicukiro', 3, '2023-01-21 19:49:07', '2023-01-21 19:49:07', NULL),
(32, 5, 'Wells Fargo', '3398048575', 'clinicplus28@gmail.com', 5659087338, 'Kigali, Kicukiro', 3, '2023-01-21 19:49:07', '2023-01-21 19:49:07', NULL),
(33, 5, 'Boeing', '6821281964', 'clinicplus29@gmail.com', 6687633931, 'Kigali, Kicukiro', 3, '2023-01-21 19:49:07', '2023-01-21 19:49:07', NULL),
(34, 5, 'Procter & Gamble', '5844934640', 'clinicplus30@gmail.com', 2776656447, 'Kigali, Kicukiro', 3, '2023-01-21 19:49:07', '2023-01-21 19:49:07', NULL),
(35, 5, 'Freddie Mac', '2414225725', 'clinicplus31@gmail.com', 5022151608, 'Kigali, Kicukiro', 3, '2023-01-21 19:49:07', '2023-01-21 19:49:07', NULL),
(36, 5, 'Home Depot', '5770167984', 'clinicplus32@gmail.com', 9652596220, 'Kigali, Kicukiro', 3, '2023-01-21 19:49:07', '2023-01-21 19:49:07', NULL),
(37, 5, 'Microsoft', '2566388641', 'clinicplus33@gmail.com', 9538799485, 'Kigali, Kicukiro', 3, '2023-01-21 19:49:07', '2023-01-21 19:49:07', NULL),
(38, 5, 'Amazon.com', '2861051458', 'clinicplus34@gmail.com', 3954495802, 'Kigali, Kicukiro', 3, '2023-01-21 19:49:07', '2023-01-21 19:49:07', NULL),
(39, 5, 'Target', '7053058657', 'clinicplus35@gmail.com', 8050178227, 'Kigali, Kicukiro', 3, '2023-01-21 19:49:07', '2023-01-21 19:49:07', NULL),
(40, 5, 'Walgreen Co.', '5580581155', 'clinicplus36@gmail.com', 6635594953, 'Kigali, Kicukiro', 3, '2023-01-21 19:49:07', '2023-01-21 19:49:07', NULL),
(41, 5, 'WellPoint', '3848710794', 'clinicplus37@gmail.com', 9584819229, 'Kigali, Kicukiro', 3, '2023-01-21 19:49:07', '2023-01-21 19:49:07', NULL),
(42, 5, 'Johnson & Johnson', '5075667843', 'clinicplus38@gmail.com', 9644676494, 'Kigali, Kicukiro', 3, '2023-01-21 19:49:07', '2023-01-21 19:49:07', NULL),
(43, 5, 'American International Group', '5346955586', 'clinicplus39@gmail.com', 6040680130, 'Kigali, Kicukiro', 3, '2023-01-21 19:49:07', '2023-01-21 19:49:07', NULL),
(44, 5, 'State Farm Insurance Cos.', '4096140719', 'clinicplus40@gmail.com', 4114154171, 'Kigali, Kicukiro', 3, '2023-01-21 19:49:07', '2023-01-21 19:49:07', NULL),
(45, 5, 'MetLife', '4550634299', 'clinicplus41@gmail.com', 3362648095, 'Kigali, Kicukiro', 3, '2023-01-21 19:49:07', '2023-01-21 19:49:07', NULL),
(46, 5, 'PepsiCo', '7660014028', 'clinicplus42@gmail.com', 9812963479, 'Kigali, Kicukiro', 3, '2023-01-21 19:49:07', '2023-01-21 19:49:07', NULL),
(47, 5, 'Comcast', '1128132776', 'clinicplus43@gmail.com', 7053845063, 'Kigali, Kicukiro', 3, '2023-01-21 19:49:07', '2023-01-21 19:49:07', NULL),
(48, 5, 'United Technologies', '3823789578', 'clinicplus44@gmail.com', 9364645773, 'Kigali, Kicukiro', 3, '2023-01-21 19:49:07', '2023-01-21 19:49:07', NULL),
(49, 5, 'Google', '2691239242', 'clinicplus45@gmail.com', 5052362735, 'Kigali, Kicukiro', 3, '2023-01-21 19:49:07', '2023-01-21 19:49:07', NULL),
(50, 5, 'ConocoPhillips', '2912422764', 'clinicplus46@gmail.com', 1995157628, 'Kigali, Kicukiro', 3, '2023-01-21 19:49:07', '2023-01-21 19:49:07', NULL),
(51, 5, 'Dow Chemical', '9813708459', 'clinicplus47@gmail.com', 3967583442, 'Kigali, Kicukiro', 3, '2023-01-21 19:49:07', '2023-01-21 19:49:07', NULL),
(52, 5, 'Caterpillar', '5723641558', 'clinicplus48@gmail.com', 2734198839, 'Kigali, Kicukiro', 3, '2023-01-21 19:49:07', '2023-01-21 19:49:07', NULL),
(53, 5, 'United Parcel Service', '3425842814', 'clinicplus49@gmail.com', 3361612192, 'Kigali, Kicukiro', 3, '2023-01-21 19:49:07', '2023-01-21 19:49:07', NULL),
(54, 5, 'Pfizer', '3533148213', 'clinicplus50@gmail.com', 7931718268, 'Kigali, Kicukiro', 3, '2023-01-21 19:49:07', '2023-01-21 19:49:07', NULL),
(55, 5, 'Lowes Companies', '4378637519', 'clinicplus51@gmail.com', 9936476482, 'Kigali, Kicukiro', 3, '2023-01-21 19:49:07', '2023-01-21 19:49:07', NULL),
(56, 5, 'Intel Corporation', '1311541266', 'clinicplus52@gmail.com', 4970060039, 'Kigali, Kicukiro', 3, '2023-01-21 19:49:07', '2023-01-21 19:49:07', NULL),
(57, 5, 'Energy Transfer Equity, L.P.', '2189579121', 'clinicplus53@gmail.com', 4834392884, 'Kigali, Kicukiro', 3, '2023-01-21 19:49:07', '2023-01-21 19:49:07', NULL),
(58, 5, 'Cisco Systems, Inc.', '6393614496', 'clinicplus54@gmail.com', 2882818699, 'Kigali, Kicukiro', 3, '2023-01-21 19:49:07', '2023-01-21 19:49:07', NULL),
(59, 5, 'Enterprise Products Partners L.P.', '8588722651', 'clinicplus55@gmail.com', 7435833371, 'Kigali, Kicukiro', 3, '2023-01-21 19:49:07', '2023-01-21 19:49:07', NULL),
(60, 5, 'Aetna Inc.', '4637574729', 'clinicplus56@gmail.com', 4662349313, 'Kigali, Kicukiro', 3, '2023-01-21 19:49:07', '2023-01-21 19:49:07', NULL),
(61, 5, 'The Coca-Cola Company', '8799325067', 'clinicplus57@gmail.com', 6024131377, 'Kigali, Kicukiro', 3, '2023-01-21 19:49:07', '2023-01-21 19:49:07', NULL),
(62, 5, 'Lockheed Martin Corporation', '8595864607', 'clinicplus58@gmail.com', 9966717223, 'Kigali, Kicukiro', 3, '2023-01-21 19:49:07', '2023-01-21 19:49:07', NULL),
(63, 5, 'Best Buy Co., Inc.', '3740286379', 'clinicplus59@gmail.com', 2824729273, 'Kigali, Kicukiro', 3, '2023-01-21 19:49:07', '2023-01-21 19:49:07', NULL),
(64, 5, 'The Walt Disney Company', '2742239530', 'clinicplus60@gmail.com', 5210499831, 'Kigali, Kicukiro', 3, '2023-01-21 19:49:07', '2023-01-21 19:49:07', NULL),
(65, 5, 'CHS Inc.', '9798135993', 'clinicplus61@gmail.com', 8400129516, 'Kigali, Kicukiro', 3, '2023-01-21 19:49:07', '2023-01-21 19:49:07', NULL),
(66, 5, 'Sysco Corporation', '9492919946', 'clinicplus62@gmail.com', 6045256474, 'Kigali, Kicukiro', 3, '2023-01-21 19:49:07', '2023-01-21 19:49:07', NULL),
(67, 5, 'FedEx Corporation', '9052141216', 'clinicplus63@gmail.com', 9022809424, 'Kigali, Kicukiro', 3, '2023-01-21 19:49:07', '2023-01-21 19:49:07', NULL),
(68, 5, 'Merck & Co., Inc.', '2476470193', 'clinicplus64@gmail.com', 2848162400, 'Kigali, Kicukiro', 3, '2023-01-21 19:49:07', '2023-01-21 19:49:07', NULL),
(69, 5, 'INTL FCStone Inc.', '9135667907', 'clinicplus65@gmail.com', 1081879635, 'Kigali, Kicukiro', 3, '2023-01-21 19:49:07', '2023-01-21 19:49:07', NULL),
(70, 5, 'Safeway Inc.', '7609779441', 'clinicplus66@gmail.com', 6457243267, 'Kigali, Kicukiro', 3, '2023-01-21 19:49:07', '2023-01-21 19:49:07', NULL),
(71, 5, 'Johnson Controls, Inc.', '3713193774', 'clinicplus67@gmail.com', 1709843842, 'Kigali, Kicukiro', 3, '2023-01-21 19:49:07', '2023-01-21 19:49:07', NULL),
(72, 5, 'Ingram Micro Inc.', '8161898171', 'clinicplus68@gmail.com', 5806613295, 'Kigali, Kicukiro', 3, '2023-01-21 19:49:07', '2023-01-21 19:49:07', NULL),
(73, 5, 'Plains GP Holdings, L.P.', '2343310227', 'clinicplus69@gmail.com', 9550489743, 'Kigali, Kicukiro', 3, '2023-01-21 19:49:07', '2023-01-21 19:49:07', NULL),
(74, 5, 'World Fuel Services Corporation', '5508977119', 'clinicplus70@gmail.com', 2568643795, 'Kigali, Kicukiro', 3, '2023-01-21 19:49:07', '2023-01-21 19:49:07', NULL),
(75, 5, 'Prudential Financial, Inc.', '3373651439', 'clinicplus71@gmail.com', 1594582856, 'Kigali, Kicukiro', 3, '2023-01-21 19:49:07', '2023-01-21 19:49:07', NULL),
(76, 5, 'Humana Inc.', '8947713124', 'clinicplus72@gmail.com', 8737792854, 'Kigali, Kicukiro', 3, '2023-01-21 19:49:07', '2023-01-21 19:49:07', NULL),
(77, 5, 'The Goldman Sachs Group, Inc.', '9109098981', 'clinicplus73@gmail.com', 9724760701, 'Kigali, Kicukiro', 3, '2023-01-21 19:49:07', '2023-01-21 19:49:07', NULL),
(78, 5, 'Tesoro Corporation', '5942542720', 'clinicplus74@gmail.com', 6064567824, 'Kigali, Kicukiro', 3, '2023-01-21 19:49:07', '2023-01-21 19:49:07', NULL),
(79, 5, 'Liberty Mutual Holding Company Inc.', '1696668026', 'clinicplus75@gmail.com', 1482367381, 'Kigali, Kicukiro', 3, '2023-01-21 19:49:07', '2023-01-21 19:49:07', NULL),
(80, 5, 'Honeywell International Inc.', '3684440957', 'clinicplus76@gmail.com', 2990819674, 'Kigali, Kicukiro', 3, '2023-01-21 19:49:07', '2023-01-21 19:49:07', NULL),
(81, 5, 'United Continental Holdings, Inc.', '5151166835', 'clinicplus77@gmail.com', 3032822896, 'Kigali, Kicukiro', 3, '2023-01-21 19:49:07', '2023-01-21 19:49:07', NULL),
(82, 5, 'HCA Holdings, Inc.', '5824386620', 'clinicplus78@gmail.com', 5557918813, 'Kigali, Kicukiro', 3, '2023-01-21 19:49:07', '2023-01-21 19:49:07', NULL),
(83, 5, 'Deere & Company', '5389267186', 'clinicplus79@gmail.com', 7297468990, 'Kigali, Kicukiro', 3, '2023-01-21 19:49:07', '2023-01-21 19:49:07', NULL),
(84, 5, 'Delta Air Lines, Inc.', '8435926562', 'clinicplus80@gmail.com', 5783391614, 'Kigali, Kicukiro', 3, '2023-01-21 19:49:07', '2023-01-21 19:49:07', NULL),
(85, 5, 'Oracle Corporation', '8390592076', 'clinicplus81@gmail.com', 6398692505, 'Kigali, Kicukiro', 3, '2023-01-21 19:49:07', '2023-01-21 19:49:07', NULL),
(86, 5, 'Morgan Stanley', '9272731631', 'clinicplus82@gmail.com', 8497306047, 'Kigali, Kicukiro', 3, '2023-01-21 19:49:07', '2023-01-21 19:49:07', NULL),
(87, 5, 'Hess Corporation', '7292867189', 'clinicplus83@gmail.com', 8645567795, 'Kigali, Kicukiro', 3, '2023-01-21 19:49:07', '2023-01-21 19:49:07', NULL),
(88, 5, 'Twenty-First Century Fox, Inc.', '4610468132', 'clinicplus84@gmail.com', 4360663515, 'Kigali, Kicukiro', 3, '2023-01-21 19:49:07', '2023-01-21 19:49:07', NULL),
(89, 5, 'E.I. du Pont de Nemours and Company', '1296024131', 'clinicplus85@gmail.com', 4405488281, 'Kigali, Kicukiro', 3, '2023-01-21 19:49:07', '2023-01-21 19:49:07', NULL),
(90, 5, 'Sears Holdings Corporation', '3826119364', 'clinicplus86@gmail.com', 3100277138, 'Kigali, Kicukiro', 3, '2023-01-21 19:49:07', '2023-01-21 19:49:07', NULL),
(91, 5, 'New York Life Insurance Company', '2170833424', 'clinicplus87@gmail.com', 9289818505, 'Kigali, Kicukiro', 3, '2023-01-21 19:49:07', '2023-01-21 19:49:07', NULL),
(92, 5, 'Mondelez International, Inc.', '5321737353', 'clinicplus88@gmail.com', 3099822166, 'Kigali, Kicukiro', 3, '2023-01-21 19:49:07', '2023-01-21 19:49:07', NULL),
(93, 5, 'American Express Company', '8364255376', 'clinicplus89@gmail.com', 9051563332, 'Kigali, Kicukiro', 3, '2023-01-21 19:49:07', '2023-01-21 19:49:07', NULL),
(94, 5, 'Nationwide Mutual Insurance Co.', '7913278161', 'clinicplus90@gmail.com', 6967725855, 'Kigali, Kicukiro', 3, '2023-01-21 19:49:07', '2023-01-21 19:49:07', NULL),
(95, 5, 'The Allstate Corporation', '5376648383', 'clinicplus91@gmail.com', 6859449173, 'Kigali, Kicukiro', 3, '2023-01-21 19:49:07', '2023-01-21 19:49:07', NULL),
(96, 5, 'Tyson Foods, Inc.', '3948602534', 'clinicplus92@gmail.com', 9529027307, 'Kigali, Kicukiro', 3, '2023-01-21 19:49:07', '2023-01-21 19:49:07', NULL),
(97, 5, 'Supervalu Inc.', '2169099682', 'clinicplus93@gmail.com', 1052754253, 'Kigali, Kicukiro', 3, '2023-01-21 19:49:07', '2023-01-21 19:49:07', NULL),
(98, 5, 'TIAA-CREF', '9571563885', 'clinicplus94@gmail.com', 3103940636, 'Kigali, Kicukiro', 3, '2023-01-21 19:49:07', '2023-01-21 19:49:07', NULL),
(99, 5, 'Massachusetts Mutual Life Insurance Company', '5730407422', 'clinicplus95@gmail.com', 3080214934, 'Kigali, Kicukiro', 3, '2023-01-21 19:49:07', '2023-01-21 19:49:07', NULL),
(100, 5, 'CIGNA Corporation', '5514476810', 'clinicplus96@gmail.com', 8200226829, 'Kigali, Kicukiro', 3, '2023-01-21 19:49:07', '2023-01-21 19:49:07', NULL),
(101, 5, 'DIRECTV', '6296558714', 'clinicplus97@gmail.com', 8529437437, 'Kigali, Kicukiro', 3, '2023-01-21 19:49:07', '2023-01-21 19:49:07', NULL),
(102, 5, 'General Dynamics Corporation', '1028429232', 'clinicplus98@gmail.com', 6845370684, 'Kigali, Kicukiro', 3, '2023-01-21 19:49:07', '2023-01-21 19:49:07', NULL),
(103, 5, 'Philip Morris International Inc.', '8452367795', 'clinicplus99@gmail.com', 7896730417, 'Kigali, Kicukiro', 3, '2023-01-21 19:49:07', '2023-01-21 19:49:07', NULL),
(104, 5, '3M Company', '3086167900', 'clinicplus100@gmail.com', 1411423154, 'Kigali, Kicukiro', 3, '2023-01-21 19:49:07', '2023-01-21 19:49:07', NULL),
(105, 5, 'Time Warner Inc.', '5582045238', 'clinicplus101@gmail.com', 5208132021, 'Kigali, Kicukiro', 3, '2023-01-21 19:49:07', '2023-01-21 19:49:07', NULL),
(106, 5, 'Halliburton Company', '4944296177', 'clinicplus102@gmail.com', 1152613977, 'Kigali, Kicukiro', 3, '2023-01-21 19:49:07', '2023-01-21 19:49:07', NULL),
(107, 5, 'Publix Super Markets, Inc.', '4188712568', 'clinicplus103@gmail.com', 4079356398, 'Kigali, Kicukiro', 3, '2023-01-21 19:49:07', '2023-01-21 19:49:07', NULL),
(108, 5, 'International Paper Company', '8962205970', 'clinicplus104@gmail.com', 7359688947, 'Kigali, Kicukiro', 3, '2023-01-21 19:49:07', '2023-01-21 19:49:07', NULL),
(109, 5, 'McDonalds Corporation', '4968784396', 'clinicplus105@gmail.com', 9507668354, 'Kigali, Kicukiro', 3, '2023-01-21 19:49:07', '2023-01-21 19:49:07', NULL),
(110, 5, 'Macys, Inc.', '4204093070', 'clinicplus106@gmail.com', 1610783011, 'Kigali, Kicukiro', 3, '2023-01-21 19:49:07', '2023-01-21 19:49:07', NULL),
(111, 5, 'The TJX Companies, Inc.', '9679087705', 'clinicplus107@gmail.com', 3657517003, 'Kigali, Kicukiro', 3, '2023-01-21 19:49:07', '2023-01-21 19:49:07', NULL),
(112, 5, 'Fluor Corporation', '9406902609', 'clinicplus108@gmail.com', 8220881072, 'Kigali, Kicukiro', 3, '2023-01-21 19:49:07', '2023-01-21 19:49:07', NULL),
(113, 5, 'Northwestern Mutual Life Insurance Company,Inc.', '5991131536', 'clinicplus109@gmail.com', 5521236212, 'Kigali, Kicukiro', 3, '2023-01-21 19:49:07', '2023-01-21 19:49:07', NULL),
(114, 5, 'Tech Data Corporation', '4838928112', 'clinicplus110@gmail.com', 3400937404, 'Kigali, Kicukiro', 3, '2023-01-21 19:49:07', '2023-01-21 19:49:07', NULL),
(115, 5, 'American Airlines Group Inc.', '3597429929', 'clinicplus111@gmail.com', 4130375176, 'Kigali, Kicukiro', 3, '2023-01-21 19:49:07', '2023-01-21 19:49:07', NULL),
(116, 5, 'The Hartford Financial Services Group, Inc.', '5734471197', 'clinicplus112@gmail.com', 6398744212, 'Kigali, Kicukiro', 3, '2023-01-21 19:49:07', '2023-01-21 19:49:07', NULL),
(117, 5, 'The Travelers Companies, Inc.', '6522781881', 'clinicplus113@gmail.com', 2440715482, 'Kigali, Kicukiro', 3, '2023-01-21 19:49:07', '2023-01-21 19:49:07', NULL),
(118, 5, 'Nike, Inc.', '9965100352', 'clinicplus114@gmail.com', 7548834167, 'Kigali, Kicukiro', 3, '2023-01-21 19:49:07', '2023-01-21 19:49:07', NULL),
(119, 5, 'Occidental Petroleum Corporation', '1554761708', 'clinicplus115@gmail.com', 8301641341, 'Kigali, Kicukiro', 3, '2023-01-21 19:49:07', '2023-01-21 19:49:07', NULL),
(120, 5, 'Avnet, Inc.', '4945158441', 'clinicplus116@gmail.com', 9031427879, 'Kigali, Kicukiro', 3, '2023-01-21 19:49:07', '2023-01-21 19:49:07', NULL),
(121, 5, 'Rite Aid Corporation', '8421107531', 'clinicplus117@gmail.com', 9464488857, 'Kigali, Kicukiro', 3, '2023-01-21 19:49:07', '2023-01-21 19:49:07', NULL),
(122, 5, 'Exelon Corporation', '3095795756', 'clinicplus118@gmail.com', 8712745582, 'Kigali, Kicukiro', 3, '2023-01-21 19:49:07', '2023-01-21 19:49:07', NULL),
(123, 5, 'Qualcomm Incorporated', '3478377658', 'clinicplus119@gmail.com', 2302303436, 'Kigali, Kicukiro', 3, '2023-01-21 19:49:07', '2023-01-21 19:49:07', NULL),
(124, 5, 'Emerson Electric Co.', '3149373386', 'clinicplus120@gmail.com', 1133511974, 'Kigali, Kicukiro', 3, '2023-01-21 19:49:07', '2023-01-21 19:49:07', NULL),
(125, 5, 'Northrop Grumman Corporation', '5019056047', 'clinicplus121@gmail.com', 3221105561, 'Kigali, Kicukiro', 3, '2023-01-21 19:49:07', '2023-01-21 19:49:07', NULL),
(126, 5, 'Duke Energy Corporation', '8628808528', 'clinicplus122@gmail.com', 4710535872, 'Kigali, Kicukiro', 3, '2023-01-21 19:49:07', '2023-01-21 19:49:07', NULL),
(127, 5, 'Capital One Financial Corporation', '5849547221', 'clinicplus123@gmail.com', 8363239707, 'Kigali, Kicukiro', 3, '2023-01-21 19:49:07', '2023-01-21 19:49:07', NULL),
(128, 5, 'Aflac Incorporated', '8011371049', 'clinicplus124@gmail.com', 5404655152, 'Kigali, Kicukiro', 3, '2023-01-21 19:49:07', '2023-01-21 19:49:07', NULL),
(129, 5, 'Raytheon Company', '6912758572', 'clinicplus125@gmail.com', 8084990519, 'Kigali, Kicukiro', 3, '2023-01-21 19:49:07', '2023-01-21 19:49:07', NULL),
(130, 5, 'Staples, Inc.', '6138457446', 'clinicplus126@gmail.com', 9296635755, 'Kigali, Kicukiro', 3, '2023-01-21 19:49:07', '2023-01-21 19:49:07', NULL),
(131, 5, 'EMC Corporation', '7893813770', 'clinicplus127@gmail.com', 6938291285, 'Kigali, Kicukiro', 3, '2023-01-21 19:49:07', '2023-01-21 19:49:07', NULL),
(132, 5, 'Eli Lilly and Company', '1353577599', 'clinicplus128@gmail.com', 9806225604, 'Kigali, Kicukiro', 3, '2023-01-21 19:49:07', '2023-01-21 19:49:07', NULL),
(133, 5, 'Alcoa Inc.', '6087540164', 'clinicplus129@gmail.com', 6446536382, 'Kigali, Kicukiro', 3, '2023-01-21 19:49:07', '2023-01-21 19:49:07', NULL),
(134, 5, 'National Oilwell Varco, Inc.', '5512266138', 'clinicplus130@gmail.com', 4192792983, 'Kigali, Kicukiro', 3, '2023-01-21 19:49:07', '2023-01-21 19:49:07', NULL),
(135, 5, 'Baker Hughes Incorporated', '2337058604', 'clinicplus131@gmail.com', 3258552328, 'Kigali, Kicukiro', 3, '2023-01-21 19:49:07', '2023-01-21 19:49:07', NULL),
(136, 5, 'US Foods, Inc.', '9145248011', 'clinicplus132@gmail.com', 4970563297, 'Kigali, Kicukiro', 3, '2023-01-21 19:49:07', '2023-01-21 19:49:07', NULL),
(137, 5, 'Time Warner Cable Inc.', '7622180413', 'clinicplus133@gmail.com', 6894029366, 'Kigali, Kicukiro', 3, '2023-01-21 19:49:07', '2023-01-21 19:49:07', NULL),
(138, 5, 'Union Pacific Corporation', '9950291494', 'clinicplus134@gmail.com', 1217375297, 'Kigali, Kicukiro', 3, '2023-01-21 19:49:07', '2023-01-21 19:49:07', NULL),
(139, 5, 'Abbott Laboratories', '7885404269', 'clinicplus135@gmail.com', 4544610784, 'Kigali, Kicukiro', 3, '2023-01-21 19:49:07', '2023-01-21 19:49:07', NULL),
(140, 5, 'Xerox Corporation', '8831814914', 'clinicplus136@gmail.com', 6206394659, 'Kigali, Kicukiro', 3, '2023-01-21 19:49:07', '2023-01-21 19:49:07', NULL),
(141, 5, 'Arrow Electronics, Inc', '5210691465', 'clinicplus137@gmail.com', 5094051937, 'Kigali, Kicukiro', 3, '2023-01-21 19:49:07', '2023-01-21 19:49:07', NULL),
(142, 5, 'Kimberly-Clark Corporation', '9344497782', 'clinicplus138@gmail.com', 4072210078, 'Kigali, Kicukiro', 3, '2023-01-21 19:49:07', '2023-01-21 19:49:07', NULL),
(143, 5, 'U.S. Bancorp', '3146378233', 'clinicplus139@gmail.com', 5906489584, 'Kigali, Kicukiro', 3, '2023-01-21 19:49:07', '2023-01-21 19:49:07', NULL),
(144, 5, 'United Services Automobile Association', '7562743704', 'clinicplus140@gmail.com', 1075013458, 'Kigali, Kicukiro', 3, '2023-01-21 19:49:07', '2023-01-21 19:49:07', NULL),
(145, 5, 'Freeport-McMoRan Copper & Gold Inc.', '6393241465', 'clinicplus141@gmail.com', 9549350554, 'Kigali, Kicukiro', 3, '2023-01-21 19:49:07', '2023-01-21 19:49:07', NULL),
(146, 5, 'Icahn Enterprises L.P.', '2687419918', 'clinicplus142@gmail.com', 9181696893, 'Kigali, Kicukiro', 3, '2023-01-21 19:49:07', '2023-01-21 19:49:07', NULL),
(147, 5, 'ManpowerGroup Inc.', '6056318879', 'clinicplus143@gmail.com', 3476103423, 'Kigali, Kicukiro', 3, '2023-01-21 19:49:07', '2023-01-21 19:49:07', NULL),
(148, 5, 'HollyFrontier Corporation', '2107804196', 'clinicplus144@gmail.com', 3196675994, 'Kigali, Kicukiro', 3, '2023-01-21 19:49:07', '2023-01-21 19:49:07', NULL),
(149, 5, 'Global Partners LP', '3708634839', 'clinicplus145@gmail.com', 7256075518, 'Kigali, Kicukiro', 3, '2023-01-21 19:49:07', '2023-01-21 19:49:07', NULL),
(150, 5, 'The Goodyear Tire & Rubber Company', '7285561581', 'clinicplus146@gmail.com', 5064199350, 'Kigali, Kicukiro', 3, '2023-01-21 19:49:07', '2023-01-21 19:49:07', NULL),
(151, 5, 'PBF Energy Inc.', '8896052038', 'clinicplus147@gmail.com', 2479308822, 'Kigali, Kicukiro', 3, '2023-01-21 19:49:07', '2023-01-21 19:49:07', NULL),
(152, 5, 'Danaher Corporation', '9169959392', 'clinicplus148@gmail.com', 8609348192, 'Kigali, Kicukiro', 3, '2023-01-21 19:49:07', '2023-01-21 19:49:07', NULL),
(153, 5, 'Nucor Corporation', '7736023668', 'clinicplus149@gmail.com', 9264171227, 'Kigali, Kicukiro', 3, '2023-01-21 19:49:07', '2023-01-21 19:49:07', NULL),
(154, 5, 'Kohls Corporation', '8002283550', 'clinicplus150@gmail.com', 2992042236, 'Kigali, Kicukiro', 3, '2023-01-21 19:49:07', '2023-01-21 19:49:07', NULL),
(155, 5, 'AbbVie Inc.', '8752819049', 'clinicplus151@gmail.com', 2925932166, 'Kigali, Kicukiro', 3, '2023-01-21 19:49:07', '2023-01-21 19:49:07', NULL),
(156, 5, 'Whirlpool Corporation', '4620391308', 'clinicplus152@gmail.com', 7979565808, 'Kigali, Kicukiro', 3, '2023-01-21 19:49:07', '2023-01-21 19:49:07', NULL),
(157, 5, 'Amgen Inc.', '5481826581', 'clinicplus153@gmail.com', 1044553211, 'Kigali, Kicukiro', 3, '2023-01-21 19:49:07', '2023-01-21 19:49:07', NULL),
(158, 5, 'Jabil Circuit, Inc.', '1573690429', 'clinicplus154@gmail.com', 6780753722, 'Kigali, Kicukiro', 3, '2023-01-21 19:49:07', '2023-01-21 19:49:07', NULL),
(159, 5, 'Kraft Foods Group, Inc.', '7173575612', 'clinicplus155@gmail.com', 8373606782, 'Kigali, Kicukiro', 3, '2023-01-21 19:49:07', '2023-01-21 19:49:07', NULL),
(160, 5, 'The Progressive Corporation', '8226765360', 'clinicplus156@gmail.com', 6494942021, 'Kigali, Kicukiro', 3, '2023-01-21 19:49:07', '2023-01-21 19:49:07', NULL),
(161, 5, 'CenturyLink, Inc.', '4123667615', 'clinicplus157@gmail.com', 8705570371, 'Kigali, Kicukiro', 3, '2023-01-21 19:49:07', '2023-01-21 19:49:07', NULL),
(162, 5, 'General Mills, Inc.', '3258717474', 'clinicplus158@gmail.com', 6454090086, 'Kigali, Kicukiro', 3, '2023-01-21 19:49:07', '2023-01-21 19:49:07', NULL),
(163, 5, 'Southwest Airlines Co.', '2295352218', 'clinicplus159@gmail.com', 3921647758, 'Kigali, Kicukiro', 3, '2023-01-21 19:49:07', '2023-01-21 19:49:07', NULL),
(164, 5, 'Altria Group, Inc.', '8662219234', 'clinicplus160@gmail.com', 6674941384, 'Kigali, Kicukiro', 3, '2023-01-21 19:49:07', '2023-01-21 19:49:07', NULL),
(165, 5, 'AutoNation, Inc.', '2389428297', 'clinicplus161@gmail.com', 5495773449, 'Kigali, Kicukiro', 3, '2023-01-21 19:49:07', '2023-01-21 19:49:07', NULL),
(166, 5, 'Chesapeake Energy Corporation', '4889341236', 'clinicplus162@gmail.com', 6409982064, 'Kigali, Kicukiro', 3, '2023-01-21 19:49:07', '2023-01-21 19:49:07', NULL),
(167, 5, 'Dollar General Corporation', '1093895973', 'clinicplus163@gmail.com', 6234654862, 'Kigali, Kicukiro', 3, '2023-01-21 19:49:07', '2023-01-21 19:49:07', NULL),
(168, 5, 'TRW Automotive Holdings Corp.', '7143567223', 'clinicplus164@gmail.com', 6628125060, 'Kigali, Kicukiro', 3, '2023-01-21 19:49:07', '2023-01-21 19:49:07', NULL),
(169, 5, 'United States Steel Corporation', '4575605821', 'clinicplus165@gmail.com', 8341287307, 'Kigali, Kicukiro', 3, '2023-01-21 19:49:07', '2023-01-21 19:49:07', NULL),
(170, 5, 'Colgate-Palmolive Company', '3610522662', 'clinicplus166@gmail.com', 1784210732, 'Kigali, Kicukiro', 3, '2023-01-21 19:49:07', '2023-01-21 19:49:07', NULL),
(171, 5, 'Cummins Inc.', '2367465803', 'clinicplus167@gmail.com', 3002024478, 'Kigali, Kicukiro', 3, '2023-01-21 19:49:07', '2023-01-21 19:49:07', NULL),
(172, 5, 'PACCAR Inc', '3279375088', 'clinicplus168@gmail.com', 3851515861, 'Kigali, Kicukiro', 3, '2023-01-21 19:49:07', '2023-01-21 19:49:07', NULL),
(173, 5, 'The Southern Company', '9516191962', 'clinicplus169@gmail.com', 3163050539, 'Kigali, Kicukiro', 3, '2023-01-21 19:49:07', '2023-01-21 19:49:07', NULL),
(174, 5, 'Illinois Tool Works Inc.', '9789796070', 'clinicplus170@gmail.com', 6550206142, 'Kigali, Kicukiro', 3, '2023-01-21 19:49:07', '2023-01-21 19:49:07', NULL),
(175, 5, 'The PNC Financial Services Group, Inc.', '1162024139', 'clinicplus171@gmail.com', 1807022463, 'Kigali, Kicukiro', 3, '2023-01-21 19:49:07', '2023-01-21 19:49:07', NULL),
(176, 5, 'Medtronic, Inc.', '5876344709', 'clinicplus172@gmail.com', 9863148509, 'Kigali, Kicukiro', 3, '2023-01-21 19:49:07', '2023-01-21 19:49:07', NULL),
(177, 5, 'The AES Corporation', '9949686230', 'clinicplus173@gmail.com', 2497751618, 'Kigali, Kicukiro', 3, '2023-01-21 19:49:07', '2023-01-21 19:49:07', NULL),
(178, 5, 'Murphy USA Inc.', '2369760352', 'clinicplus174@gmail.com', 2431322673, 'Kigali, Kicukiro', 3, '2023-01-21 19:49:07', '2023-01-21 19:49:07', NULL),
(179, 5, 'Bristol-Myers Squibb Company', '8514424866', 'clinicplus175@gmail.com', 9758302160, 'Kigali, Kicukiro', 3, '2023-01-21 19:49:07', '2023-01-21 19:49:07', NULL),
(180, 5, 'Lear Corporation', '4338180382', 'clinicplus176@gmail.com', 3965618649, 'Kigali, Kicukiro', 3, '2023-01-21 19:49:07', '2023-01-21 19:49:07', NULL),
(181, 5, 'The Gap, Inc.', '3720287463', 'clinicplus177@gmail.com', 8148698205, 'Kigali, Kicukiro', 3, '2023-01-21 19:49:07', '2023-01-21 19:49:07', NULL),
(182, 5, 'Apache Corporation', '6944793114', 'clinicplus178@gmail.com', 7389942411, 'Kigali, Kicukiro', 3, '2023-01-21 19:49:07', '2023-01-21 19:49:07', NULL),
(183, 5, 'eBay Inc.', '7261537998', 'clinicplus179@gmail.com', 5091054596, 'Kigali, Kicukiro', 3, '2023-01-21 19:49:07', '2023-01-21 19:49:07', NULL),
(184, 5, 'The Bank of New York Mellon Corporation', '7054521413', 'clinicplus180@gmail.com', 6137128565, 'Kigali, Kicukiro', 3, '2023-01-21 19:49:07', '2023-01-21 19:49:07', NULL),
(185, 5, 'CBS Corporation', '8386303016', 'clinicplus181@gmail.com', 9358340836, 'Kigali, Kicukiro', 3, '2023-01-21 19:49:07', '2023-01-21 19:49:07', NULL),
(186, 5, 'PG&E Corporation', '4793750124', 'clinicplus182@gmail.com', 6140444167, 'Kigali, Kicukiro', 3, '2023-01-21 19:49:07', '2023-01-21 19:49:07', NULL),
(187, 5, 'ConAgra Foods, Inc.', '5325119564', 'clinicplus183@gmail.com', 3197146298, 'Kigali, Kicukiro', 3, '2023-01-21 19:49:07', '2023-01-21 19:49:07', NULL),
(188, 5, 'Computer Sciences Corporation', '2535795999', 'clinicplus184@gmail.com', 2004927406, 'Kigali, Kicukiro', 3, '2023-01-21 19:49:07', '2023-01-21 19:49:07', NULL),
(189, 5, 'American Electric Power Company, Inc.', '1275970560', 'clinicplus185@gmail.com', 6471736170, 'Kigali, Kicukiro', 3, '2023-01-21 19:49:07', '2023-01-21 19:49:07', NULL),
(190, 5, 'Western Digital Corporation', '8028836217', 'clinicplus186@gmail.com', 3778500703, 'Kigali, Kicukiro', 3, '2023-01-21 19:49:07', '2023-01-21 19:49:07', NULL),
(191, 5, 'Marathon Oil Corporation', '6744211901', 'clinicplus187@gmail.com', 4532280032, 'Kigali, Kicukiro', 3, '2023-01-21 19:49:07', '2023-01-21 19:49:07', NULL),
(192, 5, 'Baxter International Inc.', '1526840529', 'clinicplus188@gmail.com', 1087382422, 'Kigali, Kicukiro', 3, '2023-01-21 19:49:07', '2023-01-21 19:49:07', NULL),
(193, 5, 'PPG Industries, Inc.', '2004618878', 'clinicplus189@gmail.com', 5668516830, 'Kigali, Kicukiro', 3, '2023-01-21 19:49:07', '2023-01-21 19:49:07', NULL),
(194, 5, 'NextEra Energy, Inc.', '7505955947', 'clinicplus190@gmail.com', 1348958387, 'Kigali, Kicukiro', 3, '2023-01-21 19:49:07', '2023-01-21 19:49:07', NULL),
(195, 5, 'Community Health Systems, Inc.', '4524393643', 'clinicplus191@gmail.com', 1062664429, 'Kigali, Kicukiro', 3, '2023-01-21 19:49:07', '2023-01-21 19:49:07', NULL),
(196, 5, 'Loews Corporation', '6319059739', 'clinicplus192@gmail.com', 2072571244, 'Kigali, Kicukiro', 3, '2023-01-21 19:49:07', '2023-01-21 19:49:07', NULL),
(197, 5, 'Penske Automotive Group, Inc.', '1977872594', 'clinicplus193@gmail.com', 1660321223, 'Kigali, Kicukiro', 3, '2023-01-21 19:49:07', '2023-01-21 19:49:07', NULL),
(198, 5, 'FirstEnergy Corp.', '3445455671', 'clinicplus194@gmail.com', 5798500365, 'Kigali, Kicukiro', 3, '2023-01-21 19:49:07', '2023-01-21 19:49:07', NULL),
(199, 5, 'Starbucks Corporation', '7899459294', 'clinicplus195@gmail.com', 7674600562, 'Kigali, Kicukiro', 3, '2023-01-21 19:49:07', '2023-01-21 19:49:07', NULL),
(200, 5, 'Monsanto Company', '3279225651', 'clinicplus196@gmail.com', 6485217660, 'Kigali, Kicukiro', 3, '2023-01-21 19:49:07', '2023-01-21 19:49:07', NULL),
(201, 5, 'Kellogg Company', '2793795710', 'clinicplus197@gmail.com', 8095476549, 'Kigali, Kicukiro', 3, '2023-01-21 19:49:07', '2023-01-21 19:49:07', NULL),
(202, 5, 'Land OLakes, Inc.', '7164648755', 'clinicplus198@gmail.com', 8555570768, 'Kigali, Kicukiro', 3, '2023-01-21 19:49:07', '2023-01-21 19:49:07', NULL),
(203, 5, 'ONEOK, Inc.', '5631514377', 'clinicplus199@gmail.com', 7649081523, 'Kigali, Kicukiro', 3, '2023-01-21 19:49:07', '2023-01-21 19:49:07', NULL),
(204, 5, 'Omnicom Group Inc.', '5294759613', 'clinicplus200@gmail.com', 5060759002, 'Kigali, Kicukiro', 3, '2023-01-21 19:49:07', '2023-01-21 19:49:07', NULL),
(205, 5, 'Anadarko Petroleum Corporation', '9016208028', 'clinicplus201@gmail.com', 1116202958, 'Kigali, Kicukiro', 3, '2023-01-21 19:49:07', '2023-01-21 19:49:07', NULL),
(206, 5, 'EOG Resources, Inc.', '2228705965', 'clinicplus202@gmail.com', 8568044602, 'Kigali, Kicukiro', 3, '2023-01-21 19:49:07', '2023-01-21 19:49:07', NULL),
(207, 5, 'DISH Network Corporation', '7286130058', 'clinicplus203@gmail.com', 5058808826, 'Kigali, Kicukiro', 3, '2023-01-21 19:49:07', '2023-01-21 19:49:07', NULL),
(208, 5, 'Genuine Parts Company', '3970116523', 'clinicplus204@gmail.com', 3373864810, 'Kigali, Kicukiro', 3, '2023-01-21 19:49:07', '2023-01-21 19:49:07', NULL),
(209, 5, 'Kinder Morgan, Inc.', '2744297481', 'clinicplus205@gmail.com', 9387709200, 'Kigali, Kicukiro', 3, '2023-01-21 19:49:07', '2023-01-21 19:49:07', NULL),
(210, 5, 'Waste Management, Inc.', '6457015983', 'clinicplus206@gmail.com', 3390316900, 'Kigali, Kicukiro', 3, '2023-01-21 19:49:07', '2023-01-21 19:49:07', NULL),
(211, 5, 'The Chubb Corporation', '1245711402', 'clinicplus207@gmail.com', 9647400451, 'Kigali, Kicukiro', 3, '2023-01-21 19:49:07', '2023-01-21 19:49:07', NULL),
(212, 5, 'Aramark Holdings Corporation', '2196064550', 'clinicplus208@gmail.com', 2684958961, 'Kigali, Kicukiro', 3, '2023-01-21 19:49:07', '2023-01-21 19:49:07', NULL),
(213, 5, 'Viacom Inc.', '8836775510', 'clinicplus209@gmail.com', 8316407822, 'Kigali, Kicukiro', 3, '2023-01-21 19:49:07', '2023-01-21 19:49:07', NULL),
(214, 5, 'Las Vegas Sands Corp.', '1306906867', 'clinicplus210@gmail.com', 9084333653, 'Kigali, Kicukiro', 3, '2023-01-21 19:49:07', '2023-01-21 19:49:07', NULL),
(215, 5, 'Dominion Resources, Inc.', '1097419212', 'clinicplus211@gmail.com', 8960586144, 'Kigali, Kicukiro', 3, '2023-01-21 19:49:07', '2023-01-21 19:49:07', NULL),
(216, 5, 'Ecolab Inc.', '1074496377', 'clinicplus212@gmail.com', 6605850155, 'Kigali, Kicukiro', 3, '2023-01-21 19:49:07', '2023-01-21 19:49:07', NULL),
(217, 5, 'Smithfield Foods, Inc.', '9650856778', 'clinicplus213@gmail.com', 7514500017, 'Kigali, Kicukiro', 3, '2023-01-21 19:49:07', '2023-01-21 19:49:07', NULL),
(218, 5, 'Thermo Fisher Scientific Inc.', '4079427814', 'clinicplus214@gmail.com', 8859193801, 'Kigali, Kicukiro', 3, '2023-01-21 19:49:07', '2023-01-21 19:49:07', NULL),
(219, 5, 'Yum! Brands, Inc.', '9969386718', 'clinicplus215@gmail.com', 1822833246, 'Kigali, Kicukiro', 3, '2023-01-21 19:49:07', '2023-01-21 19:49:07', NULL),
(220, 5, 'Parker-Hannifin Corporation', '7530530956', 'clinicplus216@gmail.com', 4443785574, 'Kigali, Kicukiro', 3, '2023-01-21 19:49:07', '2023-01-21 19:49:07', NULL),
(221, 5, 'Whole Foods Market, Inc.', '5161738460', 'clinicplus217@gmail.com', 8393894352, 'Kigali, Kicukiro', 3, '2023-01-21 19:49:07', '2023-01-21 19:49:07', NULL),
(222, 5, 'Marriott International, Inc.', '2181747165', 'clinicplus218@gmail.com', 6682411727, 'Kigali, Kicukiro', 3, '2023-01-21 19:49:07', '2023-01-21 19:49:07', NULL),
(223, 5, 'C. H. Robinson Worldwide, Inc.', '5499267198', 'clinicplus219@gmail.com', 7292504048, 'Kigali, Kicukiro', 3, '2023-01-21 19:49:07', '2023-01-21 19:49:07', NULL),
(224, 5, 'L-3 Communications Holdings, Inc.', '4266480261', 'clinicplus220@gmail.com', 8959604030, 'Kigali, Kicukiro', 3, '2023-01-21 19:49:07', '2023-01-21 19:49:07', NULL),
(225, 5, 'Edison International', '9567525222', 'clinicplus221@gmail.com', 3262762003, 'Kigali, Kicukiro', 3, '2023-01-21 19:49:07', '2023-01-21 19:49:07', NULL),
(226, 5, 'Toys R Us, Inc.', '3749424182', 'clinicplus222@gmail.com', 8793222090, 'Kigali, Kicukiro', 3, '2023-01-21 19:49:07', '2023-01-21 19:49:07', NULL),
(227, 5, 'Nordstrom, Inc.', '2736611272', 'clinicplus223@gmail.com', 7098633754, 'Kigali, Kicukiro', 3, '2023-01-21 19:49:07', '2023-01-21 19:49:07', NULL),
(228, 5, 'Consolidated Edison, Inc.', '2548889074', 'clinicplus224@gmail.com', 7526799853, 'Kigali, Kicukiro', 3, '2023-01-21 19:49:07', '2023-01-21 19:49:07', NULL),
(229, 5, 'Marsh & McLennan Companies, Inc.', '6123493257', 'clinicplus225@gmail.com', 5447638072, 'Kigali, Kicukiro', 3, '2023-01-21 19:49:07', '2023-01-21 19:49:07', NULL),
(230, 5, 'Texas Instruments Incorporated', '4222385317', 'clinicplus226@gmail.com', 8944244838, 'Kigali, Kicukiro', 3, '2023-01-21 19:49:07', '2023-01-21 19:49:07', NULL),
(231, 5, 'Textron Inc.', '6982267514', 'clinicplus227@gmail.com', 6066429206, 'Kigali, Kicukiro', 3, '2023-01-21 19:49:07', '2023-01-21 19:49:07', NULL),
(232, 5, 'Tenet Healthcare Corporation', '3589823637', 'clinicplus228@gmail.com', 8977026813, 'Kigali, Kicukiro', 3, '2023-01-21 19:49:07', '2023-01-21 19:49:07', NULL),
(233, 5, 'DaVita HealthCare Partners Inc.', '7451867069', 'clinicplus229@gmail.com', 1322299744, 'Kigali, Kicukiro', 3, '2023-01-21 19:49:07', '2023-01-21 19:49:07', NULL),
(234, 5, 'CSX Corporation', '6321556599', 'clinicplus230@gmail.com', 2496465890, 'Kigali, Kicukiro', 3, '2023-01-21 19:49:07', '2023-01-21 19:49:07', NULL),
(235, 5, 'Lincoln National Corporation', '9838031217', 'clinicplus231@gmail.com', 9538254886, 'Kigali, Kicukiro', 3, '2023-01-21 19:49:07', '2023-01-21 19:49:07', NULL),
(236, 5, 'Praxair, Inc.', '7819253104', 'clinicplus232@gmail.com', 1680681730, 'Kigali, Kicukiro', 3, '2023-01-21 19:49:07', '2023-01-21 19:49:07', NULL),
(237, 5, 'PPL Corporation', '5849607531', 'clinicplus233@gmail.com', 5208619567, 'Kigali, Kicukiro', 3, '2023-01-21 19:49:07', '2023-01-21 19:49:07', NULL),
(238, 5, 'J.C. Penney Company, Inc.', '6202697502', 'clinicplus234@gmail.com', 3132983501, 'Kigali, Kicukiro', 3, '2023-01-21 19:49:07', '2023-01-21 19:49:07', NULL),
(239, 5, 'Peter Kiewit Sons, Inc.', '3852843675', 'clinicplus235@gmail.com', 8053785656, 'Kigali, Kicukiro', 3, '2023-01-21 19:49:07', '2023-01-21 19:49:07', NULL),
(240, 5, 'Jacobs Engineering Group Inc.', '1979341242', 'clinicplus236@gmail.com', 4541482028, 'Kigali, Kicukiro', 3, '2023-01-21 19:49:07', '2023-01-21 19:49:07', NULL),
(241, 5, 'Visa Inc.', '4732431498', 'clinicplus237@gmail.com', 2100056914, 'Kigali, Kicukiro', 3, '2023-01-21 19:49:07', '2023-01-21 19:49:07', NULL),
(242, 5, 'H.J. Heinz Company', '9386072526', 'clinicplus238@gmail.com', 1110004067, 'Kigali, Kicukiro', 3, '2023-01-21 19:49:07', '2023-01-21 19:49:07', NULL),
(243, 5, 'CarMax, Inc.', '4694958414', 'clinicplus239@gmail.com', 8302344736, 'Kigali, Kicukiro', 3, '2023-01-21 19:49:07', '2023-01-21 19:49:07', NULL),
(244, 5, 'V.F. Corporation', '9101632910', 'clinicplus240@gmail.com', 1734450527, 'Kigali, Kicukiro', 3, '2023-01-21 19:49:07', '2023-01-21 19:49:07', NULL),
(245, 5, 'Entergy Corporation', '8916122682', 'clinicplus241@gmail.com', 1933811497, 'Kigali, Kicukiro', 3, '2023-01-21 19:49:07', '2023-01-21 19:49:07', NULL),
(246, 5, 'Automatic Data Processing, Inc.', '4876766343', 'clinicplus242@gmail.com', 8623401328, 'Kigali, Kicukiro', 3, '2023-01-21 19:49:07', '2023-01-21 19:49:07', NULL),
(247, 5, 'NRG Energy, Inc.', '2014237546', 'clinicplus243@gmail.com', 9901262830, 'Kigali, Kicukiro', 3, '2023-01-21 19:49:07', '2023-01-21 19:49:07', NULL),
(248, 5, 'Guardian Life Ins. Co. of America', '8250623207', 'clinicplus244@gmail.com', 7980273160, 'Kigali, Kicukiro', 3, '2023-01-21 19:49:07', '2023-01-21 19:49:07', NULL),
(249, 5, 'Liberty Interactive Corporation', '2168954222', 'clinicplus245@gmail.com', 1180626204, 'Kigali, Kicukiro', 3, '2023-01-21 19:49:07', '2023-01-21 19:49:07', NULL),
(250, 5, 'Norfolk Southern Corporation', '8235885122', 'clinicplus246@gmail.com', 5731823218, 'Kigali, Kicukiro', 3, '2023-01-21 19:49:07', '2023-01-21 19:49:07', NULL),
(251, 5, 'Office Depot, Inc.', '2278034082', 'clinicplus247@gmail.com', 1781804736, 'Kigali, Kicukiro', 3, '2023-01-21 19:49:07', '2023-01-21 19:49:07', NULL),
(252, 5, 'Ameriprise Financial, Inc.', '8626606400', 'clinicplus248@gmail.com', 4226573944, 'Kigali, Kicukiro', 3, '2023-01-21 19:49:07', '2023-01-21 19:49:07', NULL),
(253, 5, 'Gilead Sciences, Inc.', '7247736846', 'clinicplus249@gmail.com', 4023540231, 'Kigali, Kicukiro', 3, '2023-01-21 19:49:07', '2023-01-21 19:49:07', NULL),
(254, 5, 'Centene Corporation', '9734395335', 'clinicplus250@gmail.com', 5831438446, 'Kigali, Kicukiro', 3, '2023-01-21 19:49:07', '2023-01-21 19:49:07', NULL),
(255, 5, 'Leucadia National Corporation', '3931915544', 'clinicplus251@gmail.com', 3726244045, 'Kigali, Kicukiro', 3, '2023-01-21 19:49:07', '2023-01-21 19:49:07', NULL),
(256, 5, 'Huntsman Corporation', '8434891785', 'clinicplus252@gmail.com', 8895637549, 'Kigali, Kicukiro', 3, '2023-01-21 19:49:07', '2023-01-21 19:49:07', NULL),
(257, 5, 'Health Net, Inc.', '6802273913', 'clinicplus253@gmail.com', 6984864057, 'Kigali, Kicukiro', 3, '2023-01-21 19:49:07', '2023-01-21 19:49:07', NULL),
(258, 5, 'Stanley Black & Decker, Inc.', '3948268372', 'clinicplus254@gmail.com', 4948431021, 'Kigali, Kicukiro', 3, '2023-01-21 19:49:07', '2023-01-21 19:49:07', NULL),
(259, 5, 'URS Corporation', '8295233389', 'clinicplus255@gmail.com', 2355899338, 'Kigali, Kicukiro', 3, '2023-01-21 19:49:07', '2023-01-21 19:49:07', NULL),
(260, 5, 'Xcel Energy Inc.', '3797184786', 'clinicplus256@gmail.com', 3241100519, 'Kigali, Kicukiro', 3, '2023-01-21 19:49:07', '2023-01-21 19:49:07', NULL),
(261, 5, 'Bed Bath & Beyond Inc.', '3997648735', 'clinicplus257@gmail.com', 6835699393, 'Kigali, Kicukiro', 3, '2023-01-21 19:49:07', '2023-01-21 19:49:07', NULL),
(262, 5, 'Navistar International Corporation', '1908621800', 'clinicplus258@gmail.com', 7136156012, 'Kigali, Kicukiro', 3, '2023-01-21 19:49:07', '2023-01-21 19:49:07', NULL),
(263, 5, 'Synnex Corporation', '5642483740', 'clinicplus259@gmail.com', 5858198006, 'Kigali, Kicukiro', 3, '2023-01-21 19:49:07', '2023-01-21 19:49:07', NULL),
(264, 5, 'First Data Corporation', '3083431938', 'clinicplus260@gmail.com', 6130025857, 'Kigali, Kicukiro', 3, '2023-01-21 19:49:07', '2023-01-21 19:49:07', NULL),
(265, 5, 'AGCO Corporation', '5948264528', 'clinicplus261@gmail.com', 6739464570, 'Kigali, Kicukiro', 3, '2023-01-21 19:49:07', '2023-01-21 19:49:07', NULL),
(266, 5, 'L Brands, Inc.', '5758833669', 'clinicplus262@gmail.com', 4296173813, 'Kigali, Kicukiro', 3, '2023-01-21 19:49:07', '2023-01-21 19:49:07', NULL),
(267, 5, 'Hertz Global Holdings, Inc.', '4965671427', 'clinicplus263@gmail.com', 7913064840, 'Kigali, Kicukiro', 3, '2023-01-21 19:49:07', '2023-01-21 19:49:07', NULL),
(268, 5, 'CDW Corporation', '7961799372', 'clinicplus264@gmail.com', 2929754099, 'Kigali, Kicukiro', 3, '2023-01-21 19:49:07', '2023-01-21 19:49:07', NULL),
(269, 5, 'CST Brands, Inc.', '6003283711', 'clinicplus265@gmail.com', 4814643870, 'Kigali, Kicukiro', 3, '2023-01-21 19:49:07', '2023-01-21 19:49:07', NULL),
(270, 5, 'Sempra Energy', '7490466737', 'clinicplus266@gmail.com', 9074848837, 'Kigali, Kicukiro', 3, '2023-01-21 19:49:07', '2023-01-21 19:49:07', NULL),
(271, 5, 'R.R. Donnelley & Sons Company', '3641466650', 'clinicplus267@gmail.com', 6324089939, 'Kigali, Kicukiro', 3, '2023-01-21 19:49:07', '2023-01-21 19:49:07', NULL),
(272, 5, 'BB&T Corporation', '2186070001', 'clinicplus268@gmail.com', 6452658063, 'Kigali, Kicukiro', 3, '2023-01-21 19:49:07', '2023-01-21 19:49:07', NULL),
(273, 5, 'Devon Energy Corporation', '7771275369', 'clinicplus269@gmail.com', 2746312489, 'Kigali, Kicukiro', 3, '2023-01-21 19:49:07', '2023-01-21 19:49:07', NULL),
(274, 5, 'Family Dollar Stores, Inc.', '7799152000', 'clinicplus270@gmail.com', 6303213288, 'Kigali, Kicukiro', 3, '2023-01-21 19:49:07', '2023-01-21 19:49:07', NULL),
(275, 5, 'Unum Group', '4165779787', 'clinicplus271@gmail.com', 1854208525, 'Kigali, Kicukiro', 3, '2023-01-21 19:49:07', '2023-01-21 19:49:07', NULL),
(276, 5, 'Ally Financial Inc.', '5457708504', 'clinicplus272@gmail.com', 4135300866, 'Kigali, Kicukiro', 3, '2023-01-21 19:49:07', '2023-01-21 19:49:07', NULL),
(277, 5, 'Reinsurance Group of America, Incorporated', '9399521001', 'clinicplus273@gmail.com', 9374619452, 'Kigali, Kicukiro', 3, '2023-01-21 19:49:07', '2023-01-21 19:49:07', NULL),
(278, 5, 'State Street Corporation', '2415028320', 'clinicplus274@gmail.com', 9476245031, 'Kigali, Kicukiro', 3, '2023-01-21 19:49:07', '2023-01-21 19:49:07', NULL),
(279, 5, 'Air Products & Chemicals, Inc.', '8388530439', 'clinicplus275@gmail.com', 9485558070, 'Kigali, Kicukiro', 3, '2023-01-21 19:49:07', '2023-01-21 19:49:07', NULL),
(280, 5, 'Ross Stores, Inc.', '1614371173', 'clinicplus276@gmail.com', 4497660115, 'Kigali, Kicukiro', 3, '2023-01-21 19:49:07', '2023-01-21 19:49:07', NULL),
(281, 5, 'The Sherwin-Williams Company', '9567318437', 'clinicplus277@gmail.com', 7400893824, 'Kigali, Kicukiro', 3, '2023-01-21 19:49:07', '2023-01-21 19:49:07', NULL),
(282, 5, 'The Este Lauder Companies Inc.', '8876023456', 'clinicplus278@gmail.com', 4397742175, 'Kigali, Kicukiro', 3, '2023-01-21 19:49:07', '2023-01-21 19:49:07', NULL),
(283, 5, 'BlackRock, Inc.', '9533531010', 'clinicplus279@gmail.com', 9654316515, 'Kigali, Kicukiro', 3, '2023-01-21 19:49:07', '2023-01-21 19:49:07', NULL),
(284, 5, 'Western Refining, Inc.', '6455713805', 'clinicplus280@gmail.com', 3109494974, 'Kigali, Kicukiro', 3, '2023-01-21 19:49:07', '2023-01-21 19:49:07', NULL),
(285, 5, 'Avon Products, Inc.', '8556819406', 'clinicplus281@gmail.com', 3018881315, 'Kigali, Kicukiro', 3, '2023-01-21 19:49:07', '2023-01-21 19:49:07', NULL),
(286, 5, 'The Mosaic Company', '3555587208', 'clinicplus282@gmail.com', 4661990291, 'Kigali, Kicukiro', 3, '2023-01-21 19:49:07', '2023-01-21 19:49:07', NULL),
(287, 5, 'Public Service Enterprise Group Incorporated', '4929794697', 'clinicplus283@gmail.com', 4170459790, 'Kigali, Kicukiro', 3, '2023-01-21 19:49:07', '2023-01-21 19:49:07', NULL),
(288, 5, 'Dean Foods Company', '5789058193', 'clinicplus284@gmail.com', 3311888347, 'Kigali, Kicukiro', 3, '2023-01-21 19:49:07', '2023-01-21 19:49:07', NULL),
(289, 5, 'Cameron International Corporation', '4457457858', 'clinicplus285@gmail.com', 3762902922, 'Kigali, Kicukiro', 3, '2023-01-21 19:49:07', '2023-01-21 19:49:07', NULL),
(290, 5, 'MGM Resorts International', '7488150866', 'clinicplus286@gmail.com', 2916004082, 'Kigali, Kicukiro', 3, '2023-01-21 19:49:07', '2023-01-21 19:49:07', NULL),
(291, 5, 'KKR & Co. L.P.', '3521441542', 'clinicplus287@gmail.com', 3735835632, 'Kigali, Kicukiro', 3, '2023-01-21 19:49:07', '2023-01-21 19:49:07', NULL),
(292, 5, 'Hilton Worldwide Holdings Inc.', '8030918861', 'clinicplus288@gmail.com', 4416068976, 'Kigali, Kicukiro', 3, '2023-01-21 19:49:07', '2023-01-21 19:49:07', NULL),
(293, 5, 'DTE Energy Company', '3248766972', 'clinicplus289@gmail.com', 3171142345, 'Kigali, Kicukiro', 3, '2023-01-21 19:49:07', '2023-01-21 19:49:07', NULL),
(294, 5, 'Genworth Financial, Inc.', '6268482189', 'clinicplus290@gmail.com', 5896785733, 'Kigali, Kicukiro', 3, '2023-01-21 19:49:07', '2023-01-21 19:49:07', NULL),
(295, 5, 'Henry Schein, Inc.', '4907049304', 'clinicplus291@gmail.com', 8638581798, 'Kigali, Kicukiro', 3, '2023-01-21 19:49:07', '2023-01-21 19:49:07', NULL),
(296, 5, 'Rock-Tenn Company', '3321308544', 'clinicplus292@gmail.com', 2461531986, 'Kigali, Kicukiro', 3, '2023-01-21 19:49:07', '2023-01-21 19:49:07', NULL),
(297, 5, 'WellCare Health Plans, Inc.', '2363278189', 'clinicplus293@gmail.com', 2020344637, 'Kigali, Kicukiro', 3, '2023-01-21 19:49:07', '2023-01-21 19:49:07', NULL),
(298, 5, 'W.W. Grainger, Inc.', '1394796762', 'clinicplus294@gmail.com', 5152762243, 'Kigali, Kicukiro', 3, '2023-01-21 19:49:07', '2023-01-21 19:49:07', NULL),
(299, 5, 'Discover Financial Services', '9309833593', 'clinicplus295@gmail.com', 8721115831, 'Kigali, Kicukiro', 3, '2023-01-21 19:49:07', '2023-01-21 19:49:07', NULL),
(300, 5, 'Eastman Chemical Company', '3316318716', 'clinicplus296@gmail.com', 3300388565, 'Kigali, Kicukiro', 3, '2023-01-21 19:49:07', '2023-01-21 19:49:07', NULL),
(301, 5, 'Principal Financial Group, Inc.', '4295780423', 'clinicplus297@gmail.com', 5202958933, 'Kigali, Kicukiro', 3, '2023-01-21 19:49:07', '2023-01-21 19:49:07', NULL),
(302, 5, 'Reliance Steel & Aluminum Co.', '5941690613', 'clinicplus298@gmail.com', 4123416586, 'Kigali, Kicukiro', 3, '2023-01-21 19:49:07', '2023-01-21 19:49:07', NULL),
(303, 5, 'AutoZone, Inc.', '4034020305', 'clinicplus299@gmail.com', 2662343598, 'Kigali, Kicukiro', 3, '2023-01-21 19:49:07', '2023-01-21 19:49:07', NULL),
(304, 5, 'Dover Corporation', '5723657261', 'clinicplus300@gmail.com', 3200932982, 'Kigali, Kicukiro', 3, '2023-01-21 19:49:07', '2023-01-21 19:49:07', NULL),
(305, 5, 'Micron Technology, Inc.', '9837741354', 'clinicplus301@gmail.com', 4996363475, 'Kigali, Kicukiro', 3, '2023-01-21 19:49:07', '2023-01-21 19:49:07', NULL),
(306, 5, 'Owens & Minor, Inc.', '6582133187', 'clinicplus302@gmail.com', 3007172128, 'Kigali, Kicukiro', 3, '2023-01-21 19:49:07', '2023-01-21 19:49:07', NULL),
(307, 5, 'Assurant, Inc.', '4518233864', 'clinicplus303@gmail.com', 8310796378, 'Kigali, Kicukiro', 3, '2023-01-21 19:49:07', '2023-01-21 19:49:07', NULL),
(308, 5, 'GameStop Corp.', '2082434643', 'clinicplus304@gmail.com', 7007121357, 'Kigali, Kicukiro', 3, '2023-01-21 19:49:07', '2023-01-21 19:49:07', NULL),
(309, 5, 'Stryker Corporation', '2660958032', 'clinicplus305@gmail.com', 4112740245, 'Kigali, Kicukiro', 3, '2023-01-21 19:49:07', '2023-01-21 19:49:07', NULL),
(310, 5, 'Group 1 Automotive, Inc.', '5060045312', 'clinicplus306@gmail.com', 8778355291, 'Kigali, Kicukiro', 3, '2023-01-21 19:49:07', '2023-01-21 19:49:07', NULL),
(311, 5, 'Cognizant Technology Solutions Corporation', '3852433132', 'clinicplus307@gmail.com', 6418278887, 'Kigali, Kicukiro', 3, '2023-01-21 19:49:07', '2023-01-21 19:49:07', NULL),
(312, 5, 'Sonic Automotive, Inc.', '6312103072', 'clinicplus308@gmail.com', 3252858178, 'Kigali, Kicukiro', 3, '2023-01-21 19:49:07', '2023-01-21 19:49:07', NULL),
(313, 5, 'Autoliv, Inc.', '2871767457', 'clinicplus309@gmail.com', 9037543988, 'Kigali, Kicukiro', 3, '2023-01-21 19:49:07', '2023-01-21 19:49:07', NULL),
(314, 5, 'Hormel Foods Corporation', '7304764915', 'clinicplus310@gmail.com', 2611270071, 'Kigali, Kicukiro', 3, '2023-01-21 19:49:07', '2023-01-21 19:49:07', NULL),
(315, 5, 'Motorola Solutions, Inc.', '7237430198', 'clinicplus311@gmail.com', 9370686636, 'Kigali, Kicukiro', 3, '2023-01-21 19:49:07', '2023-01-21 19:49:07', NULL),
(316, 5, 'Crown Holdings, Inc.', '2193343323', 'clinicplus312@gmail.com', 3744865879, 'Kigali, Kicukiro', 3, '2023-01-21 19:49:07', '2023-01-21 19:49:07', NULL),
(317, 5, 'SunTrust Banks, Inc.', '7471746746', 'clinicplus313@gmail.com', 3382103903, 'Kigali, Kicukiro', 3, '2023-01-21 19:49:07', '2023-01-21 19:49:07', NULL),
(318, 5, 'Campbell Soup Company', '5557855876', 'clinicplus314@gmail.com', 4048282122, 'Kigali, Kicukiro', 3, '2023-01-21 19:49:07', '2023-01-21 19:49:07', NULL),
(319, 5, 'Fidelity National Financial, Inc.', '1321144687', 'clinicplus315@gmail.com', 4485083521, 'Kigali, Kicukiro', 3, '2023-01-21 19:49:07', '2023-01-21 19:49:07', NULL),
(320, 5, 'HD Supply Holdings, Inc.', '6160053892', 'clinicplus316@gmail.com', 8200819288, 'Kigali, Kicukiro', 3, '2023-01-21 19:49:07', '2023-01-21 19:49:07', NULL),
(321, 5, 'Caesars Entertainment Corporation', '6444871144', 'clinicplus317@gmail.com', 1615817902, 'Kigali, Kicukiro', 3, '2023-01-21 19:49:07', '2023-01-21 19:49:07', NULL),
(322, 5, 'Darden Restaurants, Inc.', '5981478514', 'clinicplus318@gmail.com', 2749569308, 'Kigali, Kicukiro', 3, '2023-01-21 19:49:07', '2023-01-21 19:49:07', NULL),
(323, 5, 'Weyerhaeuser Company', '9267044367', 'clinicplus319@gmail.com', 1246384561, 'Kigali, Kicukiro', 3, '2023-01-21 19:49:07', '2023-01-21 19:49:07', NULL),
(324, 5, 'Ball Corporation', '1780483252', 'clinicplus320@gmail.com', 6339773689, 'Kigali, Kicukiro', 3, '2023-01-21 19:49:07', '2023-01-21 19:49:07', NULL),
(325, 5, 'Precision Castparts Corp.', '1997020110', 'clinicplus321@gmail.com', 4487730228, 'Kigali, Kicukiro', 3, '2023-01-21 19:49:07', '2023-01-21 19:49:07', NULL),
(326, 5, 'Masco Corporation', '2286921949', 'clinicplus322@gmail.com', 5210440973, 'Kigali, Kicukiro', 3, '2023-01-21 19:49:07', '2023-01-21 19:49:07', NULL),
(327, 5, 'Universal Health Services, Inc.', '4771068022', 'clinicplus323@gmail.com', 3239348949, 'Kigali, Kicukiro', 3, '2023-01-21 19:49:07', '2023-01-21 19:49:07', NULL),
(328, 5, 'Republic Services, Inc.', '9632919082', 'clinicplus324@gmail.com', 9465396323, 'Kigali, Kicukiro', 3, '2023-01-21 19:49:07', '2023-01-21 19:49:07', NULL),
(329, 5, 'MasterCard Incorporated', '5064277573', 'clinicplus325@gmail.com', 2874017961, 'Kigali, Kicukiro', 3, '2023-01-21 19:49:07', '2023-01-21 19:49:07', NULL),
(330, 5, 'Newmont Mining Corporation', '8515169092', 'clinicplus326@gmail.com', 9685552802, 'Kigali, Kicukiro', 3, '2023-01-21 19:49:07', '2023-01-21 19:49:07', NULL),
(331, 5, 'Broadcom Corporation', '2687126188', 'clinicplus327@gmail.com', 3336709684, 'Kigali, Kicukiro', 3, '2023-01-21 19:49:07', '2023-01-21 19:49:07', NULL),
(332, 5, 'Reynolds American Inc.', '8150959029', 'clinicplus328@gmail.com', 6597910802, 'Kigali, Kicukiro', 3, '2023-01-21 19:49:07', '2023-01-21 19:49:07', NULL),
(333, 5, 'PVH Corp.', '3847499862', 'clinicplus329@gmail.com', 1601970111, 'Kigali, Kicukiro', 3, '2023-01-21 19:49:07', '2023-01-21 19:49:07', NULL),
(334, 5, 'Charter Communications, Inc.', '9737858285', 'clinicplus330@gmail.com', 9603322341, 'Kigali, Kicukiro', 3, '2023-01-21 19:49:07', '2023-01-21 19:49:07', NULL),
(335, 5, 'AECOM Technology Corporation', '2483243047', 'clinicplus331@gmail.com', 5370298468, 'Kigali, Kicukiro', 3, '2023-01-21 19:49:07', '2023-01-21 19:49:07', NULL),
(336, 5, 'CenterPoint Energy, Inc.', '2952613372', 'clinicplus332@gmail.com', 8711558417, 'Kigali, Kicukiro', 3, '2023-01-21 19:49:07', '2023-01-21 19:49:07', NULL),
(337, 5, 'Pacific Life', '1391893300', 'clinicplus333@gmail.com', 8222033287, 'Kigali, Kicukiro', 3, '2023-01-21 19:49:07', '2023-01-21 19:49:07', NULL),
(338, 5, 'Thrivent Financial for Lutherans', '7755849909', 'clinicplus334@gmail.com', 4448612986, 'Kigali, Kicukiro', 3, '2023-01-21 19:49:07', '2023-01-21 19:49:07', NULL),
(339, 5, 'Becton, Dickinson and Company', '2807889322', 'clinicplus335@gmail.com', 9889184363, 'Kigali, Kicukiro', 3, '2023-01-21 19:49:07', '2023-01-21 19:49:07', NULL),
(340, 5, 'Franklin Resources, Inc.', '9471087661', 'clinicplus336@gmail.com', 9546261587, 'Kigali, Kicukiro', 3, '2023-01-21 19:49:07', '2023-01-21 19:49:07', NULL),
(341, 5, 'Tenneco Inc.', '2176267596', 'clinicplus337@gmail.com', 5558299632, 'Kigali, Kicukiro', 3, '2023-01-21 19:49:07', '2023-01-21 19:49:07', NULL),
(342, 5, 'TravelCenters of America LLC', '3085044427', 'clinicplus338@gmail.com', 2860290898, 'Kigali, Kicukiro', 3, '2023-01-21 19:49:07', '2023-01-21 19:49:07', NULL),
(343, 5, 'Avis Budget Group, Inc.', '8834011144', 'clinicplus339@gmail.com', 3597777987, 'Kigali, Kicukiro', 3, '2023-01-21 19:49:07', '2023-01-21 19:49:07', NULL),
(344, 5, 'Facebook, Inc.', '1291279694', 'clinicplus340@gmail.com', 1315283077, 'Kigali, Kicukiro', 3, '2023-01-21 19:49:07', '2023-01-21 19:49:07', NULL),
(345, 5, 'Dollar Tree, Inc.', '2884128942', 'clinicplus341@gmail.com', 1690618681, 'Kigali, Kicukiro', 3, '2023-01-21 19:49:07', '2023-01-21 19:49:07', NULL),
(346, 5, 'Corning Incorporated', '4320267282', 'clinicplus342@gmail.com', 8481753669, 'Kigali, Kicukiro', 3, '2023-01-21 19:49:07', '2023-01-21 19:49:07', NULL),
(347, 5, 'Ashland Inc.', '1376674099', 'clinicplus343@gmail.com', 7117931033, 'Kigali, Kicukiro', 3, '2023-01-21 19:49:07', '2023-01-21 19:49:07', NULL),
(348, 5, 'Sealed Air Corporation', '9890043221', 'clinicplus344@gmail.com', 5217483890, 'Kigali, Kicukiro', 3, '2023-01-21 19:49:07', '2023-01-21 19:49:07', NULL),
(349, 5, 'Core-Mark Holding Company, Inc.', '8394133352', 'clinicplus345@gmail.com', 4272859096, 'Kigali, Kicukiro', 3, '2023-01-21 19:49:07', '2023-01-21 19:49:07', NULL),
(350, 5, 'Oshkosh Corporation', '4026829901', 'clinicplus346@gmail.com', 1033095959, 'Kigali, Kicukiro', 3, '2023-01-21 19:49:07', '2023-01-21 19:49:07', NULL),
(351, 5, 'Coca-Cola Enterprises, Inc.', '9815417935', 'clinicplus347@gmail.com', 8786776473, 'Kigali, Kicukiro', 3, '2023-01-21 19:49:07', '2023-01-21 19:49:07', NULL),
(352, 5, 'WESCO International, Inc.', '5358942142', 'clinicplus348@gmail.com', 2013033173, 'Kigali, Kicukiro', 3, '2023-01-21 19:49:07', '2023-01-21 19:49:07', NULL),
(353, 5, 'Applied Materials, Inc.', '4300681582', 'clinicplus349@gmail.com', 6840072503, 'Kigali, Kicukiro', 3, '2023-01-21 19:49:07', '2023-01-21 19:49:07', NULL),
(354, 5, 'Visteon Corporation', '6971018886', 'clinicplus350@gmail.com', 6040610087, 'Kigali, Kicukiro', 3, '2023-01-21 19:49:07', '2023-01-21 19:49:07', NULL),
(355, 5, 'BorgWarner Inc.', '5539269823', 'clinicplus351@gmail.com', 4496471417, 'Kigali, Kicukiro', 3, '2023-01-21 19:49:07', '2023-01-21 19:49:07', NULL),
(356, 5, 'Spectrum Group International, Inc.', '1527181889', 'clinicplus352@gmail.com', 3499947525, 'Kigali, Kicukiro', 3, '2023-01-21 19:49:07', '2023-01-21 19:49:07', NULL),
(357, 5, 'Oaktree Capital Group, LLC', '5756775727', 'clinicplus353@gmail.com', 9345366091, 'Kigali, Kicukiro', 3, '2023-01-21 19:49:07', '2023-01-21 19:49:07', NULL),
(358, 5, 'Steel Dynamics, Inc.', '8984158603', 'clinicplus354@gmail.com', 2968188812, 'Kigali, Kicukiro', 3, '2023-01-21 19:49:07', '2023-01-21 19:49:07', NULL),
(359, 5, 'Jarden Corporation', '7469399871', 'clinicplus355@gmail.com', 2600471542, 'Kigali, Kicukiro', 3, '2023-01-21 19:49:07', '2023-01-21 19:49:07', NULL),
(360, 5, 'Mohawk Industries, Inc.', '5735921238', 'clinicplus356@gmail.com', 7196055431, 'Kigali, Kicukiro', 3, '2023-01-21 19:49:07', '2023-01-21 19:49:07', NULL),
(361, 5, 'Terex Corporation', '4509705260', 'clinicplus357@gmail.com', 6526930490, 'Kigali, Kicukiro', 3, '2023-01-21 19:49:07', '2023-01-21 19:49:07', NULL),
(362, 5, 'Northeast Utilities', '9975139067', 'clinicplus358@gmail.com', 8230345451, 'Kigali, Kicukiro', 3, '2023-01-21 19:49:07', '2023-01-21 19:49:07', NULL),
(363, 5, 'KBR, Inc.', '5646308950', 'clinicplus359@gmail.com', 2909113749, 'Kigali, Kicukiro', 3, '2023-01-21 19:49:07', '2023-01-21 19:49:07', NULL),
(364, 5, 'Fifth Third Bancorp', '4636927657', 'clinicplus360@gmail.com', 2778103168, 'Kigali, Kicukiro', 3, '2023-01-21 19:49:07', '2023-01-21 19:49:07', NULL),
(365, 5, 'UGI Corporation', '6220423120', 'clinicplus361@gmail.com', 8404528072, 'Kigali, Kicukiro', 3, '2023-01-21 19:49:07', '2023-01-21 19:49:07', NULL),
(366, 5, 'CBRE Group, Inc.', '1808837735', 'clinicplus362@gmail.com', 5629844958, 'Kigali, Kicukiro', 3, '2023-01-21 19:49:07', '2023-01-21 19:49:07', NULL),
(367, 5, 'Quest Diagnostics Incorporated', '4934604814', 'clinicplus363@gmail.com', 1946187382, 'Kigali, Kicukiro', 3, '2023-01-21 19:49:07', '2023-01-21 19:49:07', NULL),
(368, 5, 'Peabody Energy Corporation', '1965402816', 'clinicplus364@gmail.com', 1280464330, 'Kigali, Kicukiro', 3, '2023-01-21 19:49:07', '2023-01-21 19:49:07', NULL),
(369, 5, 'The Hershey Company', '5609122068', 'clinicplus365@gmail.com', 5089571341, 'Kigali, Kicukiro', 3, '2023-01-21 19:49:07', '2023-01-21 19:49:07', NULL),
(370, 5, 'Boston Scientific Corporation', '7205431125', 'clinicplus366@gmail.com', 8696936711, 'Kigali, Kicukiro', 3, '2023-01-21 19:49:07', '2023-01-21 19:49:07', NULL),
(371, 5, 'FMC Technologies, Inc.', '4894777714', 'clinicplus367@gmail.com', 5489974990, 'Kigali, Kicukiro', 3, '2023-01-21 19:49:07', '2023-01-21 19:49:07', NULL),
(372, 5, 'The Interpublic Group of Companies, Inc.', '2713861705', 'clinicplus368@gmail.com', 8259831609, 'Kigali, Kicukiro', 3, '2023-01-21 19:49:07', '2023-01-21 19:49:07', NULL),
(373, 5, 'Commercial Metals Company', '9897481415', 'clinicplus369@gmail.com', 1660152654, 'Kigali, Kicukiro', 3, '2023-01-21 19:49:07', '2023-01-21 19:49:07', NULL),
(374, 5, 'The Pantry, Inc.', '7173159376', 'clinicplus370@gmail.com', 6374119435, 'Kigali, Kicukiro', 3, '2023-01-21 19:49:07', '2023-01-21 19:49:07', NULL),
(375, 5, 'Owens-Illinois, Inc.', '6469992519', 'clinicplus371@gmail.com', 2722090537, 'Kigali, Kicukiro', 3, '2023-01-21 19:49:07', '2023-01-21 19:49:07', NULL),
(376, 5, 'American Family Ins. Group', '8409484044', 'clinicplus372@gmail.com', 7085928046, 'Kigali, Kicukiro', 3, '2023-01-21 19:49:07', '2023-01-21 19:49:07', NULL),
(377, 5, 'Ralph Lauren Corporation', '4325267257', 'clinicplus373@gmail.com', 2384146000, 'Kigali, Kicukiro', 3, '2023-01-21 19:49:07', '2023-01-21 19:49:07', NULL),
(378, 5, 'Biogen Idec Inc.', '2335380692', 'clinicplus374@gmail.com', 6194062244, 'Kigali, Kicukiro', 3, '2023-01-21 19:49:07', '2023-01-21 19:49:07', NULL),
(379, 5, 'PetSmart, Inc.', '5296740286', 'clinicplus375@gmail.com', 3022649561, 'Kigali, Kicukiro', 3, '2023-01-21 19:49:07', '2023-01-21 19:49:07', NULL),
(380, 5, 'Mylan Inc.', '1773618314', 'clinicplus376@gmail.com', 1833062492, 'Kigali, Kicukiro', 3, '2023-01-21 19:49:07', '2023-01-21 19:49:07', NULL),
(381, 5, 'Symantec Corporation', '8352964129', 'clinicplus377@gmail.com', 8921933091, 'Kigali, Kicukiro', 3, '2023-01-21 19:49:07', '2023-01-21 19:49:07', NULL),
(382, 5, 'Ameren Corporation', '2539073493', 'clinicplus378@gmail.com', 5592774212, 'Kigali, Kicukiro', 3, '2023-01-21 19:49:07', '2023-01-21 19:49:07', NULL),
(383, 5, 'The Williams Companies, Inc.', '7356110233', 'clinicplus379@gmail.com', 9768080220, 'Kigali, Kicukiro', 3, '2023-01-21 19:49:07', '2023-01-21 19:49:07', NULL),
(384, 5, 'Barnes & Noble, Inc.', '8728658149', 'clinicplus380@gmail.com', 2555974281, 'Kigali, Kicukiro', 3, '2023-01-21 19:49:07', '2023-01-21 19:49:07', NULL),
(385, 5, 'Huntington Ingalls Industries, Inc.', '9429970540', 'clinicplus381@gmail.com', 2450383349, 'Kigali, Kicukiro', 3, '2023-01-21 19:49:07', '2023-01-21 19:49:07', NULL),
(386, 5, 'The Priceline Group Inc.', '9267539129', 'clinicplus382@gmail.com', 2630892991, 'Kigali, Kicukiro', 3, '2023-01-21 19:49:07', '2023-01-21 19:49:07', NULL),
(387, 5, 'Agilent Technologies, Inc.', '2213363554', 'clinicplus383@gmail.com', 2339637936, 'Kigali, Kicukiro', 3, '2023-01-21 19:49:07', '2023-01-21 19:49:07', NULL),
(388, 5, 'Dana Holding Corporation', '5867209006', 'clinicplus384@gmail.com', 3309979417, 'Kigali, Kicukiro', 3, '2023-01-21 19:49:07', '2023-01-21 19:49:07', NULL),
(389, 5, 'Dillards, Inc.', '5662546111', 'clinicplus385@gmail.com', 8127277720, 'Kigali, Kicukiro', 3, '2023-01-21 19:49:07', '2023-01-21 19:49:07', NULL),
(390, 5, 'Seaboard Corporation', '2740107918', 'clinicplus386@gmail.com', 8087438637, 'Kigali, Kicukiro', 3, '2023-01-21 19:49:07', '2023-01-21 19:49:07', NULL),
(391, 5, 'Vanguard Health Systems, Inc.', '6797647166', 'clinicplus387@gmail.com', 5854932713, 'Kigali, Kicukiro', 3, '2023-01-21 19:49:07', '2023-01-21 19:49:07', NULL),
(392, 5, 'Caseys General Stores, Inc.', '1811645155', 'clinicplus388@gmail.com', 2810685514, 'Kigali, Kicukiro', 3, '2023-01-21 19:49:07', '2023-01-21 19:49:07', NULL),
(393, 5, 'OReilly Automotive, Inc.', '4462666823', 'clinicplus389@gmail.com', 7683308168, 'Kigali, Kicukiro', 3, '2023-01-21 19:49:07', '2023-01-21 19:49:07', NULL),
(394, 5, 'The Blackstone Group L.P.', '6118558045', 'clinicplus390@gmail.com', 8658464212, 'Kigali, Kicukiro', 3, '2023-01-21 19:49:07', '2023-01-21 19:49:07', NULL),
(395, 5, 'Mutual of Omaha Insurance Company', '8273397099', 'clinicplus391@gmail.com', 2027437809, 'Kigali, Kicukiro', 3, '2023-01-21 19:49:07', '2023-01-21 19:49:07', NULL),
(396, 5, 'Molina Healthcare, Inc.', '1023660419', 'clinicplus392@gmail.com', 2588206235, 'Kigali, Kicukiro', 3, '2023-01-21 19:49:07', '2023-01-21 19:49:07', NULL),
(397, 5, 'CMS Energy Corporation', '8222221126', 'clinicplus393@gmail.com', 8970610373, 'Kigali, Kicukiro', 3, '2023-01-21 19:49:07', '2023-01-21 19:49:07', NULL),
(398, 5, 'Targa Resources Corp.', '4057742305', 'clinicplus394@gmail.com', 2012195421, 'Kigali, Kicukiro', 3, '2023-01-21 19:49:07', '2023-01-21 19:49:07', NULL),
(399, 5, 'Quanta Services, Inc.', '6796076694', 'clinicplus395@gmail.com', 5183204904, 'Kigali, Kicukiro', 3, '2023-01-21 19:49:07', '2023-01-21 19:49:07', NULL),
(400, 5, 'Cablevision Systems Corporation', '7174852513', 'clinicplus396@gmail.com', 2863801109, 'Kigali, Kicukiro', 3, '2023-01-21 19:49:07', '2023-01-21 19:49:07', NULL),
(401, 5, 'Avery Dennison Corporation', '4568196328', 'clinicplus397@gmail.com', 7629529707, 'Kigali, Kicukiro', 3, '2023-01-21 19:49:07', '2023-01-21 19:49:07', NULL),
(402, 5, 'Celanese Corporation', '7392574324', 'clinicplus398@gmail.com', 5942805600, 'Kigali, Kicukiro', 3, '2023-01-21 19:49:07', '2023-01-21 19:49:07', NULL),
(403, 5, 'Foot Locker, Inc.', '4264716782', 'clinicplus399@gmail.com', 5499377701, 'Kigali, Kicukiro', 3, '2023-01-21 19:49:07', '2023-01-21 19:49:07', NULL),
(404, 5, 'Celgene Corporation', '8053068060', 'clinicplus400@gmail.com', 3327050680, 'Kigali, Kicukiro', 3, '2023-01-21 19:49:07', '2023-01-21 19:49:07', NULL),
(405, 5, 'Advance Auto Parts, Inc.', '9471139767', 'clinicplus401@gmail.com', 2785682012, 'Kigali, Kicukiro', 3, '2023-01-21 19:49:07', '2023-01-21 19:49:07', NULL),
(406, 5, 'Mattel, Inc.', '9233435312', 'clinicplus402@gmail.com', 7806175989, 'Kigali, Kicukiro', 3, '2023-01-21 19:49:07', '2023-01-21 19:49:07', NULL),
(407, 5, 'Live Nation Entertainment, Inc.', '4390489480', 'clinicplus403@gmail.com', 6564036918, 'Kigali, Kicukiro', 3, '2023-01-21 19:49:07', '2023-01-21 19:49:07', NULL),
(408, 5, 'General Cable Corporation', '5138200688', 'clinicplus404@gmail.com', 7277988098, 'Kigali, Kicukiro', 3, '2023-01-21 19:49:07', '2023-01-21 19:49:07', NULL),
(409, 5, 'Ryder System, Inc.', '7099224338', 'clinicplus405@gmail.com', 3306768961, 'Kigali, Kicukiro', 3, '2023-01-21 19:49:07', '2023-01-21 19:49:07', NULL),
(410, 5, 'EMCOR Group, Inc.', '9444683294', 'clinicplus406@gmail.com', 1442565598, 'Kigali, Kicukiro', 3, '2023-01-21 19:49:07', '2023-01-21 19:49:07', NULL),
(411, 5, 'Allergan, Inc.', '9276935630', 'clinicplus407@gmail.com', 7999196177, 'Kigali, Kicukiro', 3, '2023-01-21 19:49:07', '2023-01-21 19:49:07', NULL),
(412, 5, 'W.R. Berkley Corporation', '1738773886', 'clinicplus408@gmail.com', 1210093549, 'Kigali, Kicukiro', 3, '2023-01-21 19:49:07', '2023-01-21 19:49:07', NULL),
(413, 5, 'Rockwell Automation, Inc.', '7484999358', 'clinicplus409@gmail.com', 4061350773, 'Kigali, Kicukiro', 3, '2023-01-21 19:49:07', '2023-01-21 19:49:07', NULL),
(414, 5, 'NetApp, Inc.', '1041703532', 'clinicplus410@gmail.com', 3873801433, 'Kigali, Kicukiro', 3, '2023-01-21 19:49:07', '2023-01-21 19:49:07', NULL),
(415, 5, 'Ingredion Incorporated', '6812027022', 'clinicplus411@gmail.com', 9956450876, 'Kigali, Kicukiro', 3, '2023-01-21 19:49:07', '2023-01-21 19:49:07', NULL),
(416, 5, 'Level 3 Communications, Inc.', '1976054837', 'clinicplus412@gmail.com', 2776623771, 'Kigali, Kicukiro', 3, '2023-01-21 19:49:07', '2023-01-21 19:49:07', NULL),
(417, 5, 'Calpine Corporation', '3632246923', 'clinicplus413@gmail.com', 5746495310, 'Kigali, Kicukiro', 3, '2023-01-21 19:49:07', '2023-01-21 19:49:07', NULL),
(418, 5, 'Omnicare, Inc.', '5596495125', 'clinicplus414@gmail.com', 8298374465, 'Kigali, Kicukiro', 3, '2023-01-21 19:49:07', '2023-01-21 19:49:07', NULL),
(419, 5, 'Erie Insurance Group', '7140810378', 'clinicplus415@gmail.com', 9211471109, 'Kigali, Kicukiro', 3, '2023-01-21 19:49:07', '2023-01-21 19:49:07', NULL),
(420, 5, 'SLM Corporation', '6279673799', 'clinicplus416@gmail.com', 1066775867, 'Kigali, Kicukiro', 3, '2023-01-21 19:49:07', '2023-01-21 19:49:07', NULL),
(421, 5, 'D.R. Horton, Inc.', '6741036336', 'clinicplus417@gmail.com', 9605547147, 'Kigali, Kicukiro', 3, '2023-01-21 19:49:07', '2023-01-21 19:49:07', NULL),
(422, 5, 'CC Media Holdings, Inc.', '3301808022', 'clinicplus418@gmail.com', 1543560765, 'Kigali, Kicukiro', 3, '2023-01-21 19:49:07', '2023-01-21 19:49:07', NULL),
(423, 5, 'Anixter International Inc.', '3989706460', 'clinicplus419@gmail.com', 9506439287, 'Kigali, Kicukiro', 3, '2023-01-21 19:49:07', '2023-01-21 19:49:07', NULL),
(424, 5, 'Dicks Sporting Goods, Inc.', '9746251185', 'clinicplus420@gmail.com', 3120086353, 'Kigali, Kicukiro', 3, '2023-01-21 19:49:07', '2023-01-21 19:49:07', NULL),
(425, 5, 'SanDisk Corporation', '1734202976', 'clinicplus421@gmail.com', 9522026340, 'Kigali, Kicukiro', 3, '2023-01-21 19:49:07', '2023-01-21 19:49:07', NULL),
(426, 5, 'NCR Corporation', '6773099302', 'clinicplus422@gmail.com', 7750903040, 'Kigali, Kicukiro', 3, '2023-01-21 19:49:07', '2023-01-21 19:49:07', NULL),
(427, 5, 'Starwood Hotels & Resorts Worldwide, Inc.', '1179238981', 'clinicplus423@gmail.com', 6092186491, 'Kigali, Kicukiro', 3, '2023-01-21 19:49:07', '2023-01-21 19:49:07', NULL),
(428, 5, 'Expeditors International of Washington, Inc.', '1932550187', 'clinicplus424@gmail.com', 8844305396, 'Kigali, Kicukiro', 3, '2023-01-21 19:49:07', '2023-01-21 19:49:07', NULL),
(429, 5, 'Fidelity National Information Services, Inc.', '5116310459', 'clinicplus425@gmail.com', 9401116081, 'Kigali, Kicukiro', 3, '2023-01-21 19:49:07', '2023-01-21 19:49:07', NULL),
(430, 5, 'United Natural Foods, Inc.', '7414525867', 'clinicplus426@gmail.com', 4751362875, 'Kigali, Kicukiro', 3, '2023-01-21 19:49:07', '2023-01-21 19:49:07', NULL),
(431, 5, 'Auto-Owners Insurance Group', '9457030365', 'clinicplus427@gmail.com', 3474172656, 'Kigali, Kicukiro', 3, '2023-01-21 19:49:07', '2023-01-21 19:49:07', NULL),
(432, 5, 'Windstream Holdings, Inc.', '6795129004', 'clinicplus428@gmail.com', 8104959921, 'Kigali, Kicukiro', 3, '2023-01-21 19:49:07', '2023-01-21 19:49:07', NULL),
(433, 5, 'Dr Pepper Snapple Group, Inc.', '8837603582', 'clinicplus429@gmail.com', 5152069012, 'Kigali, Kicukiro', 3, '2023-01-21 19:49:07', '2023-01-21 19:49:07', NULL),
(434, 5, 'Lennar Corporation', '3958087818', 'clinicplus430@gmail.com', 9953239880, 'Kigali, Kicukiro', 3, '2023-01-21 19:49:07', '2023-01-21 19:49:07', NULL),
(435, 5, 'Sanmina', '4014696437', 'clinicplus431@gmail.com', 7411960851, 'Kigali, Kicukiro', 3, '2023-01-21 19:49:07', '2023-01-21 19:49:07', NULL),
(436, 5, 'Harley-Davidson, Inc.', '2209010283', 'clinicplus432@gmail.com', 6909148153, 'Kigali, Kicukiro', 3, '2023-01-21 19:49:07', '2023-01-21 19:49:07', NULL),
(437, 5, 'CONSOL Energy Inc.', '8431546337', 'clinicplus433@gmail.com', 4962471322, 'Kigali, Kicukiro', 3, '2023-01-21 19:49:07', '2023-01-21 19:49:07', NULL),
(438, 5, 'The J.M. Smucker Company', '3645797248', 'clinicplus434@gmail.com', 8255624519, 'Kigali, Kicukiro', 3, '2023-01-21 19:49:07', '2023-01-21 19:49:07', NULL),
(439, 5, 'Newell Rubbermaid Inc.', '9806833251', 'clinicplus435@gmail.com', 2525256905, 'Kigali, Kicukiro', 3, '2023-01-21 19:49:07', '2023-01-21 19:49:07', NULL),
(440, 5, 'CH2M HILL Companies, Ltd.', '8188972599', 'clinicplus436@gmail.com', 9859308201, 'Kigali, Kicukiro', 3, '2023-01-21 19:49:07', '2023-01-21 19:49:07', NULL),
(441, 5, 'Energy Future Holdings Corp.', '6492374405', 'clinicplus437@gmail.com', 6432156629, 'Kigali, Kicukiro', 3, '2023-01-21 19:49:07', '2023-01-21 19:49:07', NULL),
(442, 5, 'Susser Holdings Corporation', '1671697355', 'clinicplus438@gmail.com', 4340365414, 'Kigali, Kicukiro', 3, '2023-01-21 19:49:07', '2023-01-21 19:49:07', NULL),
(443, 5, 'Laboratory Corporation of America Holdings', '5351989034', 'clinicplus439@gmail.com', 4053201910, 'Kigali, Kicukiro', 3, '2023-01-21 19:49:07', '2023-01-21 19:49:07', NULL),
(444, 5, 'Kindred Healthcare, Inc.', '3821497118', 'clinicplus440@gmail.com', 8347571458, 'Kigali, Kicukiro', 3, '2023-01-21 19:49:07', '2023-01-21 19:49:07', NULL),
(445, 5, 'Leidos Holdings Inc.', '6805807475', 'clinicplus441@gmail.com', 9968819154, 'Kigali, Kicukiro', 3, '2023-01-21 19:49:07', '2023-01-21 19:49:07', NULL),
(446, 5, 'Booz Allen Hamilton Holding Corp.', '6176653295', 'clinicplus442@gmail.com', 5288927603, 'Kigali, Kicukiro', 3, '2023-01-21 19:49:07', '2023-01-21 19:49:07', NULL),
(447, 5, 'The Jones Financial Companies,L.L.L.P.', '9002291527', 'clinicplus443@gmail.com', 2338200406, 'Kigali, Kicukiro', 3, '2023-01-21 19:49:07', '2023-01-21 19:49:07', NULL),
(448, 5, 'Cliffs Natural Resources Inc.', '2027319710', 'clinicplus444@gmail.com', 9386478816, 'Kigali, Kicukiro', 3, '2023-01-21 19:49:07', '2023-01-21 19:49:07', NULL),
(449, 5, 'PulteGroup, Inc.', '3069535387', 'clinicplus445@gmail.com', 3263745509, 'Kigali, Kicukiro', 3, '2023-01-21 19:49:07', '2023-01-21 19:49:07', NULL),
(450, 5, 'Regions Financial Corporation', '1855939453', 'clinicplus446@gmail.com', 1761147293, 'Kigali, Kicukiro', 3, '2023-01-21 19:49:07', '2023-01-21 19:49:07', NULL),
(451, 5, 'NiSource Inc.', '4676390504', 'clinicplus447@gmail.com', 4161521678, 'Kigali, Kicukiro', 3, '2023-01-21 19:49:07', '2023-01-21 19:49:07', NULL),
(452, 5, 'Graybar Electric Company, Inc.', '4967184762', 'clinicplus448@gmail.com', 4571983759, 'Kigali, Kicukiro', 3, '2023-01-21 19:49:07', '2023-01-21 19:49:07', NULL),
(453, 5, 'Integrys Energy Group, Inc.', '7514303509', 'clinicplus449@gmail.com', 4485286616, 'Kigali, Kicukiro', 3, '2023-01-21 19:49:07', '2023-01-21 19:49:07', NULL),
(454, 5, 'The Clorox Company', '1448223474', 'clinicplus450@gmail.com', 4754931330, 'Kigali, Kicukiro', 3, '2023-01-21 19:49:07', '2023-01-21 19:49:07', NULL),
(455, 5, 'Wynn Resorts, Limited', '2532652824', 'clinicplus451@gmail.com', 1537794465, 'Kigali, Kicukiro', 3, '2023-01-21 19:49:07', '2023-01-21 19:49:07', NULL),
(456, 5, 'The Andersons, Inc.', '5024984085', 'clinicplus452@gmail.com', 9137025042, 'Kigali, Kicukiro', 3, '2023-01-21 19:49:07', '2023-01-21 19:49:07', NULL),
(457, 5, 'J.B. Hunt Transport Services, Inc.', '3804551236', 'clinicplus453@gmail.com', 2771508568, 'Kigali, Kicukiro', 3, '2023-01-21 19:49:07', '2023-01-21 19:49:07', NULL),
(458, 5, 'AK Steel Holding Corporation', '1632319922', 'clinicplus454@gmail.com', 1370596797, 'Kigali, Kicukiro', 3, '2023-01-21 19:49:07', '2023-01-21 19:49:07', NULL),
(459, 5, 'Harbinger Group Inc.', '5686456770', 'clinicplus455@gmail.com', 4037167226, 'Kigali, Kicukiro', 3, '2023-01-21 19:49:07', '2023-01-21 19:49:07', NULL),
(460, 5, 'MeadWestvaco Corporation', '5064444128', 'clinicplus456@gmail.com', 1780308407, 'Kigali, Kicukiro', 3, '2023-01-21 19:49:07', '2023-01-21 19:49:07', NULL),
(461, 5, 'The Western Union Company', '2546079034', 'clinicplus457@gmail.com', 8661110294, 'Kigali, Kicukiro', 3, '2023-01-21 19:49:07', '2023-01-21 19:49:07', NULL),
(462, 5, 'The Charles Schwab Corporation', '3272739600', 'clinicplus458@gmail.com', 1457003181, 'Kigali, Kicukiro', 3, '2023-01-21 19:49:07', '2023-01-21 19:49:07', NULL),
(463, 5, 'Discovery Communications, Inc.', '5691643667', 'clinicplus459@gmail.com', 7153346404, 'Kigali, Kicukiro', 3, '2023-01-21 19:49:07', '2023-01-21 19:49:07', NULL),
(464, 5, 'Spectra Energy Corp', '3729718102', 'clinicplus460@gmail.com', 5975324405, 'Kigali, Kicukiro', 3, '2023-01-21 19:49:07', '2023-01-21 19:49:07', NULL),
(465, 5, 'St. Jude Medical, Inc.', '8119219515', 'clinicplus461@gmail.com', 2835111159, 'Kigali, Kicukiro', 3, '2023-01-21 19:49:07', '2023-01-21 19:49:07', NULL),
(466, 5, 'CF Industries Holdings, Inc.', '3748346682', 'clinicplus462@gmail.com', 4529508450, 'Kigali, Kicukiro', 3, '2023-01-21 19:49:07', '2023-01-21 19:49:07', NULL),
(467, 5, 'Con-way Inc.', '5209618989', 'clinicplus463@gmail.com', 8502707332, 'Kigali, Kicukiro', 3, '2023-01-21 19:49:07', '2023-01-21 19:49:07', NULL),
(468, 5, 'Old Republic International Corporation', '8943640120', 'clinicplus464@gmail.com', 1271076120, 'Kigali, Kicukiro', 3, '2023-01-21 19:49:07', '2023-01-21 19:49:07', NULL),
(469, 5, 'JetBlue Airways Corporation', '8674052635', 'clinicplus465@gmail.com', 9094003038, 'Kigali, Kicukiro', 3, '2023-01-21 19:49:07', '2023-01-21 19:49:07', NULL),
(470, 5, 'Calumet Specialty Products Partners, L.P.', '9815644149', 'clinicplus466@gmail.com', 6260701797, 'Kigali, Kicukiro', 3, '2023-01-21 19:49:07', '2023-01-21 19:49:07', NULL),
(471, 5, 'Kelly Services, Inc.', '1865371431', 'clinicplus467@gmail.com', 3421476806, 'Kigali, Kicukiro', 3, '2023-01-21 19:49:07', '2023-01-21 19:49:07', NULL),
(472, 5, 'Domtar Corporation', '4936517359', 'clinicplus468@gmail.com', 6444203077, 'Kigali, Kicukiro', 3, '2023-01-21 19:49:07', '2023-01-21 19:49:07', NULL),
(473, 5, 'Murphy Oil Corporation', '7160845495', 'clinicplus469@gmail.com', 1402660888, 'Kigali, Kicukiro', 3, '2023-01-21 19:49:07', '2023-01-21 19:49:07', NULL),
(474, 5, 'Harris Corporation', '5211333769', 'clinicplus470@gmail.com', 5319430338, 'Kigali, Kicukiro', 3, '2023-01-21 19:49:07', '2023-01-21 19:49:07', NULL),
(475, 5, 'Asbury Automotive Group, Inc.', '2034160743', 'clinicplus471@gmail.com', 1823916908, 'Kigali, Kicukiro', 3, '2023-01-21 19:49:07', '2023-01-21 19:49:07', NULL),
(476, 5, 'Big Lots, Inc.', '5542473839', 'clinicplus472@gmail.com', 3087094064, 'Kigali, Kicukiro', 3, '2023-01-21 19:49:07', '2023-01-21 19:49:07', NULL),
(477, 5, 'Advanced Micro Devices, Inc.', '2746868307', 'clinicplus473@gmail.com', 8737632382, 'Kigali, Kicukiro', 3, '2023-01-21 19:49:07', '2023-01-21 19:49:07', NULL),
(478, 5, 'Owens Corning', '2376592650', 'clinicplus474@gmail.com', 7185361112, 'Kigali, Kicukiro', 3, '2023-01-21 19:49:07', '2023-01-21 19:49:07', NULL),
(479, 5, 'Realogy Holdings Corp.', '6565860609', 'clinicplus475@gmail.com', 4522853033, 'Kigali, Kicukiro', 3, '2023-01-21 19:49:07', '2023-01-21 19:49:07', NULL),
(480, 5, 'Host Hotels & Resorts, Inc.', '5207093257', 'clinicplus476@gmail.com', 7534415799, 'Kigali, Kicukiro', 3, '2023-01-21 19:49:07', '2023-01-21 19:49:07', NULL),
(481, 5, 'MRC Global Inc.', '6628621208', 'clinicplus477@gmail.com', 1866333803, 'Kigali, Kicukiro', 3, '2023-01-21 19:49:07', '2023-01-21 19:49:07', NULL),
(482, 5, 'Simon Property Group, Inc.', '2883871183', 'clinicplus478@gmail.com', 2464972397, 'Kigali, Kicukiro', 3, '2023-01-21 19:49:07', '2023-01-21 19:49:07', NULL),
(483, 5, 'Tractor Supply Company', '6354208238', 'clinicplus479@gmail.com', 4522146690, 'Kigali, Kicukiro', 3, '2023-01-21 19:49:07', '2023-01-21 19:49:07', NULL),
(484, 5, 'Gannett Co., Inc.', '3472154783', 'clinicplus480@gmail.com', 5591801608, 'Kigali, Kicukiro', 3, '2023-01-21 19:49:07', '2023-01-21 19:49:07', NULL),
(485, 5, 'Alaska Air Group, Inc.', '9540237533', 'clinicplus481@gmail.com', 9747507343, 'Kigali, Kicukiro', 3, '2023-01-21 19:49:07', '2023-01-21 19:49:07', NULL),
(486, 5, 'Insight Enterprises, Inc.', '8309577943', 'clinicplus482@gmail.com', 1270636134, 'Kigali, Kicukiro', 3, '2023-01-21 19:49:07', '2023-01-21 19:49:07', NULL),
(487, 5, 'McGraw Hill Financial, Inc.', '8381615767', 'clinicplus483@gmail.com', 3247439108, 'Kigali, Kicukiro', 3, '2023-01-21 19:49:07', '2023-01-21 19:49:07', NULL),
(488, 5, 'Buckeye Partners, L.P.', '6693692887', 'clinicplus484@gmail.com', 1415777244, 'Kigali, Kicukiro', 3, '2023-01-21 19:49:07', '2023-01-21 19:49:07', NULL),
(489, 5, 'Quintiles Transnational Holdings Inc.', '6101522465', 'clinicplus485@gmail.com', 2538335353, 'Kigali, Kicukiro', 3, '2023-01-21 19:49:07', '2023-01-21 19:49:07', NULL),
(490, 5, 'American Financial Group, Inc.', '9673705154', 'clinicplus486@gmail.com', 1799310053, 'Kigali, Kicukiro', 3, '2023-01-21 19:49:07', '2023-01-21 19:49:07', NULL),
(491, 5, 'United Stationers Inc.', '7119236245', 'clinicplus487@gmail.com', 1449046687, 'Kigali, Kicukiro', 3, '2023-01-21 19:49:07', '2023-01-21 19:49:07', NULL),
(492, 5, 'Coach, Inc.', '6036306907', 'clinicplus488@gmail.com', 2118562491, 'Kigali, Kicukiro', 3, '2023-01-21 19:49:07', '2023-01-21 19:49:07', NULL),
(493, 5, 'LKQ Corporation', '3988460125', 'clinicplus489@gmail.com', 3323626128, 'Kigali, Kicukiro', 3, '2023-01-21 19:49:07', '2023-01-21 19:49:07', NULL),
(494, 5, 'Noble Energy, Inc.', '8312393312', 'clinicplus490@gmail.com', 6541224339, 'Kigali, Kicukiro', 3, '2023-01-21 19:49:07', '2023-01-21 19:49:07', NULL),
(495, 5, 'Bemis Company, Inc.', '7548984743', 'clinicplus491@gmail.com', 3070422347, 'Kigali, Kicukiro', 3, '2023-01-21 19:49:07', '2023-01-21 19:49:07', NULL),
(496, 5, 'Joy Global Inc.', '1604214664', 'clinicplus492@gmail.com', 5563791680, 'Kigali, Kicukiro', 3, '2023-01-21 19:49:07', '2023-01-21 19:49:07', NULL),
(497, 5, 'Wyndham Worldwide Corporation', '9126551271', 'clinicplus493@gmail.com', 7041049234, 'Kigali, Kicukiro', 3, '2023-01-21 19:49:07', '2023-01-21 19:49:07', NULL),
(498, 5, 'NII Holdings, Inc.', '9524560522', 'clinicplus494@gmail.com', 5729529829, 'Kigali, Kicukiro', 3, '2023-01-21 19:49:07', '2023-01-21 19:49:07', NULL),
(499, 5, 'Lorillard, Inc.', '7395091262', 'clinicplus495@gmail.com', 2062468818, 'Kigali, Kicukiro', 3, '2023-01-21 19:49:07', '2023-01-21 19:49:07', NULL),
(500, 5, 'Alleghany Corporation', '4744705207', 'clinicplus496@gmail.com', 1045598420, 'Kigali, Kicukiro', 3, '2023-01-21 19:49:07', '2023-01-21 19:49:07', NULL),
(501, 5, 'Airgas, Inc.', '3757828874', 'clinicplus497@gmail.com', 4228763112, 'Kigali, Kicukiro', 3, '2023-01-21 19:49:07', '2023-01-21 19:49:07', NULL),
(502, 5, 'First American Financial Corporation', '5782704325', 'clinicplus498@gmail.com', 7035821799, 'Kigali, Kicukiro', 3, '2023-01-21 19:49:07', '2023-01-21 19:49:07', NULL);

INSERT INTO `suppliers` (`id`, `company_id`, `name`, `phone`, `email`, `tin_number`, `address`, `created_by`, `created_at`, `updated_at`, `deleted_at`) VALUES
(503, 5, 'United Rentals, Inc.', '9640819035', 'clinicplus499@gmail.com', 9439160830, 'Kigali, Kicukiro', 3, '2023-01-21 19:49:07', '2023-01-21 19:49:07', NULL),
(504, 10, 'KIPHARMA', '0786787899', NULL, 8879909, 'Kigali-remera', 3, '2023-02-02 22:16:01', '2023-02-02 22:16:01', NULL),
(505, 10, 'Vine Pharmacy', '0789899', 'vine@gmail.com', 34353, 'Kigali-remera', 3, '2023-02-04 12:46:55', '2023-02-13 09:02:50', NULL),
(506, 5, 'Wal-Mart Stores', '4707276339', 'clinicplus0@gmail.com', 9129583034, 'Kigali, Kicukiro', 3, NULL, NULL, NULL),
(507, 5, 'Exxon Mobil', '1663675943', 'clinicplus1@gmail.com', 4174605328, 'Kigali, Kicukiro', 3, NULL, NULL, NULL),
(508, 5, 'Chevron', '6561578783', 'clinicplus2@gmail.com', 4757381906, 'Kigali, Kicukiro', 3, NULL, NULL, NULL),
(509, 5, 'Berkshire Hathaway', '3060071800', 'clinicplus3@gmail.com', 5867419805, 'Kigali, Kicukiro', 3, NULL, NULL, NULL),
(510, 5, 'Apple', '3551189313', 'clinicplus4@gmail.com', 1386130964, 'Kigali, Kicukiro', 3, NULL, NULL, NULL),
(511, 5, 'Phillips 66', '4536327106', 'clinicplus5@gmail.com', 7317166326, 'Kigali, Kicukiro', 3, NULL, NULL, NULL),
(512, 5, 'General Motors', '3228595324', 'clinicplus6@gmail.com', 9444442035, 'Kigali, Kicukiro', 3, NULL, NULL, NULL),
(513, 5, 'Ford Motor', '5369169522', 'clinicplus7@gmail.com', 5779487504, 'Kigali, Kicukiro', 3, NULL, NULL, NULL),
(514, 5, 'General Electric', '6228478554', 'clinicplus8@gmail.com', 3488404680, 'Kigali, Kicukiro', 3, NULL, NULL, NULL),
(515, 5, 'Valero Energy', '2787371395', 'clinicplus9@gmail.com', 3234844737, 'Kigali, Kicukiro', 3, NULL, NULL, NULL),
(516, 5, 'AT&T', '7208510978', 'clinicplus10@gmail.com', 1201841288, 'Kigali, Kicukiro', 3, NULL, NULL, NULL),
(517, 5, 'CVS Caremark', '9135949202', 'clinicplus11@gmail.com', 2513203772, 'Kigali, Kicukiro', 3, NULL, NULL, NULL),
(518, 5, 'Fannie Mae', '3163572088', 'clinicplus12@gmail.com', 5029880045, 'Kigali, Kicukiro', 3, NULL, NULL, NULL),
(519, 5, 'UnitedHealth Group', '4479608435', 'clinicplus13@gmail.com', 7697460061, 'Kigali, Kicukiro', 3, NULL, NULL, NULL),
(520, 5, 'McKesson', '4720602173', 'clinicplus14@gmail.com', 5761658468, 'Kigali, Kicukiro', 3, NULL, NULL, NULL),
(521, 5, 'Verizon Communications', '3433916787', 'clinicplus15@gmail.com', 6363784583, 'Kigali, Kicukiro', 3, NULL, NULL, NULL),
(522, 5, 'Hewlett-Packard', '5681126807', 'clinicplus16@gmail.com', 8286744749, 'Kigali, Kicukiro', 3, NULL, NULL, NULL),
(523, 5, 'J.P. Morgan Chase & Co.', '3437213446', 'clinicplus17@gmail.com', 5436028715, 'Kigali, Kicukiro', 3, NULL, NULL, NULL),
(524, 5, 'Costco Wholesale', '3339038506', 'clinicplus18@gmail.com', 5532865911, 'Kigali, Kicukiro', 3, NULL, NULL, NULL),
(525, 5, 'Express Scripts Holding', '9820541336', 'clinicplus19@gmail.com', 8522486480, 'Kigali, Kicukiro', 3, NULL, NULL, NULL),
(526, 5, 'Bank of America', '8161692483', 'clinicplus20@gmail.com', 4800894258, 'Kigali, Kicukiro', 3, NULL, NULL, NULL),
(527, 5, 'Cardinal Health', '1216754286', 'clinicplus21@gmail.com', 1170059524, 'Kigali, Kicukiro', 3, NULL, NULL, NULL),
(528, 5, 'International Business Machines', '2458238527', 'clinicplus22@gmail.com', 4750958788, 'Kigali, Kicukiro', 3, NULL, NULL, NULL),
(529, 5, 'Kroger', '2837627670', 'clinicplus23@gmail.com', 8593724902, 'Kigali, Kicukiro', 3, NULL, NULL, NULL),
(530, 5, 'Marathon Petroleum', '4674531344', 'clinicplus24@gmail.com', 9349254884, 'Kigali, Kicukiro', 3, NULL, NULL, NULL),
(531, 5, 'Citigroup', '2795926564', 'clinicplus25@gmail.com', 6974807940, 'Kigali, Kicukiro', 3, NULL, NULL, NULL),
(532, 5, 'Archer Daniels Midland', '5699794474', 'clinicplus26@gmail.com', 6030415905, 'Kigali, Kicukiro', 3, NULL, NULL, NULL),
(533, 5, 'AmerisourceBergen', '5919196027', 'clinicplus27@gmail.com', 9705656233, 'Kigali, Kicukiro', 3, NULL, NULL, NULL),
(534, 5, 'Wells Fargo', '3495059125', 'clinicplus28@gmail.com', 1862275719, 'Kigali, Kicukiro', 3, NULL, NULL, NULL),
(535, 5, 'Boeing', '4789961952', 'clinicplus29@gmail.com', 3057587986, 'Kigali, Kicukiro', 3, NULL, NULL, NULL),
(536, 5, 'Procter & Gamble', '7665860807', 'clinicplus30@gmail.com', 3591505019, 'Kigali, Kicukiro', 3, NULL, NULL, NULL),
(537, 5, 'Freddie Mac', '2424857983', 'clinicplus31@gmail.com', 6323952683, 'Kigali, Kicukiro', 3, NULL, NULL, NULL),
(538, 5, 'Home Depot', '6784974433', 'clinicplus32@gmail.com', 7221316814, 'Kigali, Kicukiro', 3, NULL, NULL, NULL),
(539, 5, 'Microsoft', '4217367679', 'clinicplus33@gmail.com', 2630830685, 'Kigali, Kicukiro', 3, NULL, NULL, NULL),
(540, 5, 'Amazon.com', '7819658883', 'clinicplus34@gmail.com', 4214172075, 'Kigali, Kicukiro', 3, NULL, NULL, NULL),
(541, 5, 'Target', '3442861268', 'clinicplus35@gmail.com', 6491519351, 'Kigali, Kicukiro', 3, NULL, NULL, NULL),
(542, 5, 'Walgreen Co.', '9548803950', 'clinicplus36@gmail.com', 2175681503, 'Kigali, Kicukiro', 3, NULL, NULL, NULL),
(543, 5, 'WellPoint', '9373419252', 'clinicplus37@gmail.com', 2320946307, 'Kigali, Kicukiro', 3, NULL, NULL, NULL),
(544, 5, 'Johnson & Johnson', '1583728200', 'clinicplus38@gmail.com', 4167769478, 'Kigali, Kicukiro', 3, NULL, NULL, NULL),
(545, 5, 'American International Group', '3955019197', 'clinicplus39@gmail.com', 7383775978, 'Kigali, Kicukiro', 3, NULL, NULL, NULL),
(546, 5, 'State Farm Insurance Cos.', '9461278991', 'clinicplus40@gmail.com', 8556449084, 'Kigali, Kicukiro', 3, NULL, NULL, NULL),
(547, 5, 'MetLife', '8363422780', 'clinicplus41@gmail.com', 4422811408, 'Kigali, Kicukiro', 3, NULL, NULL, NULL),
(548, 5, 'PepsiCo', '2329872639', 'clinicplus42@gmail.com', 9944127881, 'Kigali, Kicukiro', 3, NULL, NULL, NULL),
(549, 5, 'Comcast', '2109073247', 'clinicplus43@gmail.com', 7262860493, 'Kigali, Kicukiro', 3, NULL, NULL, NULL),
(550, 5, 'United Technologies', '9975224080', 'clinicplus44@gmail.com', 1563504945, 'Kigali, Kicukiro', 3, NULL, NULL, NULL),
(551, 5, 'Google', '4765965862', 'clinicplus45@gmail.com', 7954178129, 'Kigali, Kicukiro', 3, NULL, NULL, NULL),
(552, 5, 'ConocoPhillips', '5634605379', 'clinicplus46@gmail.com', 3686695542, 'Kigali, Kicukiro', 3, NULL, NULL, NULL),
(553, 5, 'Dow Chemical', '5047252359', 'clinicplus47@gmail.com', 1837837229, 'Kigali, Kicukiro', 3, NULL, NULL, NULL),
(554, 5, 'Caterpillar', '6616570240', 'clinicplus48@gmail.com', 9584612067, 'Kigali, Kicukiro', 3, NULL, NULL, NULL),
(555, 5, 'United Parcel Service', '6667990697', 'clinicplus49@gmail.com', 9834684200, 'Kigali, Kicukiro', 3, NULL, NULL, NULL),
(556, 5, 'Pfizer', '7137577068', 'clinicplus50@gmail.com', 9059212009, 'Kigali, Kicukiro', 3, NULL, NULL, NULL),
(557, 5, 'Lowes Companies', '9843846013', 'clinicplus51@gmail.com', 4720317872, 'Kigali, Kicukiro', 3, NULL, NULL, NULL),
(558, 5, 'Intel Corporation', '1792741343', 'clinicplus52@gmail.com', 2007003918, 'Kigali, Kicukiro', 3, NULL, NULL, NULL),
(559, 5, 'Energy Transfer Equity, L.P.', '5665829701', 'clinicplus53@gmail.com', 4289708686, 'Kigali, Kicukiro', 3, NULL, NULL, NULL),
(560, 5, 'Cisco Systems, Inc.', '9406039771', 'clinicplus54@gmail.com', 1618317137, 'Kigali, Kicukiro', 3, NULL, NULL, NULL),
(561, 5, 'Enterprise Products Partners L.P.', '7991216590', 'clinicplus55@gmail.com', 6583572922, 'Kigali, Kicukiro', 3, NULL, NULL, NULL),
(562, 5, 'Aetna Inc.', '4537387247', 'clinicplus56@gmail.com', 4499879528, 'Kigali, Kicukiro', 3, NULL, NULL, NULL),
(563, 5, 'The Coca-Cola Company', '2069627330', 'clinicplus57@gmail.com', 7704419691, 'Kigali, Kicukiro', 3, NULL, NULL, NULL),
(564, 5, 'Lockheed Martin Corporation', '4611587063', 'clinicplus58@gmail.com', 6139049433, 'Kigali, Kicukiro', 3, NULL, NULL, NULL),
(565, 5, 'Best Buy Co., Inc.', '6936727960', 'clinicplus59@gmail.com', 5718331323, 'Kigali, Kicukiro', 3, NULL, NULL, NULL),
(566, 5, 'The Walt Disney Company', '1983183481', 'clinicplus60@gmail.com', 3006892715, 'Kigali, Kicukiro', 3, NULL, NULL, NULL),
(567, 5, 'CHS Inc.', '9754850219', 'clinicplus61@gmail.com', 8898933806, 'Kigali, Kicukiro', 3, NULL, NULL, NULL),
(568, 5, 'Sysco Corporation', '9329159586', 'clinicplus62@gmail.com', 1895038735, 'Kigali, Kicukiro', 3, NULL, NULL, NULL),
(569, 5, 'FedEx Corporation', '3059298057', 'clinicplus63@gmail.com', 9490266830, 'Kigali, Kicukiro', 3, NULL, NULL, NULL),
(570, 5, 'Merck & Co., Inc.', '3927798940', 'clinicplus64@gmail.com', 1410857485, 'Kigali, Kicukiro', 3, NULL, NULL, NULL),
(571, 5, 'INTL FCStone Inc.', '4592209381', 'clinicplus65@gmail.com', 7520402182, 'Kigali, Kicukiro', 3, NULL, NULL, NULL),
(572, 5, 'Safeway Inc.', '6074280573', 'clinicplus66@gmail.com', 1380999642, 'Kigali, Kicukiro', 3, NULL, NULL, NULL),
(573, 5, 'Johnson Controls, Inc.', '6683880917', 'clinicplus67@gmail.com', 4143970228, 'Kigali, Kicukiro', 3, NULL, NULL, NULL),
(574, 5, 'Ingram Micro Inc.', '9949271185', 'clinicplus68@gmail.com', 1792986584, 'Kigali, Kicukiro', 3, NULL, NULL, NULL),
(575, 5, 'Plains GP Holdings, L.P.', '5127926106', 'clinicplus69@gmail.com', 8123810872, 'Kigali, Kicukiro', 3, NULL, NULL, NULL),
(576, 5, 'World Fuel Services Corporation', '7928056037', 'clinicplus70@gmail.com', 8621052360, 'Kigali, Kicukiro', 3, NULL, NULL, NULL),
(577, 5, 'Prudential Financial, Inc.', '4212128138', 'clinicplus71@gmail.com', 1834540015, 'Kigali, Kicukiro', 3, NULL, NULL, NULL),
(578, 5, 'Humana Inc.', '6152525861', 'clinicplus72@gmail.com', 3945879164, 'Kigali, Kicukiro', 3, NULL, NULL, NULL),
(579, 5, 'The Goldman Sachs Group, Inc.', '4537678071', 'clinicplus73@gmail.com', 6831502840, 'Kigali, Kicukiro', 3, NULL, NULL, NULL),
(580, 5, 'Tesoro Corporation', '7748178716', 'clinicplus74@gmail.com', 3986325205, 'Kigali, Kicukiro', 3, NULL, NULL, NULL),
(581, 5, 'Liberty Mutual Holding Company Inc.', '4905057104', 'clinicplus75@gmail.com', 2524548607, 'Kigali, Kicukiro', 3, NULL, NULL, NULL),
(582, 5, 'Honeywell International Inc.', '8995243445', 'clinicplus76@gmail.com', 9253673415, 'Kigali, Kicukiro', 3, NULL, NULL, NULL),
(583, 5, 'United Continental Holdings, Inc.', '7892332467', 'clinicplus77@gmail.com', 8985991404, 'Kigali, Kicukiro', 3, NULL, NULL, NULL),
(584, 5, 'HCA Holdings, Inc.', '1135303149', 'clinicplus78@gmail.com', 5186176375, 'Kigali, Kicukiro', 3, NULL, NULL, NULL),
(585, 5, 'Deere & Company', '8118748609', 'clinicplus79@gmail.com', 4359486539, 'Kigali, Kicukiro', 3, NULL, NULL, NULL),
(586, 5, 'Delta Air Lines, Inc.', '6737200468', 'clinicplus80@gmail.com', 9921344706, 'Kigali, Kicukiro', 3, NULL, NULL, NULL),
(587, 5, 'Oracle Corporation', '9756445364', 'clinicplus81@gmail.com', 7804073537, 'Kigali, Kicukiro', 3, NULL, NULL, NULL),
(588, 5, 'Morgan Stanley', '5553407465', 'clinicplus82@gmail.com', 2908648420, 'Kigali, Kicukiro', 3, NULL, NULL, NULL),
(589, 5, 'Hess Corporation', '1357784617', 'clinicplus83@gmail.com', 6906047437, 'Kigali, Kicukiro', 3, NULL, NULL, NULL),
(590, 5, 'Twenty-First Century Fox, Inc.', '3252584724', 'clinicplus84@gmail.com', 9530562621, 'Kigali, Kicukiro', 3, NULL, NULL, NULL),
(591, 5, 'E.I. du Pont de Nemours and Company', '2370200294', 'clinicplus85@gmail.com', 4856229092, 'Kigali, Kicukiro', 3, NULL, NULL, NULL),
(592, 5, 'Sears Holdings Corporation', '4585525485', 'clinicplus86@gmail.com', 4115248719, 'Kigali, Kicukiro', 3, NULL, NULL, NULL),
(593, 5, 'New York Life Insurance Company', '8079127163', 'clinicplus87@gmail.com', 2572609465, 'Kigali, Kicukiro', 3, NULL, NULL, NULL),
(594, 5, 'Mondelez International, Inc.', '1292591853', 'clinicplus88@gmail.com', 2232700045, 'Kigali, Kicukiro', 3, NULL, NULL, NULL),
(595, 5, 'American Express Company', '8574640580', 'clinicplus89@gmail.com', 8513461258, 'Kigali, Kicukiro', 3, NULL, NULL, NULL),
(596, 5, 'Nationwide Mutual Insurance Co.', '9804919305', 'clinicplus90@gmail.com', 3007489765, 'Kigali, Kicukiro', 3, NULL, NULL, NULL),
(597, 5, 'The Allstate Corporation', '3688595225', 'clinicplus91@gmail.com', 2401857070, 'Kigali, Kicukiro', 3, NULL, NULL, NULL),
(598, 5, 'Tyson Foods, Inc.', '8454765243', 'clinicplus92@gmail.com', 7410681150, 'Kigali, Kicukiro', 3, NULL, NULL, NULL),
(599, 5, 'Supervalu Inc.', '4464231315', 'clinicplus93@gmail.com', 8616515341, 'Kigali, Kicukiro', 3, NULL, NULL, NULL),
(600, 5, 'TIAA-CREF', '1720880727', 'clinicplus94@gmail.com', 4829289171, 'Kigali, Kicukiro', 3, NULL, NULL, NULL),
(601, 5, 'Massachusetts Mutual Life Insurance Company', '6244430147', 'clinicplus95@gmail.com', 6830422205, 'Kigali, Kicukiro', 3, NULL, NULL, NULL),
(602, 5, 'CIGNA Corporation', '8497563997', 'clinicplus96@gmail.com', 5802488561, 'Kigali, Kicukiro', 3, NULL, NULL, NULL),
(603, 5, 'DIRECTV', '8093243974', 'clinicplus97@gmail.com', 7964750803, 'Kigali, Kicukiro', 3, NULL, NULL, NULL),
(604, 5, 'General Dynamics Corporation', '6300895118', 'clinicplus98@gmail.com', 6140142771, 'Kigali, Kicukiro', 3, NULL, NULL, NULL),
(605, 5, 'Philip Morris International Inc.', '3957581081', 'clinicplus99@gmail.com', 6653484066, 'Kigali, Kicukiro', 3, NULL, NULL, NULL),
(606, 5, '3M Company', '5313236485', 'clinicplus100@gmail.com', 5748674900, 'Kigali, Kicukiro', 3, NULL, NULL, NULL),
(607, 5, 'Time Warner Inc.', '4227276287', 'clinicplus101@gmail.com', 3504481255, 'Kigali, Kicukiro', 3, NULL, NULL, NULL),
(608, 5, 'Halliburton Company', '8453981296', 'clinicplus102@gmail.com', 7983051899, 'Kigali, Kicukiro', 3, NULL, NULL, NULL),
(609, 5, 'Publix Super Markets, Inc.', '6715102085', 'clinicplus103@gmail.com', 2907644554, 'Kigali, Kicukiro', 3, NULL, NULL, NULL),
(610, 5, 'International Paper Company', '3793510723', 'clinicplus104@gmail.com', 9100814258, 'Kigali, Kicukiro', 3, NULL, NULL, NULL),
(611, 5, 'McDonalds Corporation', '3013552136', 'clinicplus105@gmail.com', 8938410435, 'Kigali, Kicukiro', 3, NULL, NULL, NULL),
(612, 5, 'Macys, Inc.', '6455965070', 'clinicplus106@gmail.com', 7348455421, 'Kigali, Kicukiro', 3, NULL, NULL, NULL),
(613, 5, 'The TJX Companies, Inc.', '6216300898', 'clinicplus107@gmail.com', 7229676840, 'Kigali, Kicukiro', 3, NULL, NULL, NULL),
(614, 5, 'Fluor Corporation', '1648384521', 'clinicplus108@gmail.com', 6723574677, 'Kigali, Kicukiro', 3, NULL, NULL, NULL),
(615, 5, 'Northwestern Mutual Life Insurance Company,Inc.', '1649559045', 'clinicplus109@gmail.com', 1809083473, 'Kigali, Kicukiro', 3, NULL, NULL, NULL),
(616, 5, 'Tech Data Corporation', '1963073160', 'clinicplus110@gmail.com', 6542202407, 'Kigali, Kicukiro', 3, NULL, NULL, NULL),
(617, 5, 'American Airlines Group Inc.', '8293252663', 'clinicplus111@gmail.com', 2590166667, 'Kigali, Kicukiro', 3, NULL, NULL, NULL),
(618, 5, 'The Hartford Financial Services Group, Inc.', '1412870859', 'clinicplus112@gmail.com', 8110507352, 'Kigali, Kicukiro', 3, NULL, NULL, NULL),
(619, 5, 'The Travelers Companies, Inc.', '3188932350', 'clinicplus113@gmail.com', 3330627029, 'Kigali, Kicukiro', 3, NULL, NULL, NULL),
(620, 5, 'Nike, Inc.', '1640210445', 'clinicplus114@gmail.com', 7082527362, 'Kigali, Kicukiro', 3, NULL, NULL, NULL),
(621, 5, 'Occidental Petroleum Corporation', '5378007945', 'clinicplus115@gmail.com', 8221397827, 'Kigali, Kicukiro', 3, NULL, NULL, NULL),
(622, 5, 'Avnet, Inc.', '7256181729', 'clinicplus116@gmail.com', 6837258579, 'Kigali, Kicukiro', 3, NULL, NULL, NULL),
(623, 5, 'Rite Aid Corporation', '4750245229', 'clinicplus117@gmail.com', 9998404942, 'Kigali, Kicukiro', 3, NULL, NULL, NULL),
(624, 5, 'Exelon Corporation', '9275060573', 'clinicplus118@gmail.com', 3736483017, 'Kigali, Kicukiro', 3, NULL, NULL, NULL),
(625, 5, 'Qualcomm Incorporated', '8987178988', 'clinicplus119@gmail.com', 9938296819, 'Kigali, Kicukiro', 3, NULL, NULL, NULL),
(626, 5, 'Emerson Electric Co.', '7309177938', 'clinicplus120@gmail.com', 2889268271, 'Kigali, Kicukiro', 3, NULL, NULL, NULL),
(627, 5, 'Northrop Grumman Corporation', '7435985207', 'clinicplus121@gmail.com', 1313675218, 'Kigali, Kicukiro', 3, NULL, NULL, NULL),
(628, 5, 'Duke Energy Corporation', '6890862313', 'clinicplus122@gmail.com', 3916300075, 'Kigali, Kicukiro', 3, NULL, NULL, NULL),
(629, 5, 'Capital One Financial Corporation', '7749861045', 'clinicplus123@gmail.com', 8732925905, 'Kigali, Kicukiro', 3, NULL, NULL, NULL),
(630, 5, 'Aflac Incorporated', '4739199333', 'clinicplus124@gmail.com', 2891760724, 'Kigali, Kicukiro', 3, NULL, NULL, NULL),
(631, 5, 'Raytheon Company', '7222534719', 'clinicplus125@gmail.com', 9814408087, 'Kigali, Kicukiro', 3, NULL, NULL, NULL),
(632, 5, 'Staples, Inc.', '4357648687', 'clinicplus126@gmail.com', 6251669685, 'Kigali, Kicukiro', 3, NULL, NULL, NULL),
(633, 5, 'EMC Corporation', '2908548534', 'clinicplus127@gmail.com', 3780385573, 'Kigali, Kicukiro', 3, NULL, NULL, NULL),
(634, 5, 'Eli Lilly and Company', '9092300112', 'clinicplus128@gmail.com', 8699454328, 'Kigali, Kicukiro', 3, NULL, NULL, NULL),
(635, 5, 'Alcoa Inc.', '1959109577', 'clinicplus129@gmail.com', 4225709532, 'Kigali, Kicukiro', 3, NULL, NULL, NULL),
(636, 5, 'National Oilwell Varco, Inc.', '3792871455', 'clinicplus130@gmail.com', 9155051731, 'Kigali, Kicukiro', 3, NULL, NULL, NULL),
(637, 5, 'Baker Hughes Incorporated', '3765738352', 'clinicplus131@gmail.com', 9124555993, 'Kigali, Kicukiro', 3, NULL, NULL, NULL),
(638, 5, 'US Foods, Inc.', '9504213726', 'clinicplus132@gmail.com', 8047677535, 'Kigali, Kicukiro', 3, NULL, NULL, NULL),
(639, 5, 'Time Warner Cable Inc.', '8636113170', 'clinicplus133@gmail.com', 8563534526, 'Kigali, Kicukiro', 3, NULL, NULL, NULL),
(640, 5, 'Union Pacific Corporation', '7385901083', 'clinicplus134@gmail.com', 6686614196, 'Kigali, Kicukiro', 3, NULL, NULL, NULL),
(641, 5, 'Abbott Laboratories', '2372275310', 'clinicplus135@gmail.com', 9141175700, 'Kigali, Kicukiro', 3, NULL, NULL, NULL),
(642, 5, 'Xerox Corporation', '1856246233', 'clinicplus136@gmail.com', 3234730975, 'Kigali, Kicukiro', 3, NULL, NULL, NULL),
(643, 5, 'Arrow Electronics, Inc', '7138776988', 'clinicplus137@gmail.com', 8040799356, 'Kigali, Kicukiro', 3, NULL, NULL, NULL),
(644, 5, 'Kimberly-Clark Corporation', '9390621453', 'clinicplus138@gmail.com', 3107616283, 'Kigali, Kicukiro', 3, NULL, NULL, NULL),
(645, 5, 'U.S. Bancorp', '6084987795', 'clinicplus139@gmail.com', 2558220654, 'Kigali, Kicukiro', 3, NULL, NULL, NULL),
(646, 5, 'United Services Automobile Association', '3007052246', 'clinicplus140@gmail.com', 1942168816, 'Kigali, Kicukiro', 3, NULL, NULL, NULL),
(647, 5, 'Freeport-McMoRan Copper & Gold Inc.', '1384839725', 'clinicplus141@gmail.com', 6633646094, 'Kigali, Kicukiro', 3, NULL, NULL, NULL),
(648, 5, 'Icahn Enterprises L.P.', '1140619102', 'clinicplus142@gmail.com', 3533670177, 'Kigali, Kicukiro', 3, NULL, NULL, NULL),
(649, 5, 'ManpowerGroup Inc.', '2067161352', 'clinicplus143@gmail.com', 3823666556, 'Kigali, Kicukiro', 3, NULL, NULL, NULL),
(650, 5, 'HollyFrontier Corporation', '2371282884', 'clinicplus144@gmail.com', 5041073739, 'Kigali, Kicukiro', 3, NULL, NULL, NULL),
(651, 5, 'Global Partners LP', '3270760632', 'clinicplus145@gmail.com', 7148009573, 'Kigali, Kicukiro', 3, NULL, NULL, NULL),
(652, 5, 'The Goodyear Tire & Rubber Company', '2988195414', 'clinicplus146@gmail.com', 5906891412, 'Kigali, Kicukiro', 3, NULL, NULL, NULL),
(653, 5, 'PBF Energy Inc.', '4559281248', 'clinicplus147@gmail.com', 5983760722, 'Kigali, Kicukiro', 3, NULL, NULL, NULL),
(654, 5, 'Danaher Corporation', '1127587510', 'clinicplus148@gmail.com', 6026607779, 'Kigali, Kicukiro', 3, NULL, NULL, NULL),
(655, 5, 'Nucor Corporation', '3475612455', 'clinicplus149@gmail.com', 6695521698, 'Kigali, Kicukiro', 3, NULL, NULL, NULL),
(656, 5, 'Kohls Corporation', '1340676961', 'clinicplus150@gmail.com', 6166993683, 'Kigali, Kicukiro', 3, NULL, NULL, NULL),
(657, 5, 'AbbVie Inc.', '1790247990', 'clinicplus151@gmail.com', 9095955996, 'Kigali, Kicukiro', 3, NULL, NULL, NULL),
(658, 5, 'Whirlpool Corporation', '5536405861', 'clinicplus152@gmail.com', 4830096549, 'Kigali, Kicukiro', 3, NULL, NULL, NULL),
(659, 5, 'Amgen Inc.', '4890428126', 'clinicplus153@gmail.com', 3978189167, 'Kigali, Kicukiro', 3, NULL, NULL, NULL),
(660, 5, 'Jabil Circuit, Inc.', '5017904593', 'clinicplus154@gmail.com', 6429906301, 'Kigali, Kicukiro', 3, NULL, NULL, NULL),
(661, 5, 'Kraft Foods Group, Inc.', '9974768191', 'clinicplus155@gmail.com', 1022025621, 'Kigali, Kicukiro', 3, NULL, NULL, NULL),
(662, 5, 'The Progressive Corporation', '5957754210', 'clinicplus156@gmail.com', 2836719869, 'Kigali, Kicukiro', 3, NULL, NULL, NULL),
(663, 5, 'CenturyLink, Inc.', '8125551081', 'clinicplus157@gmail.com', 8890316695, 'Kigali, Kicukiro', 3, NULL, NULL, NULL),
(664, 5, 'General Mills, Inc.', '9649237569', 'clinicplus158@gmail.com', 2207138338, 'Kigali, Kicukiro', 3, NULL, NULL, NULL),
(665, 5, 'Southwest Airlines Co.', '7420142227', 'clinicplus159@gmail.com', 6244828847, 'Kigali, Kicukiro', 3, NULL, NULL, NULL),
(666, 5, 'Altria Group, Inc.', '6771128826', 'clinicplus160@gmail.com', 1365359721, 'Kigali, Kicukiro', 3, NULL, NULL, NULL),
(667, 5, 'AutoNation, Inc.', '6744753698', 'clinicplus161@gmail.com', 8248223380, 'Kigali, Kicukiro', 3, NULL, NULL, NULL),
(668, 5, 'Chesapeake Energy Corporation', '4793691582', 'clinicplus162@gmail.com', 1836252275, 'Kigali, Kicukiro', 3, NULL, NULL, NULL),
(669, 5, 'Dollar General Corporation', '9141690297', 'clinicplus163@gmail.com', 8752215541, 'Kigali, Kicukiro', 3, NULL, NULL, NULL),
(670, 5, 'TRW Automotive Holdings Corp.', '2470714087', 'clinicplus164@gmail.com', 1977260882, 'Kigali, Kicukiro', 3, NULL, NULL, NULL),
(671, 5, 'United States Steel Corporation', '8158175583', 'clinicplus165@gmail.com', 2853222433, 'Kigali, Kicukiro', 3, NULL, NULL, NULL),
(672, 5, 'Colgate-Palmolive Company', '8240263655', 'clinicplus166@gmail.com', 7797176110, 'Kigali, Kicukiro', 3, NULL, NULL, NULL),
(673, 5, 'Cummins Inc.', '5167183015', 'clinicplus167@gmail.com', 8107404017, 'Kigali, Kicukiro', 3, NULL, NULL, NULL),
(674, 5, 'PACCAR Inc', '4155625895', 'clinicplus168@gmail.com', 6277841285, 'Kigali, Kicukiro', 3, NULL, NULL, NULL),
(675, 5, 'The Southern Company', '5893346039', 'clinicplus169@gmail.com', 8937977115, 'Kigali, Kicukiro', 3, NULL, NULL, NULL),
(676, 5, 'Illinois Tool Works Inc.', '2028452525', 'clinicplus170@gmail.com', 8107337103, 'Kigali, Kicukiro', 3, NULL, NULL, NULL),
(677, 5, 'The PNC Financial Services Group, Inc.', '4713238425', 'clinicplus171@gmail.com', 1263697503, 'Kigali, Kicukiro', 3, NULL, NULL, NULL),
(678, 5, 'Medtronic, Inc.', '2123402835', 'clinicplus172@gmail.com', 1340137779, 'Kigali, Kicukiro', 3, NULL, NULL, NULL),
(679, 5, 'The AES Corporation', '2558949762', 'clinicplus173@gmail.com', 1921165501, 'Kigali, Kicukiro', 3, NULL, NULL, NULL),
(680, 5, 'Murphy USA Inc.', '1884910956', 'clinicplus174@gmail.com', 9720267824, 'Kigali, Kicukiro', 3, NULL, NULL, NULL),
(681, 5, 'Bristol-Myers Squibb Company', '1974396135', 'clinicplus175@gmail.com', 5495716973, 'Kigali, Kicukiro', 3, NULL, NULL, NULL),
(682, 5, 'Lear Corporation', '6946542278', 'clinicplus176@gmail.com', 1783127277, 'Kigali, Kicukiro', 3, NULL, NULL, NULL),
(683, 5, 'The Gap, Inc.', '1659971082', 'clinicplus177@gmail.com', 6298756668, 'Kigali, Kicukiro', 3, NULL, NULL, NULL),
(684, 5, 'Apache Corporation', '4520786758', 'clinicplus178@gmail.com', 4490677449, 'Kigali, Kicukiro', 3, NULL, NULL, NULL),
(685, 5, 'eBay Inc.', '4544807564', 'clinicplus179@gmail.com', 8691046162, 'Kigali, Kicukiro', 3, NULL, NULL, NULL),
(686, 5, 'The Bank of New York Mellon Corporation', '3842732139', 'clinicplus180@gmail.com', 8678155407, 'Kigali, Kicukiro', 3, NULL, NULL, NULL),
(687, 5, 'CBS Corporation', '7108981930', 'clinicplus181@gmail.com', 8639116856, 'Kigali, Kicukiro', 3, NULL, NULL, NULL),
(688, 5, 'PG&E Corporation', '7150859396', 'clinicplus182@gmail.com', 7527734116, 'Kigali, Kicukiro', 3, NULL, NULL, NULL),
(689, 5, 'ConAgra Foods, Inc.', '5854298239', 'clinicplus183@gmail.com', 8035462055, 'Kigali, Kicukiro', 3, NULL, NULL, NULL),
(690, 5, 'Computer Sciences Corporation', '1403417121', 'clinicplus184@gmail.com', 3791302508, 'Kigali, Kicukiro', 3, NULL, NULL, NULL),
(691, 5, 'American Electric Power Company, Inc.', '1126758684', 'clinicplus185@gmail.com', 3937956560, 'Kigali, Kicukiro', 3, NULL, NULL, NULL),
(692, 5, 'Western Digital Corporation', '3085475863', 'clinicplus186@gmail.com', 2054946317, 'Kigali, Kicukiro', 3, NULL, NULL, NULL),
(693, 5, 'Marathon Oil Corporation', '9639448334', 'clinicplus187@gmail.com', 7341754421, 'Kigali, Kicukiro', 3, NULL, NULL, NULL),
(694, 5, 'Baxter International Inc.', '8469809073', 'clinicplus188@gmail.com', 8076014914, 'Kigali, Kicukiro', 3, NULL, NULL, NULL),
(695, 5, 'PPG Industries, Inc.', '5486152591', 'clinicplus189@gmail.com', 7191456137, 'Kigali, Kicukiro', 3, NULL, NULL, NULL),
(696, 5, 'NextEra Energy, Inc.', '3819848882', 'clinicplus190@gmail.com', 1602693630, 'Kigali, Kicukiro', 3, NULL, NULL, NULL),
(697, 5, 'Community Health Systems, Inc.', '5727420072', 'clinicplus191@gmail.com', 5425179503, 'Kigali, Kicukiro', 3, NULL, NULL, NULL),
(698, 5, 'Loews Corporation', '4380301110', 'clinicplus192@gmail.com', 3184914620, 'Kigali, Kicukiro', 3, NULL, NULL, NULL),
(699, 5, 'Penske Automotive Group, Inc.', '1651797310', 'clinicplus193@gmail.com', 9672698575, 'Kigali, Kicukiro', 3, NULL, NULL, NULL),
(700, 5, 'FirstEnergy Corp.', '2200123180', 'clinicplus194@gmail.com', 5608201932, 'Kigali, Kicukiro', 3, NULL, NULL, NULL),
(701, 5, 'Starbucks Corporation', '3652632363', 'clinicplus195@gmail.com', 1247951777, 'Kigali, Kicukiro', 3, NULL, NULL, NULL),
(702, 5, 'Monsanto Company', '8369870511', 'clinicplus196@gmail.com', 1185640301, 'Kigali, Kicukiro', 3, NULL, NULL, NULL),
(703, 5, 'Kellogg Company', '1099367933', 'clinicplus197@gmail.com', 2520106282, 'Kigali, Kicukiro', 3, NULL, NULL, NULL),
(704, 5, 'Land OLakes, Inc.', '8015263283', 'clinicplus198@gmail.com', 7460561412, 'Kigali, Kicukiro', 3, NULL, NULL, NULL),
(705, 5, 'ONEOK, Inc.', '8049931991', 'clinicplus199@gmail.com', 3397275989, 'Kigali, Kicukiro', 3, NULL, NULL, NULL),
(706, 5, 'Omnicom Group Inc.', '2030876762', 'clinicplus200@gmail.com', 9498860598, 'Kigali, Kicukiro', 3, NULL, NULL, NULL),
(707, 5, 'Anadarko Petroleum Corporation', '8331961045', 'clinicplus201@gmail.com', 4806707831, 'Kigali, Kicukiro', 3, NULL, NULL, NULL),
(708, 5, 'EOG Resources, Inc.', '8091147322', 'clinicplus202@gmail.com', 7302934452, 'Kigali, Kicukiro', 3, NULL, NULL, NULL),
(709, 5, 'DISH Network Corporation', '4940001448', 'clinicplus203@gmail.com', 7189333710, 'Kigali, Kicukiro', 3, NULL, NULL, NULL),
(710, 5, 'Genuine Parts Company', '7724851715', 'clinicplus204@gmail.com', 9477720432, 'Kigali, Kicukiro', 3, NULL, NULL, NULL),
(711, 5, 'Kinder Morgan, Inc.', '6442123131', 'clinicplus205@gmail.com', 5149485537, 'Kigali, Kicukiro', 3, NULL, NULL, NULL),
(712, 5, 'Waste Management, Inc.', '7959426987', 'clinicplus206@gmail.com', 5860393938, 'Kigali, Kicukiro', 3, NULL, NULL, NULL),
(713, 5, 'The Chubb Corporation', '5210715989', 'clinicplus207@gmail.com', 2540961155, 'Kigali, Kicukiro', 3, NULL, NULL, NULL),
(714, 5, 'Aramark Holdings Corporation', '4639419976', 'clinicplus208@gmail.com', 9678640981, 'Kigali, Kicukiro', 3, NULL, NULL, NULL),
(715, 5, 'Viacom Inc.', '3001256685', 'clinicplus209@gmail.com', 1847859348, 'Kigali, Kicukiro', 3, NULL, NULL, NULL),
(716, 5, 'Las Vegas Sands Corp.', '4516430714', 'clinicplus210@gmail.com', 7913517037, 'Kigali, Kicukiro', 3, NULL, NULL, NULL),
(717, 5, 'Dominion Resources, Inc.', '9898506994', 'clinicplus211@gmail.com', 9435445987, 'Kigali, Kicukiro', 3, NULL, NULL, NULL),
(718, 5, 'Ecolab Inc.', '5791075845', 'clinicplus212@gmail.com', 8116945957, 'Kigali, Kicukiro', 3, NULL, NULL, NULL),
(719, 5, 'Smithfield Foods, Inc.', '4836091508', 'clinicplus213@gmail.com', 7952154855, 'Kigali, Kicukiro', 3, NULL, NULL, NULL),
(720, 5, 'Thermo Fisher Scientific Inc.', '5990120161', 'clinicplus214@gmail.com', 7214906776, 'Kigali, Kicukiro', 3, NULL, NULL, NULL),
(721, 5, 'Yum! Brands, Inc.', '3917126395', 'clinicplus215@gmail.com', 4990790766, 'Kigali, Kicukiro', 3, NULL, NULL, NULL),
(722, 5, 'Parker-Hannifin Corporation', '9800093206', 'clinicplus216@gmail.com', 7609687288, 'Kigali, Kicukiro', 3, NULL, NULL, NULL),
(723, 5, 'Whole Foods Market, Inc.', '2841115342', 'clinicplus217@gmail.com', 6138921249, 'Kigali, Kicukiro', 3, NULL, NULL, NULL),
(724, 5, 'Marriott International, Inc.', '5693725525', 'clinicplus218@gmail.com', 6290427628, 'Kigali, Kicukiro', 3, NULL, NULL, NULL),
(725, 5, 'C. H. Robinson Worldwide, Inc.', '5155054206', 'clinicplus219@gmail.com', 4259443347, 'Kigali, Kicukiro', 3, NULL, NULL, NULL),
(726, 5, 'L-3 Communications Holdings, Inc.', '1772505831', 'clinicplus220@gmail.com', 4940086749, 'Kigali, Kicukiro', 3, NULL, NULL, NULL),
(727, 5, 'Edison International', '5247835063', 'clinicplus221@gmail.com', 1747091604, 'Kigali, Kicukiro', 3, NULL, NULL, NULL),
(728, 5, 'Toys R Us, Inc.', '4214371783', 'clinicplus222@gmail.com', 9660635149, 'Kigali, Kicukiro', 3, NULL, NULL, NULL),
(729, 5, 'Nordstrom, Inc.', '7419358590', 'clinicplus223@gmail.com', 2516682347, 'Kigali, Kicukiro', 3, NULL, NULL, NULL),
(730, 5, 'Consolidated Edison, Inc.', '8689286416', 'clinicplus224@gmail.com', 4705700667, 'Kigali, Kicukiro', 3, NULL, NULL, NULL),
(731, 5, 'Marsh & McLennan Companies, Inc.', '6865648419', 'clinicplus225@gmail.com', 5659082888, 'Kigali, Kicukiro', 3, NULL, NULL, NULL),
(732, 5, 'Texas Instruments Incorporated', '6125740624', 'clinicplus226@gmail.com', 3266091794, 'Kigali, Kicukiro', 3, NULL, NULL, NULL),
(733, 5, 'Textron Inc.', '2475498021', 'clinicplus227@gmail.com', 5259699992, 'Kigali, Kicukiro', 3, NULL, NULL, NULL),
(734, 5, 'Tenet Healthcare Corporation', '1462251126', 'clinicplus228@gmail.com', 3008325246, 'Kigali, Kicukiro', 3, NULL, NULL, NULL),
(735, 5, 'DaVita HealthCare Partners Inc.', '8611748662', 'clinicplus229@gmail.com', 1096567967, 'Kigali, Kicukiro', 3, NULL, NULL, NULL),
(736, 5, 'CSX Corporation', '8385673568', 'clinicplus230@gmail.com', 3211455928, 'Kigali, Kicukiro', 3, NULL, NULL, NULL),
(737, 5, 'Lincoln National Corporation', '7572010317', 'clinicplus231@gmail.com', 7746729633, 'Kigali, Kicukiro', 3, NULL, NULL, NULL),
(738, 5, 'Praxair, Inc.', '2382903222', 'clinicplus232@gmail.com', 3185023830, 'Kigali, Kicukiro', 3, NULL, NULL, NULL),
(739, 5, 'PPL Corporation', '8194104384', 'clinicplus233@gmail.com', 5753770898, 'Kigali, Kicukiro', 3, NULL, NULL, NULL),
(740, 5, 'J.C. Penney Company, Inc.', '9645977907', 'clinicplus234@gmail.com', 7927856963, 'Kigali, Kicukiro', 3, NULL, NULL, NULL),
(741, 5, 'Peter Kiewit Sons, Inc.', '9677135409', 'clinicplus235@gmail.com', 4363570592, 'Kigali, Kicukiro', 3, NULL, NULL, NULL),
(742, 5, 'Jacobs Engineering Group Inc.', '1081109263', 'clinicplus236@gmail.com', 8882067725, 'Kigali, Kicukiro', 3, NULL, NULL, NULL),
(743, 5, 'Visa Inc.', '7424814914', 'clinicplus237@gmail.com', 8595718986, 'Kigali, Kicukiro', 3, NULL, NULL, NULL),
(744, 5, 'H.J. Heinz Company', '1463600624', 'clinicplus238@gmail.com', 8836512388, 'Kigali, Kicukiro', 3, NULL, NULL, NULL),
(745, 5, 'CarMax, Inc.', '3367266985', 'clinicplus239@gmail.com', 3514741842, 'Kigali, Kicukiro', 3, NULL, NULL, NULL),
(746, 5, 'V.F. Corporation', '8787427887', 'clinicplus240@gmail.com', 4350451923, 'Kigali, Kicukiro', 3, NULL, NULL, NULL),
(747, 5, 'Entergy Corporation', '4466897827', 'clinicplus241@gmail.com', 5525647750, 'Kigali, Kicukiro', 3, NULL, NULL, NULL),
(748, 5, 'Automatic Data Processing, Inc.', '4166253763', 'clinicplus242@gmail.com', 5383377480, 'Kigali, Kicukiro', 3, NULL, NULL, NULL),
(749, 5, 'NRG Energy, Inc.', '3537288832', 'clinicplus243@gmail.com', 9043461971, 'Kigali, Kicukiro', 3, NULL, NULL, NULL),
(750, 5, 'Guardian Life Ins. Co. of America', '9865860918', 'clinicplus244@gmail.com', 1878896742, 'Kigali, Kicukiro', 3, NULL, NULL, NULL),
(751, 5, 'Liberty Interactive Corporation', '8554630003', 'clinicplus245@gmail.com', 4050429176, 'Kigali, Kicukiro', 3, NULL, NULL, NULL),
(752, 5, 'Norfolk Southern Corporation', '6436240763', 'clinicplus246@gmail.com', 3369637349, 'Kigali, Kicukiro', 3, NULL, NULL, NULL),
(753, 5, 'Office Depot, Inc.', '9112176710', 'clinicplus247@gmail.com', 1461145560, 'Kigali, Kicukiro', 3, NULL, NULL, NULL),
(754, 5, 'Ameriprise Financial, Inc.', '5250555227', 'clinicplus248@gmail.com', 3202363439, 'Kigali, Kicukiro', 3, NULL, NULL, NULL),
(755, 5, 'Gilead Sciences, Inc.', '1126176350', 'clinicplus249@gmail.com', 9012410031, 'Kigali, Kicukiro', 3, NULL, NULL, NULL),
(756, 5, 'Centene Corporation', '1187884656', 'clinicplus250@gmail.com', 6640961423, 'Kigali, Kicukiro', 3, NULL, NULL, NULL),
(757, 5, 'Leucadia National Corporation', '4665335090', 'clinicplus251@gmail.com', 8781647005, 'Kigali, Kicukiro', 3, NULL, NULL, NULL),
(758, 5, 'Huntsman Corporation', '8461474525', 'clinicplus252@gmail.com', 4943709696, 'Kigali, Kicukiro', 3, NULL, NULL, NULL),
(759, 5, 'Health Net, Inc.', '3847734961', 'clinicplus253@gmail.com', 5551074880, 'Kigali, Kicukiro', 3, NULL, NULL, NULL),
(760, 5, 'Stanley Black & Decker, Inc.', '1205060889', 'clinicplus254@gmail.com', 7616797981, 'Kigali, Kicukiro', 3, NULL, NULL, NULL),
(761, 5, 'URS Corporation', '9113190995', 'clinicplus255@gmail.com', 3939642868, 'Kigali, Kicukiro', 3, NULL, NULL, NULL),
(762, 5, 'Xcel Energy Inc.', '3075918566', 'clinicplus256@gmail.com', 2948333802, 'Kigali, Kicukiro', 3, NULL, NULL, NULL),
(763, 5, 'Bed Bath & Beyond Inc.', '3579939313', 'clinicplus257@gmail.com', 5354700007, 'Kigali, Kicukiro', 3, NULL, NULL, NULL),
(764, 5, 'Navistar International Corporation', '9161724531', 'clinicplus258@gmail.com', 8839176906, 'Kigali, Kicukiro', 3, NULL, NULL, NULL),
(765, 5, 'Synnex Corporation', '9335561186', 'clinicplus259@gmail.com', 6951040774, 'Kigali, Kicukiro', 3, NULL, NULL, NULL),
(766, 5, 'First Data Corporation', '8138880464', 'clinicplus260@gmail.com', 7920341704, 'Kigali, Kicukiro', 3, NULL, NULL, NULL),
(767, 5, 'AGCO Corporation', '7734253087', 'clinicplus261@gmail.com', 9537875474, 'Kigali, Kicukiro', 3, NULL, NULL, NULL),
(768, 5, 'L Brands, Inc.', '6988692362', 'clinicplus262@gmail.com', 7851253783, 'Kigali, Kicukiro', 3, NULL, NULL, NULL),
(769, 5, 'Hertz Global Holdings, Inc.', '5164230383', 'clinicplus263@gmail.com', 3725181492, 'Kigali, Kicukiro', 3, NULL, NULL, NULL),
(770, 5, 'CDW Corporation', '2890143074', 'clinicplus264@gmail.com', 3174315556, 'Kigali, Kicukiro', 3, NULL, NULL, NULL),
(771, 5, 'CST Brands, Inc.', '6935487395', 'clinicplus265@gmail.com', 9868272721, 'Kigali, Kicukiro', 3, NULL, NULL, NULL),
(772, 5, 'Sempra Energy', '3316168910', 'clinicplus266@gmail.com', 5719246221, 'Kigali, Kicukiro', 3, NULL, NULL, NULL),
(773, 5, 'R.R. Donnelley & Sons Company', '7393894756', 'clinicplus267@gmail.com', 6114295239, 'Kigali, Kicukiro', 3, NULL, NULL, NULL),
(774, 5, 'BB&T Corporation', '9865604648', 'clinicplus268@gmail.com', 5347267031, 'Kigali, Kicukiro', 3, NULL, NULL, NULL),
(775, 5, 'Devon Energy Corporation', '9852853273', 'clinicplus269@gmail.com', 8007000730, 'Kigali, Kicukiro', 3, NULL, NULL, NULL),
(776, 5, 'Family Dollar Stores, Inc.', '5790251032', 'clinicplus270@gmail.com', 9303828751, 'Kigali, Kicukiro', 3, NULL, NULL, NULL),
(777, 5, 'Unum Group', '1705187604', 'clinicplus271@gmail.com', 5608017315, 'Kigali, Kicukiro', 3, NULL, NULL, NULL),
(778, 5, 'Ally Financial Inc.', '8246117604', 'clinicplus272@gmail.com', 6104425864, 'Kigali, Kicukiro', 3, NULL, NULL, NULL),
(779, 5, 'Reinsurance Group of America, Incorporated', '6967492751', 'clinicplus273@gmail.com', 5639052812, 'Kigali, Kicukiro', 3, NULL, NULL, NULL),
(780, 5, 'State Street Corporation', '9702340739', 'clinicplus274@gmail.com', 6071070975, 'Kigali, Kicukiro', 3, NULL, NULL, NULL),
(781, 5, 'Air Products & Chemicals, Inc.', '8250436288', 'clinicplus275@gmail.com', 7871747672, 'Kigali, Kicukiro', 3, NULL, NULL, NULL),
(782, 5, 'Ross Stores, Inc.', '8558060340', 'clinicplus276@gmail.com', 1367139509, 'Kigali, Kicukiro', 3, NULL, NULL, NULL),
(783, 5, 'The Sherwin-Williams Company', '9515760475', 'clinicplus277@gmail.com', 6211851714, 'Kigali, Kicukiro', 3, NULL, NULL, NULL),
(784, 5, 'The Este Lauder Companies Inc.', '2032375385', 'clinicplus278@gmail.com', 6213110125, 'Kigali, Kicukiro', 3, NULL, NULL, NULL),
(785, 5, 'BlackRock, Inc.', '8258983388', 'clinicplus279@gmail.com', 6638443603, 'Kigali, Kicukiro', 3, NULL, NULL, NULL),
(786, 5, 'Western Refining, Inc.', '9360684157', 'clinicplus280@gmail.com', 8585400735, 'Kigali, Kicukiro', 3, NULL, NULL, NULL),
(787, 5, 'Avon Products, Inc.', '9943941492', 'clinicplus281@gmail.com', 1446784301, 'Kigali, Kicukiro', 3, NULL, NULL, NULL),
(788, 5, 'The Mosaic Company', '7791335808', 'clinicplus282@gmail.com', 5706198959, 'Kigali, Kicukiro', 3, NULL, NULL, NULL),
(789, 5, 'Public Service Enterprise Group Incorporated', '4202322708', 'clinicplus283@gmail.com', 8710208056, 'Kigali, Kicukiro', 3, NULL, NULL, NULL),
(790, 5, 'Dean Foods Company', '9397407622', 'clinicplus284@gmail.com', 6552389844, 'Kigali, Kicukiro', 3, NULL, NULL, NULL),
(791, 5, 'Cameron International Corporation', '6565100704', 'clinicplus285@gmail.com', 5689975299, 'Kigali, Kicukiro', 3, NULL, NULL, NULL),
(792, 5, 'MGM Resorts International', '6080880886', 'clinicplus286@gmail.com', 1587706716, 'Kigali, Kicukiro', 3, NULL, NULL, NULL),
(793, 5, 'KKR & Co. L.P.', '8846143686', 'clinicplus287@gmail.com', 4840946405, 'Kigali, Kicukiro', 3, NULL, NULL, NULL),
(794, 5, 'Hilton Worldwide Holdings Inc.', '7451215961', 'clinicplus288@gmail.com', 8547035309, 'Kigali, Kicukiro', 3, NULL, NULL, NULL),
(795, 5, 'DTE Energy Company', '7024680279', 'clinicplus289@gmail.com', 3217850771, 'Kigali, Kicukiro', 3, NULL, NULL, NULL),
(796, 5, 'Genworth Financial, Inc.', '5012660139', 'clinicplus290@gmail.com', 9722233010, 'Kigali, Kicukiro', 3, NULL, NULL, NULL),
(797, 5, 'Henry Schein, Inc.', '7178201174', 'clinicplus291@gmail.com', 6801069397, 'Kigali, Kicukiro', 3, NULL, NULL, NULL),
(798, 5, 'Rock-Tenn Company', '7107142110', 'clinicplus292@gmail.com', 3980419182, 'Kigali, Kicukiro', 3, NULL, NULL, NULL),
(799, 5, 'WellCare Health Plans, Inc.', '8900105568', 'clinicplus293@gmail.com', 5136466525, 'Kigali, Kicukiro', 3, NULL, NULL, NULL),
(800, 5, 'W.W. Grainger, Inc.', '4361844707', 'clinicplus294@gmail.com', 8324877900, 'Kigali, Kicukiro', 3, NULL, NULL, NULL),
(801, 5, 'Discover Financial Services', '6062628676', 'clinicplus295@gmail.com', 2811343376, 'Kigali, Kicukiro', 3, NULL, NULL, NULL),
(802, 5, 'Eastman Chemical Company', '3565955449', 'clinicplus296@gmail.com', 9027412385, 'Kigali, Kicukiro', 3, NULL, NULL, NULL),
(803, 5, 'Principal Financial Group, Inc.', '1541058550', 'clinicplus297@gmail.com', 8486022961, 'Kigali, Kicukiro', 3, NULL, NULL, NULL),
(804, 5, 'Reliance Steel & Aluminum Co.', '1351082774', 'clinicplus298@gmail.com', 4997038274, 'Kigali, Kicukiro', 3, NULL, NULL, NULL),
(805, 5, 'AutoZone, Inc.', '7554415639', 'clinicplus299@gmail.com', 8176888387, 'Kigali, Kicukiro', 3, NULL, NULL, NULL),
(806, 5, 'Dover Corporation', '4541900418', 'clinicplus300@gmail.com', 3967711353, 'Kigali, Kicukiro', 3, NULL, NULL, NULL),
(807, 5, 'Micron Technology, Inc.', '9706052942', 'clinicplus301@gmail.com', 8901135901, 'Kigali, Kicukiro', 3, NULL, NULL, NULL),
(808, 5, 'Owens & Minor, Inc.', '2973723128', 'clinicplus302@gmail.com', 6724096091, 'Kigali, Kicukiro', 3, NULL, NULL, NULL),
(809, 5, 'Assurant, Inc.', '9967756098', 'clinicplus303@gmail.com', 1575314614, 'Kigali, Kicukiro', 3, NULL, NULL, NULL),
(810, 5, 'GameStop Corp.', '2330909807', 'clinicplus304@gmail.com', 7048675701, 'Kigali, Kicukiro', 3, NULL, NULL, NULL),
(811, 5, 'Stryker Corporation', '1778329344', 'clinicplus305@gmail.com', 5221791846, 'Kigali, Kicukiro', 3, NULL, NULL, NULL),
(812, 5, 'Group 1 Automotive, Inc.', '4768078944', 'clinicplus306@gmail.com', 6295234221, 'Kigali, Kicukiro', 3, NULL, NULL, NULL),
(813, 5, 'Cognizant Technology Solutions Corporation', '5089425818', 'clinicplus307@gmail.com', 6607443638, 'Kigali, Kicukiro', 3, NULL, NULL, NULL),
(814, 5, 'Sonic Automotive, Inc.', '3991887522', 'clinicplus308@gmail.com', 8030814595, 'Kigali, Kicukiro', 3, NULL, NULL, NULL),
(815, 5, 'Autoliv, Inc.', '8297835446', 'clinicplus309@gmail.com', 6219299364, 'Kigali, Kicukiro', 3, NULL, NULL, NULL),
(816, 5, 'Hormel Foods Corporation', '6337589341', 'clinicplus310@gmail.com', 7199530709, 'Kigali, Kicukiro', 3, NULL, NULL, NULL),
(817, 5, 'Motorola Solutions, Inc.', '6001717420', 'clinicplus311@gmail.com', 9904680804, 'Kigali, Kicukiro', 3, NULL, NULL, NULL),
(818, 5, 'Crown Holdings, Inc.', '5336966187', 'clinicplus312@gmail.com', 8111002926, 'Kigali, Kicukiro', 3, NULL, NULL, NULL),
(819, 5, 'SunTrust Banks, Inc.', '8797527546', 'clinicplus313@gmail.com', 6055957490, 'Kigali, Kicukiro', 3, NULL, NULL, NULL),
(820, 5, 'Campbell Soup Company', '3606436515', 'clinicplus314@gmail.com', 9264196780, 'Kigali, Kicukiro', 3, NULL, NULL, NULL),
(821, 5, 'Fidelity National Financial, Inc.', '8360077497', 'clinicplus315@gmail.com', 8159521385, 'Kigali, Kicukiro', 3, NULL, NULL, NULL),
(822, 5, 'HD Supply Holdings, Inc.', '9655611570', 'clinicplus316@gmail.com', 6783886654, 'Kigali, Kicukiro', 3, NULL, NULL, NULL),
(823, 5, 'Caesars Entertainment Corporation', '9557429403', 'clinicplus317@gmail.com', 6038801876, 'Kigali, Kicukiro', 3, NULL, NULL, NULL),
(824, 5, 'Darden Restaurants, Inc.', '6190125043', 'clinicplus318@gmail.com', 8475435553, 'Kigali, Kicukiro', 3, NULL, NULL, NULL),
(825, 5, 'Weyerhaeuser Company', '9799592737', 'clinicplus319@gmail.com', 1345893381, 'Kigali, Kicukiro', 3, NULL, NULL, NULL),
(826, 5, 'Ball Corporation', '2209743129', 'clinicplus320@gmail.com', 5645150428, 'Kigali, Kicukiro', 3, NULL, NULL, NULL),
(827, 5, 'Precision Castparts Corp.', '2059025277', 'clinicplus321@gmail.com', 5858479709, 'Kigali, Kicukiro', 3, NULL, NULL, NULL),
(828, 5, 'Masco Corporation', '4506619755', 'clinicplus322@gmail.com', 5416054122, 'Kigali, Kicukiro', 3, NULL, NULL, NULL),
(829, 5, 'Universal Health Services, Inc.', '8808139824', 'clinicplus323@gmail.com', 6882965879, 'Kigali, Kicukiro', 3, NULL, NULL, NULL),
(830, 5, 'Republic Services, Inc.', '5284710188', 'clinicplus324@gmail.com', 7981871951, 'Kigali, Kicukiro', 3, NULL, NULL, NULL),
(831, 5, 'MasterCard Incorporated', '7751385573', 'clinicplus325@gmail.com', 7903644613, 'Kigali, Kicukiro', 3, NULL, NULL, NULL),
(832, 5, 'Newmont Mining Corporation', '2046819900', 'clinicplus326@gmail.com', 1161780283, 'Kigali, Kicukiro', 3, NULL, NULL, NULL),
(833, 5, 'Broadcom Corporation', '9157127414', 'clinicplus327@gmail.com', 4562068942, 'Kigali, Kicukiro', 3, NULL, NULL, NULL),
(834, 5, 'Reynolds American Inc.', '4464443498', 'clinicplus328@gmail.com', 6020418870, 'Kigali, Kicukiro', 3, NULL, NULL, NULL),
(835, 5, 'PVH Corp.', '4043899848', 'clinicplus329@gmail.com', 3900479864, 'Kigali, Kicukiro', 3, NULL, NULL, NULL),
(836, 5, 'Charter Communications, Inc.', '3975378287', 'clinicplus330@gmail.com', 2774937741, 'Kigali, Kicukiro', 3, NULL, NULL, NULL),
(837, 5, 'AECOM Technology Corporation', '1970235319', 'clinicplus331@gmail.com', 7147249129, 'Kigali, Kicukiro', 3, NULL, NULL, NULL),
(838, 5, 'CenterPoint Energy, Inc.', '7028647812', 'clinicplus332@gmail.com', 4769544656, 'Kigali, Kicukiro', 3, NULL, NULL, NULL),
(839, 5, 'Pacific Life', '2794396154', 'clinicplus333@gmail.com', 9114862450, 'Kigali, Kicukiro', 3, NULL, NULL, NULL),
(840, 5, 'Thrivent Financial for Lutherans', '9476837438', 'clinicplus334@gmail.com', 5281917764, 'Kigali, Kicukiro', 3, NULL, NULL, NULL),
(841, 5, 'Becton, Dickinson and Company', '7242837529', 'clinicplus335@gmail.com', 2848791244, 'Kigali, Kicukiro', 3, NULL, NULL, NULL),
(842, 5, 'Franklin Resources, Inc.', '7693180603', 'clinicplus336@gmail.com', 3930363343, 'Kigali, Kicukiro', 3, NULL, NULL, NULL),
(843, 5, 'Tenneco Inc.', '4732768482', 'clinicplus337@gmail.com', 4616367517, 'Kigali, Kicukiro', 3, NULL, NULL, NULL),
(844, 5, 'TravelCenters of America LLC', '1222984544', 'clinicplus338@gmail.com', 8248921314, 'Kigali, Kicukiro', 3, NULL, NULL, NULL),
(845, 5, 'Avis Budget Group, Inc.', '4064550686', 'clinicplus339@gmail.com', 1164103518, 'Kigali, Kicukiro', 3, NULL, NULL, NULL),
(846, 5, 'Facebook, Inc.', '7248477959', 'clinicplus340@gmail.com', 9108387940, 'Kigali, Kicukiro', 3, NULL, NULL, NULL),
(847, 5, 'Dollar Tree, Inc.', '8309829299', 'clinicplus341@gmail.com', 4008846666, 'Kigali, Kicukiro', 3, NULL, NULL, NULL),
(848, 5, 'Corning Incorporated', '4306910696', 'clinicplus342@gmail.com', 1706963070, 'Kigali, Kicukiro', 3, NULL, NULL, NULL),
(849, 5, 'Ashland Inc.', '3250848811', 'clinicplus343@gmail.com', 8432495211, 'Kigali, Kicukiro', 3, NULL, NULL, NULL),
(850, 5, 'Sealed Air Corporation', '9871088394', 'clinicplus344@gmail.com', 1729092282, 'Kigali, Kicukiro', 3, NULL, NULL, NULL),
(851, 5, 'Core-Mark Holding Company, Inc.', '4196502904', 'clinicplus345@gmail.com', 4174826763, 'Kigali, Kicukiro', 3, NULL, NULL, NULL),
(852, 5, 'Oshkosh Corporation', '6415371498', 'clinicplus346@gmail.com', 1289673677, 'Kigali, Kicukiro', 3, NULL, NULL, NULL),
(853, 5, 'Coca-Cola Enterprises, Inc.', '7697271077', 'clinicplus347@gmail.com', 7416528638, 'Kigali, Kicukiro', 3, NULL, NULL, NULL),
(854, 5, 'WESCO International, Inc.', '9985316284', 'clinicplus348@gmail.com', 5414276761, 'Kigali, Kicukiro', 3, NULL, NULL, NULL),
(855, 5, 'Applied Materials, Inc.', '3401164112', 'clinicplus349@gmail.com', 7327119273, 'Kigali, Kicukiro', 3, NULL, NULL, NULL),
(856, 5, 'Visteon Corporation', '5949796729', 'clinicplus350@gmail.com', 1684974822, 'Kigali, Kicukiro', 3, NULL, NULL, NULL),
(857, 5, 'BorgWarner Inc.', '7166054488', 'clinicplus351@gmail.com', 9219503283, 'Kigali, Kicukiro', 3, NULL, NULL, NULL),
(858, 5, 'Spectrum Group International, Inc.', '1615108844', 'clinicplus352@gmail.com', 2253114954, 'Kigali, Kicukiro', 3, NULL, NULL, NULL),
(859, 5, 'Oaktree Capital Group, LLC', '2911612201', 'clinicplus353@gmail.com', 8956569994, 'Kigali, Kicukiro', 3, NULL, NULL, NULL),
(860, 5, 'Steel Dynamics, Inc.', '9325621316', 'clinicplus354@gmail.com', 5472255148, 'Kigali, Kicukiro', 3, NULL, NULL, NULL),
(861, 5, 'Jarden Corporation', '3895288560', 'clinicplus355@gmail.com', 2618759490, 'Kigali, Kicukiro', 3, NULL, NULL, NULL),
(862, 5, 'Mohawk Industries, Inc.', '5540788178', 'clinicplus356@gmail.com', 4457935783, 'Kigali, Kicukiro', 3, NULL, NULL, NULL),
(863, 5, 'Terex Corporation', '2765276238', 'clinicplus357@gmail.com', 2565802933, 'Kigali, Kicukiro', 3, NULL, NULL, NULL),
(864, 5, 'Northeast Utilities', '4249106378', 'clinicplus358@gmail.com', 5106644953, 'Kigali, Kicukiro', 3, NULL, NULL, NULL),
(865, 5, 'KBR, Inc.', '2310692541', 'clinicplus359@gmail.com', 2390067818, 'Kigali, Kicukiro', 3, NULL, NULL, NULL),
(866, 5, 'Fifth Third Bancorp', '6910486951', 'clinicplus360@gmail.com', 9427243139, 'Kigali, Kicukiro', 3, NULL, NULL, NULL),
(867, 5, 'UGI Corporation', '6634715341', 'clinicplus361@gmail.com', 4015502979, 'Kigali, Kicukiro', 3, NULL, NULL, NULL),
(868, 5, 'CBRE Group, Inc.', '8308384066', 'clinicplus362@gmail.com', 5903567753, 'Kigali, Kicukiro', 3, NULL, NULL, NULL),
(869, 5, 'Quest Diagnostics Incorporated', '3714902570', 'clinicplus363@gmail.com', 1814958607, 'Kigali, Kicukiro', 3, NULL, NULL, NULL),
(870, 5, 'Peabody Energy Corporation', '4288866648', 'clinicplus364@gmail.com', 5629016559, 'Kigali, Kicukiro', 3, NULL, NULL, NULL),
(871, 5, 'The Hershey Company', '7696921814', 'clinicplus365@gmail.com', 1383098966, 'Kigali, Kicukiro', 3, NULL, NULL, NULL),
(872, 5, 'Boston Scientific Corporation', '6147466162', 'clinicplus366@gmail.com', 1836799772, 'Kigali, Kicukiro', 3, NULL, NULL, NULL),
(873, 5, 'FMC Technologies, Inc.', '1475278802', 'clinicplus367@gmail.com', 3360704065, 'Kigali, Kicukiro', 3, NULL, NULL, NULL),
(874, 5, 'The Interpublic Group of Companies, Inc.', '5511488960', 'clinicplus368@gmail.com', 5914254826, 'Kigali, Kicukiro', 3, NULL, NULL, NULL),
(875, 5, 'Commercial Metals Company', '6938191038', 'clinicplus369@gmail.com', 7332249123, 'Kigali, Kicukiro', 3, NULL, NULL, NULL),
(876, 5, 'The Pantry, Inc.', '6067747860', 'clinicplus370@gmail.com', 9602324905, 'Kigali, Kicukiro', 3, NULL, NULL, NULL),
(877, 5, 'Owens-Illinois, Inc.', '7939549599', 'clinicplus371@gmail.com', 3568300519, 'Kigali, Kicukiro', 3, NULL, NULL, NULL),
(878, 5, 'American Family Ins. Group', '2151358027', 'clinicplus372@gmail.com', 7659716417, 'Kigali, Kicukiro', 3, NULL, NULL, NULL),
(879, 5, 'Ralph Lauren Corporation', '4531557376', 'clinicplus373@gmail.com', 8899597115, 'Kigali, Kicukiro', 3, NULL, NULL, NULL),
(880, 5, 'Biogen Idec Inc.', '5754040685', 'clinicplus374@gmail.com', 4202862669, 'Kigali, Kicukiro', 3, NULL, NULL, NULL),
(881, 5, 'PetSmart, Inc.', '9858153853', 'clinicplus375@gmail.com', 7961673403, 'Kigali, Kicukiro', 3, NULL, NULL, NULL),
(882, 5, 'Mylan Inc.', '4092535070', 'clinicplus376@gmail.com', 7258356230, 'Kigali, Kicukiro', 3, NULL, NULL, NULL),
(883, 5, 'Symantec Corporation', '7012077578', 'clinicplus377@gmail.com', 5038448371, 'Kigali, Kicukiro', 3, NULL, NULL, NULL),
(884, 5, 'Ameren Corporation', '7468521064', 'clinicplus378@gmail.com', 4015194323, 'Kigali, Kicukiro', 3, NULL, NULL, NULL),
(885, 5, 'The Williams Companies, Inc.', '1222563017', 'clinicplus379@gmail.com', 3814877720, 'Kigali, Kicukiro', 3, NULL, NULL, NULL),
(886, 5, 'Barnes & Noble, Inc.', '5070402153', 'clinicplus380@gmail.com', 9999674322, 'Kigali, Kicukiro', 3, NULL, NULL, NULL),
(887, 5, 'Huntington Ingalls Industries, Inc.', '1850067937', 'clinicplus381@gmail.com', 5636738088, 'Kigali, Kicukiro', 3, NULL, NULL, NULL),
(888, 5, 'The Priceline Group Inc.', '9221952604', 'clinicplus382@gmail.com', 8479579220, 'Kigali, Kicukiro', 3, NULL, NULL, NULL),
(889, 5, 'Agilent Technologies, Inc.', '8545568830', 'clinicplus383@gmail.com', 1279182760, 'Kigali, Kicukiro', 3, NULL, NULL, NULL),
(890, 5, 'Dana Holding Corporation', '8105443913', 'clinicplus384@gmail.com', 4987374370, 'Kigali, Kicukiro', 3, NULL, NULL, NULL),
(891, 5, 'Dillards, Inc.', '3725314830', 'clinicplus385@gmail.com', 6659370937, 'Kigali, Kicukiro', 3, NULL, NULL, NULL),
(892, 5, 'Seaboard Corporation', '7742863023', 'clinicplus386@gmail.com', 8471591845, 'Kigali, Kicukiro', 3, NULL, NULL, NULL),
(893, 5, 'Vanguard Health Systems, Inc.', '2677178627', 'clinicplus387@gmail.com', 5160170039, 'Kigali, Kicukiro', 3, NULL, NULL, NULL),
(894, 5, 'Caseys General Stores, Inc.', '8625025571', 'clinicplus388@gmail.com', 9315947193, 'Kigali, Kicukiro', 3, NULL, NULL, NULL),
(895, 5, 'OReilly Automotive, Inc.', '2994651614', 'clinicplus389@gmail.com', 1329201132, 'Kigali, Kicukiro', 3, NULL, NULL, NULL),
(896, 5, 'The Blackstone Group L.P.', '3232773807', 'clinicplus390@gmail.com', 1931163231, 'Kigali, Kicukiro', 3, NULL, NULL, NULL),
(897, 5, 'Mutual of Omaha Insurance Company', '4689347761', 'clinicplus391@gmail.com', 8639501806, 'Kigali, Kicukiro', 3, NULL, NULL, NULL),
(898, 5, 'Molina Healthcare, Inc.', '8686672244', 'clinicplus392@gmail.com', 1993975864, 'Kigali, Kicukiro', 3, NULL, NULL, NULL),
(899, 5, 'CMS Energy Corporation', '4854202524', 'clinicplus393@gmail.com', 8166328078, 'Kigali, Kicukiro', 3, NULL, NULL, NULL),
(900, 5, 'Targa Resources Corp.', '4836984519', 'clinicplus394@gmail.com', 1208830293, 'Kigali, Kicukiro', 3, NULL, NULL, NULL),
(901, 5, 'Quanta Services, Inc.', '2631139628', 'clinicplus395@gmail.com', 9054685396, 'Kigali, Kicukiro', 3, NULL, NULL, NULL),
(902, 5, 'Cablevision Systems Corporation', '2561955562', 'clinicplus396@gmail.com', 8179157547, 'Kigali, Kicukiro', 3, NULL, NULL, NULL),
(903, 5, 'Avery Dennison Corporation', '9491959201', 'clinicplus397@gmail.com', 1346929704, 'Kigali, Kicukiro', 3, NULL, NULL, NULL),
(904, 5, 'Celanese Corporation', '2337330294', 'clinicplus398@gmail.com', 8537891553, 'Kigali, Kicukiro', 3, NULL, NULL, NULL),
(905, 5, 'Foot Locker, Inc.', '3440478949', 'clinicplus399@gmail.com', 8782804825, 'Kigali, Kicukiro', 3, NULL, NULL, NULL),
(906, 5, 'Celgene Corporation', '8434928812', 'clinicplus400@gmail.com', 4776278269, 'Kigali, Kicukiro', 3, NULL, NULL, NULL),
(907, 5, 'Advance Auto Parts, Inc.', '1732836016', 'clinicplus401@gmail.com', 4847448356, 'Kigali, Kicukiro', 3, NULL, NULL, NULL),
(908, 5, 'Mattel, Inc.', '9101259134', 'clinicplus402@gmail.com', 8302160723, 'Kigali, Kicukiro', 3, NULL, NULL, NULL),
(909, 5, 'Live Nation Entertainment, Inc.', '4198993548', 'clinicplus403@gmail.com', 7676920623, 'Kigali, Kicukiro', 3, NULL, NULL, NULL),
(910, 5, 'General Cable Corporation', '8624920173', 'clinicplus404@gmail.com', 7223967465, 'Kigali, Kicukiro', 3, NULL, NULL, NULL),
(911, 5, 'Ryder System, Inc.', '6887990804', 'clinicplus405@gmail.com', 7194072939, 'Kigali, Kicukiro', 3, NULL, NULL, NULL),
(912, 5, 'EMCOR Group, Inc.', '4090150921', 'clinicplus406@gmail.com', 6540084644, 'Kigali, Kicukiro', 3, NULL, NULL, NULL),
(913, 5, 'Allergan, Inc.', '6383689569', 'clinicplus407@gmail.com', 7694413630, 'Kigali, Kicukiro', 3, NULL, NULL, NULL),
(914, 5, 'W.R. Berkley Corporation', '3954646893', 'clinicplus408@gmail.com', 4634371214, 'Kigali, Kicukiro', 3, NULL, NULL, NULL),
(915, 5, 'Rockwell Automation, Inc.', '2896718548', 'clinicplus409@gmail.com', 1653280615, 'Kigali, Kicukiro', 3, NULL, NULL, NULL),
(916, 5, 'NetApp, Inc.', '5899881180', 'clinicplus410@gmail.com', 4461480000, 'Kigali, Kicukiro', 3, NULL, NULL, NULL),
(917, 5, 'Ingredion Incorporated', '6561476736', 'clinicplus411@gmail.com', 8164916247, 'Kigali, Kicukiro', 3, NULL, NULL, NULL),
(918, 5, 'Level 3 Communications, Inc.', '8971419784', 'clinicplus412@gmail.com', 5834140203, 'Kigali, Kicukiro', 3, NULL, NULL, NULL),
(919, 5, 'Calpine Corporation', '2143693555', 'clinicplus413@gmail.com', 3662303996, 'Kigali, Kicukiro', 3, NULL, NULL, NULL),
(920, 5, 'Omnicare, Inc.', '7236487500', 'clinicplus414@gmail.com', 4337270483, 'Kigali, Kicukiro', 3, NULL, NULL, NULL),
(921, 5, 'Erie Insurance Group', '3550619136', 'clinicplus415@gmail.com', 3188406574, 'Kigali, Kicukiro', 3, NULL, NULL, NULL),
(922, 5, 'SLM Corporation', '9635812567', 'clinicplus416@gmail.com', 9540000500, 'Kigali, Kicukiro', 3, NULL, NULL, NULL),
(923, 5, 'D.R. Horton, Inc.', '6310503341', 'clinicplus417@gmail.com', 3715987929, 'Kigali, Kicukiro', 3, NULL, NULL, NULL),
(924, 5, 'CC Media Holdings, Inc.', '6800574514', 'clinicplus418@gmail.com', 5613511882, 'Kigali, Kicukiro', 3, NULL, NULL, NULL),
(925, 5, 'Anixter International Inc.', '6602822256', 'clinicplus419@gmail.com', 2936886022, 'Kigali, Kicukiro', 3, NULL, NULL, NULL),
(926, 5, 'Dicks Sporting Goods, Inc.', '7895427272', 'clinicplus420@gmail.com', 8636540820, 'Kigali, Kicukiro', 3, NULL, NULL, NULL),
(927, 5, 'SanDisk Corporation', '9252161188', 'clinicplus421@gmail.com', 7717588654, 'Kigali, Kicukiro', 3, NULL, NULL, NULL),
(928, 5, 'NCR Corporation', '7763129216', 'clinicplus422@gmail.com', 6545895609, 'Kigali, Kicukiro', 3, NULL, NULL, NULL),
(929, 5, 'Starwood Hotels & Resorts Worldwide, Inc.', '8996700659', 'clinicplus423@gmail.com', 2262793571, 'Kigali, Kicukiro', 3, NULL, NULL, NULL),
(930, 5, 'Expeditors International of Washington, Inc.', '3397835784', 'clinicplus424@gmail.com', 1592186842, 'Kigali, Kicukiro', 3, NULL, NULL, NULL),
(931, 5, 'Fidelity National Information Services, Inc.', '2226811589', 'clinicplus425@gmail.com', 2879117071, 'Kigali, Kicukiro', 3, NULL, NULL, NULL),
(932, 5, 'United Natural Foods, Inc.', '4197662159', 'clinicplus426@gmail.com', 4948099525, 'Kigali, Kicukiro', 3, NULL, NULL, NULL),
(933, 5, 'Auto-Owners Insurance Group', '6740095168', 'clinicplus427@gmail.com', 7628106681, 'Kigali, Kicukiro', 3, NULL, NULL, NULL),
(934, 5, 'Windstream Holdings, Inc.', '2110025185', 'clinicplus428@gmail.com', 3626331858, 'Kigali, Kicukiro', 3, NULL, NULL, NULL),
(935, 5, 'Dr Pepper Snapple Group, Inc.', '4485399515', 'clinicplus429@gmail.com', 2669700472, 'Kigali, Kicukiro', 3, NULL, NULL, NULL),
(936, 5, 'Lennar Corporation', '8512279154', 'clinicplus430@gmail.com', 9208225055, 'Kigali, Kicukiro', 3, NULL, NULL, NULL),
(937, 5, 'Sanmina', '7843843154', 'clinicplus431@gmail.com', 1757263636, 'Kigali, Kicukiro', 3, NULL, NULL, NULL),
(938, 5, 'Harley-Davidson, Inc.', '3774475382', 'clinicplus432@gmail.com', 5723637420, 'Kigali, Kicukiro', 3, NULL, NULL, NULL),
(939, 5, 'CONSOL Energy Inc.', '1350511502', 'clinicplus433@gmail.com', 1552443184, 'Kigali, Kicukiro', 3, NULL, NULL, NULL),
(940, 5, 'The J.M. Smucker Company', '2861474000', 'clinicplus434@gmail.com', 5132611432, 'Kigali, Kicukiro', 3, NULL, NULL, NULL),
(941, 5, 'Newell Rubbermaid Inc.', '8776274579', 'clinicplus435@gmail.com', 6540318236, 'Kigali, Kicukiro', 3, NULL, NULL, NULL),
(942, 5, 'CH2M HILL Companies, Ltd.', '1105306071', 'clinicplus436@gmail.com', 3218454833, 'Kigali, Kicukiro', 3, NULL, NULL, NULL),
(943, 5, 'Energy Future Holdings Corp.', '3379799626', 'clinicplus437@gmail.com', 7261291224, 'Kigali, Kicukiro', 3, NULL, NULL, NULL),
(944, 5, 'Susser Holdings Corporation', '1068524920', 'clinicplus438@gmail.com', 1493177490, 'Kigali, Kicukiro', 3, NULL, NULL, NULL),
(945, 5, 'Laboratory Corporation of America Holdings', '2773668716', 'clinicplus439@gmail.com', 9379655806, 'Kigali, Kicukiro', 3, NULL, NULL, NULL),
(946, 5, 'Kindred Healthcare, Inc.', '7414717571', 'clinicplus440@gmail.com', 6389602370, 'Kigali, Kicukiro', 3, NULL, NULL, NULL),
(947, 5, 'Leidos Holdings Inc.', '1467202962', 'clinicplus441@gmail.com', 9399444774, 'Kigali, Kicukiro', 3, NULL, NULL, NULL),
(948, 5, 'Booz Allen Hamilton Holding Corp.', '1394727852', 'clinicplus442@gmail.com', 8284082860, 'Kigali, Kicukiro', 3, NULL, NULL, NULL),
(949, 5, 'The Jones Financial Companies,L.L.L.P.', '7763166396', 'clinicplus443@gmail.com', 8159883256, 'Kigali, Kicukiro', 3, NULL, NULL, NULL),
(950, 5, 'Cliffs Natural Resources Inc.', '4636924519', 'clinicplus444@gmail.com', 4494885025, 'Kigali, Kicukiro', 3, NULL, NULL, NULL),
(951, 5, 'PulteGroup, Inc.', '6440591994', 'clinicplus445@gmail.com', 2394465799, 'Kigali, Kicukiro', 3, NULL, NULL, NULL),
(952, 5, 'Regions Financial Corporation', '6629757220', 'clinicplus446@gmail.com', 9131084674, 'Kigali, Kicukiro', 3, NULL, NULL, NULL),
(953, 5, 'NiSource Inc.', '5788222057', 'clinicplus447@gmail.com', 5306849273, 'Kigali, Kicukiro', 3, NULL, NULL, NULL),
(954, 5, 'Graybar Electric Company, Inc.', '3943226648', 'clinicplus448@gmail.com', 3984547706, 'Kigali, Kicukiro', 3, NULL, NULL, NULL),
(955, 5, 'Integrys Energy Group, Inc.', '3516702074', 'clinicplus449@gmail.com', 9664196857, 'Kigali, Kicukiro', 3, NULL, NULL, NULL),
(956, 5, 'The Clorox Company', '7732761132', 'clinicplus450@gmail.com', 9202216198, 'Kigali, Kicukiro', 3, NULL, NULL, NULL),
(957, 5, 'Wynn Resorts, Limited', '5646805181', 'clinicplus451@gmail.com', 6579064478, 'Kigali, Kicukiro', 3, NULL, NULL, NULL),
(958, 5, 'The Andersons, Inc.', '1577732021', 'clinicplus452@gmail.com', 5180304921, 'Kigali, Kicukiro', 3, NULL, NULL, NULL),
(959, 5, 'J.B. Hunt Transport Services, Inc.', '1387353606', 'clinicplus453@gmail.com', 9823183489, 'Kigali, Kicukiro', 3, NULL, NULL, NULL),
(960, 5, 'AK Steel Holding Corporation', '7687783584', 'clinicplus454@gmail.com', 4795145817, 'Kigali, Kicukiro', 3, NULL, NULL, NULL),
(961, 5, 'Harbinger Group Inc.', '5358937692', 'clinicplus455@gmail.com', 8905809613, 'Kigali, Kicukiro', 3, NULL, NULL, NULL),
(962, 5, 'MeadWestvaco Corporation', '5159663404', 'clinicplus456@gmail.com', 9680432096, 'Kigali, Kicukiro', 3, NULL, NULL, NULL),
(963, 5, 'The Western Union Company', '6121897127', 'clinicplus457@gmail.com', 4308677686, 'Kigali, Kicukiro', 3, NULL, NULL, NULL),
(964, 5, 'The Charles Schwab Corporation', '1253365012', 'clinicplus458@gmail.com', 2065452798, 'Kigali, Kicukiro', 3, NULL, NULL, NULL),
(965, 5, 'Discovery Communications, Inc.', '4697655262', 'clinicplus459@gmail.com', 7918225321, 'Kigali, Kicukiro', 3, NULL, NULL, NULL),
(966, 5, 'Spectra Energy Corp', '7787793364', 'clinicplus460@gmail.com', 1539946355, 'Kigali, Kicukiro', 3, NULL, NULL, NULL),
(967, 5, 'St. Jude Medical, Inc.', '6142839400', 'clinicplus461@gmail.com', 1272154123, 'Kigali, Kicukiro', 3, NULL, NULL, NULL),
(968, 5, 'CF Industries Holdings, Inc.', '4699391414', 'clinicplus462@gmail.com', 1953308994, 'Kigali, Kicukiro', 3, NULL, NULL, NULL),
(969, 5, 'Con-way Inc.', '3428380782', 'clinicplus463@gmail.com', 4194754943, 'Kigali, Kicukiro', 3, NULL, NULL, NULL),
(970, 5, 'Old Republic International Corporation', '6642636871', 'clinicplus464@gmail.com', 8055372573, 'Kigali, Kicukiro', 3, NULL, NULL, NULL),
(971, 5, 'JetBlue Airways Corporation', '6128692555', 'clinicplus465@gmail.com', 4360812559, 'Kigali, Kicukiro', 3, NULL, NULL, NULL),
(972, 5, 'Calumet Specialty Products Partners, L.P.', '7090610549', 'clinicplus466@gmail.com', 7818194015, 'Kigali, Kicukiro', 3, NULL, NULL, NULL),
(973, 5, 'Kelly Services, Inc.', '4847041279', 'clinicplus467@gmail.com', 7968411166, 'Kigali, Kicukiro', 3, NULL, NULL, NULL),
(974, 5, 'Domtar Corporation', '1066702729', 'clinicplus468@gmail.com', 7062751398, 'Kigali, Kicukiro', 3, NULL, NULL, NULL),
(975, 5, 'Murphy Oil Corporation', '2787333334', 'clinicplus469@gmail.com', 5803982187, 'Kigali, Kicukiro', 3, NULL, NULL, NULL),
(976, 5, 'Harris Corporation', '1647429985', 'clinicplus470@gmail.com', 7160004228, 'Kigali, Kicukiro', 3, NULL, NULL, NULL),
(977, 5, 'Asbury Automotive Group, Inc.', '2247202781', 'clinicplus471@gmail.com', 8712834272, 'Kigali, Kicukiro', 3, NULL, NULL, NULL),
(978, 5, 'Big Lots, Inc.', '4259654694', 'clinicplus472@gmail.com', 5637412231, 'Kigali, Kicukiro', 3, NULL, NULL, NULL),
(979, 5, 'Advanced Micro Devices, Inc.', '9577889578', 'clinicplus473@gmail.com', 6186796871, 'Kigali, Kicukiro', 3, NULL, NULL, NULL),
(980, 5, 'Owens Corning', '5038006880', 'clinicplus474@gmail.com', 6457580379, 'Kigali, Kicukiro', 3, NULL, NULL, NULL),
(981, 5, 'Realogy Holdings Corp.', '2427923527', 'clinicplus475@gmail.com', 3005561899, 'Kigali, Kicukiro', 3, NULL, NULL, NULL),
(982, 5, 'Host Hotels & Resorts, Inc.', '8399978421', 'clinicplus476@gmail.com', 4214053910, 'Kigali, Kicukiro', 3, NULL, NULL, NULL),
(983, 5, 'MRC Global Inc.', '5314799089', 'clinicplus477@gmail.com', 4713030111, 'Kigali, Kicukiro', 3, NULL, NULL, NULL),
(984, 5, 'Simon Property Group, Inc.', '5850035838', 'clinicplus478@gmail.com', 6554714201, 'Kigali, Kicukiro', 3, NULL, NULL, NULL),
(985, 5, 'Tractor Supply Company', '8679678820', 'clinicplus479@gmail.com', 8446745692, 'Kigali, Kicukiro', 3, NULL, NULL, NULL),
(986, 5, 'Gannett Co., Inc.', '1403905269', 'clinicplus480@gmail.com', 5618439482, 'Kigali, Kicukiro', 3, NULL, NULL, NULL),
(987, 5, 'Alaska Air Group, Inc.', '1575424963', 'clinicplus481@gmail.com', 8309273528, 'Kigali, Kicukiro', 3, NULL, NULL, NULL),
(988, 5, 'Insight Enterprises, Inc.', '1792524320', 'clinicplus482@gmail.com', 4999060725, 'Kigali, Kicukiro', 3, NULL, NULL, NULL),
(989, 5, 'McGraw Hill Financial, Inc.', '4745503258', 'clinicplus483@gmail.com', 9944994412, 'Kigali, Kicukiro', 3, NULL, NULL, NULL),
(990, 5, 'Buckeye Partners, L.P.', '8866862041', 'clinicplus484@gmail.com', 3899456888, 'Kigali, Kicukiro', 3, NULL, NULL, NULL),
(991, 5, 'Quintiles Transnational Holdings Inc.', '1156391639', 'clinicplus485@gmail.com', 4800316837, 'Kigali, Kicukiro', 3, NULL, NULL, NULL),
(992, 5, 'American Financial Group, Inc.', '7495794032', 'clinicplus486@gmail.com', 3263686264, 'Kigali, Kicukiro', 3, NULL, NULL, NULL),
(993, 5, 'United Stationers Inc.', '9494063438', 'clinicplus487@gmail.com', 3545311549, 'Kigali, Kicukiro', 3, NULL, NULL, NULL),
(994, 5, 'Coach, Inc.', '4176172230', 'clinicplus488@gmail.com', 5069480339, 'Kigali, Kicukiro', 3, NULL, NULL, NULL),
(995, 5, 'LKQ Corporation', '9896124513', 'clinicplus489@gmail.com', 7576801688, 'Kigali, Kicukiro', 3, NULL, NULL, NULL),
(996, 5, 'Noble Energy, Inc.', '5564901894', 'clinicplus490@gmail.com', 2522520535, 'Kigali, Kicukiro', 3, NULL, NULL, NULL),
(997, 5, 'Bemis Company, Inc.', '2485331388', 'clinicplus491@gmail.com', 3064864583, 'Kigali, Kicukiro', 3, NULL, NULL, NULL),
(998, 5, 'Joy Global Inc.', '9766000670', 'clinicplus492@gmail.com', 2477102719, 'Kigali, Kicukiro', 3, NULL, NULL, NULL),
(999, 5, 'Wyndham Worldwide Corporation', '6159301153', 'clinicplus493@gmail.com', 1213730804, 'Kigali, Kicukiro', 3, NULL, NULL, NULL),
(1000, 5, 'NII Holdings, Inc.', '5205219431', 'clinicplus494@gmail.com', 1143809224, 'Kigali, Kicukiro', 3, NULL, NULL, NULL),
(1001, 5, 'Lorillard, Inc.', '3392058022', 'clinicplus495@gmail.com', 6835702319, 'Kigali, Kicukiro', 3, NULL, NULL, NULL),
(1002, 5, 'Alleghany Corporation', '1216639311', 'clinicplus496@gmail.com', 2539529779, 'Kigali, Kicukiro', 3, NULL, NULL, NULL);

INSERT INTO `suppliers` (`id`, `company_id`, `name`, `phone`, `email`, `tin_number`, `address`, `created_by`, `created_at`, `updated_at`, `deleted_at`) VALUES
(1003, 5, 'Airgas, Inc.', '1180395843', 'clinicplus497@gmail.com', 7292671841, 'Kigali, Kicukiro', 3, NULL, NULL, NULL),
(1004, 5, 'First American Financial Corporation', '6366747855', 'clinicplus498@gmail.com', 8416941208, 'Kigali, Kicukiro', 3, NULL, NULL, NULL),
(1005, 5, 'United Rentals, Inc.', '4660158568', 'clinicplus499@gmail.com', 3130487949, 'Kigali, Kicukiro', 3, NULL, NULL, NULL),
(1006, 5, 'Wal-Mart Stores', '1894921318', 'clinicplus0@gmail.com', 3697232959, 'Kigali, Kicukiro', 3, NULL, NULL, NULL),
(1007, 5, 'Exxon Mobil', '3402944626', 'clinicplus1@gmail.com', 6017510102, 'Kigali, Kicukiro', 3, NULL, NULL, NULL),
(1008, 5, 'Chevron', '1750238051', 'clinicplus2@gmail.com', 7361612301, 'Kigali, Kicukiro', 3, NULL, NULL, NULL),
(1009, 5, 'Berkshire Hathaway', '9557197404', 'clinicplus3@gmail.com', 2176386761, 'Kigali, Kicukiro', 3, NULL, NULL, NULL),
(1010, 5, 'Apple', '1645338237', 'clinicplus4@gmail.com', 2754739020, 'Kigali, Kicukiro', 3, NULL, NULL, NULL),
(1011, 5, 'Phillips 66', '2202038404', 'clinicplus5@gmail.com', 7408804103, 'Kigali, Kicukiro', 3, NULL, NULL, NULL),
(1012, 5, 'General Motors', '4924082388', 'clinicplus6@gmail.com', 8211889744, 'Kigali, Kicukiro', 3, NULL, NULL, NULL),
(1013, 5, 'Ford Motor', '1159798788', 'clinicplus7@gmail.com', 6897205709, 'Kigali, Kicukiro', 3, NULL, NULL, NULL),
(1014, 5, 'General Electric', '1604549237', 'clinicplus8@gmail.com', 4746395517, 'Kigali, Kicukiro', 3, NULL, NULL, NULL),
(1015, 5, 'Valero Energy', '9078286666', 'clinicplus9@gmail.com', 5292094619, 'Kigali, Kicukiro', 3, NULL, NULL, NULL),
(1016, 5, 'AT&T', '4393610031', 'clinicplus10@gmail.com', 8561074667, 'Kigali, Kicukiro', 3, NULL, NULL, NULL),
(1017, 5, 'CVS Caremark', '6363335670', 'clinicplus11@gmail.com', 9377949622, 'Kigali, Kicukiro', 3, NULL, NULL, NULL),
(1018, 5, 'Fannie Mae', '8325296461', 'clinicplus12@gmail.com', 7229496395, 'Kigali, Kicukiro', 3, NULL, NULL, NULL),
(1019, 5, 'UnitedHealth Group', '9170457537', 'clinicplus13@gmail.com', 3985299726, 'Kigali, Kicukiro', 3, NULL, NULL, NULL),
(1020, 5, 'McKesson', '9933053552', 'clinicplus14@gmail.com', 3264492260, 'Kigali, Kicukiro', 3, NULL, NULL, NULL),
(1021, 5, 'Verizon Communications', '7822848960', 'clinicplus15@gmail.com', 5526867606, 'Kigali, Kicukiro', 3, NULL, NULL, NULL),
(1022, 5, 'Hewlett-Packard', '3902686262', 'clinicplus16@gmail.com', 5461786736, 'Kigali, Kicukiro', 3, NULL, NULL, NULL),
(1023, 5, 'J.P. Morgan Chase & Co.', '5284711692', 'clinicplus17@gmail.com', 5734957259, 'Kigali, Kicukiro', 3, NULL, NULL, NULL),
(1024, 5, 'Costco Wholesale', '5832964629', 'clinicplus18@gmail.com', 8530402932, 'Kigali, Kicukiro', 3, NULL, NULL, NULL),
(1025, 5, 'Express Scripts Holding', '1367926971', 'clinicplus19@gmail.com', 9225147684, 'Kigali, Kicukiro', 3, NULL, NULL, NULL),
(1026, 5, 'Bank of America', '3884587067', 'clinicplus20@gmail.com', 4847150814, 'Kigali, Kicukiro', 3, NULL, NULL, NULL),
(1027, 5, 'Cardinal Health', '2672171186', 'clinicplus21@gmail.com', 9500545795, 'Kigali, Kicukiro', 3, NULL, NULL, NULL),
(1028, 5, 'International Business Machines', '9151639561', 'clinicplus22@gmail.com', 3576683099, 'Kigali, Kicukiro', 3, NULL, NULL, NULL),
(1029, 5, 'Kroger', '8654058176', 'clinicplus23@gmail.com', 2519330172, 'Kigali, Kicukiro', 3, NULL, NULL, NULL),
(1030, 5, 'Marathon Petroleum', '7351002797', 'clinicplus24@gmail.com', 4757422417, 'Kigali, Kicukiro', 3, NULL, NULL, NULL),
(1031, 5, 'Citigroup', '4549683693', 'clinicplus25@gmail.com', 9214723564, 'Kigali, Kicukiro', 3, NULL, NULL, NULL),
(1032, 5, 'Archer Daniels Midland', '4458303938', 'clinicplus26@gmail.com', 8800590633, 'Kigali, Kicukiro', 3, NULL, NULL, NULL),
(1033, 5, 'AmerisourceBergen', '8791452161', 'clinicplus27@gmail.com', 4514470821, 'Kigali, Kicukiro', 3, NULL, NULL, NULL),
(1034, 5, 'Wells Fargo', '7532769046', 'clinicplus28@gmail.com', 3509868265, 'Kigali, Kicukiro', 3, NULL, NULL, NULL),
(1035, 5, 'Boeing', '5465271597', 'clinicplus29@gmail.com', 2283866156, 'Kigali, Kicukiro', 3, NULL, NULL, NULL),
(1036, 5, 'Procter & Gamble', '9731161938', 'clinicplus30@gmail.com', 2613012696, 'Kigali, Kicukiro', 3, NULL, NULL, NULL),
(1037, 5, 'Freddie Mac', '1922537207', 'clinicplus31@gmail.com', 7379409042, 'Kigali, Kicukiro', 3, NULL, NULL, NULL),
(1038, 5, 'Home Depot', '2974407809', 'clinicplus32@gmail.com', 6975975453, 'Kigali, Kicukiro', 3, NULL, NULL, NULL),
(1039, 5, 'Microsoft', '3676068935', 'clinicplus33@gmail.com', 1138067941, 'Kigali, Kicukiro', 3, NULL, NULL, NULL),
(1040, 5, 'Amazon.com', '2847801237', 'clinicplus34@gmail.com', 3250604901, 'Kigali, Kicukiro', 3, NULL, NULL, NULL),
(1041, 5, 'Target', '8340735879', 'clinicplus35@gmail.com', 3266718962, 'Kigali, Kicukiro', 3, NULL, NULL, NULL),
(1042, 5, 'Walgreen Co.', '3370753170', 'clinicplus36@gmail.com', 9350925625, 'Kigali, Kicukiro', 3, NULL, NULL, NULL),
(1043, 5, 'WellPoint', '8341314456', 'clinicplus37@gmail.com', 3227737734, 'Kigali, Kicukiro', 3, NULL, NULL, NULL),
(1044, 5, 'Johnson & Johnson', '6345740385', 'clinicplus38@gmail.com', 6440916767, 'Kigali, Kicukiro', 3, NULL, NULL, NULL),
(1045, 5, 'American International Group', '1014527446', 'clinicplus39@gmail.com', 5896257526, 'Kigali, Kicukiro', 3, NULL, NULL, NULL),
(1046, 5, 'State Farm Insurance Cos.', '7388723447', 'clinicplus40@gmail.com', 3271427338, 'Kigali, Kicukiro', 3, NULL, NULL, NULL),
(1047, 5, 'MetLife', '5280663073', 'clinicplus41@gmail.com', 2989076565, 'Kigali, Kicukiro', 3, NULL, NULL, NULL),
(1048, 5, 'PepsiCo', '4371695554', 'clinicplus42@gmail.com', 3935117551, 'Kigali, Kicukiro', 3, NULL, NULL, NULL),
(1049, 5, 'Comcast', '4569774885', 'clinicplus43@gmail.com', 6457882266, 'Kigali, Kicukiro', 3, NULL, NULL, NULL),
(1050, 5, 'United Technologies', '2919326702', 'clinicplus44@gmail.com', 1369590192, 'Kigali, Kicukiro', 3, NULL, NULL, NULL),
(1051, 5, 'Google', '6194064738', 'clinicplus45@gmail.com', 5201681099, 'Kigali, Kicukiro', 3, NULL, NULL, NULL),
(1052, 5, 'ConocoPhillips', '7572304572', 'clinicplus46@gmail.com', 5465752509, 'Kigali, Kicukiro', 3, NULL, NULL, NULL),
(1053, 5, 'Dow Chemical', '7263179744', 'clinicplus47@gmail.com', 1147887068, 'Kigali, Kicukiro', 3, NULL, NULL, NULL),
(1054, 5, 'Caterpillar', '6305318338', 'clinicplus48@gmail.com', 6487519847, 'Kigali, Kicukiro', 3, NULL, NULL, NULL),
(1055, 5, 'United Parcel Service', '7288327979', 'clinicplus49@gmail.com', 8519408278, 'Kigali, Kicukiro', 3, NULL, NULL, NULL),
(1056, 5, 'Pfizer', '1019294598', 'clinicplus50@gmail.com', 3717283643, 'Kigali, Kicukiro', 3, NULL, NULL, NULL),
(1057, 5, 'Lowes Companies', '1400393722', 'clinicplus51@gmail.com', 2047424800, 'Kigali, Kicukiro', 3, NULL, NULL, NULL),
(1058, 5, 'Intel Corporation', '2663853596', 'clinicplus52@gmail.com', 7635217961, 'Kigali, Kicukiro', 3, NULL, NULL, NULL),
(1059, 5, 'Energy Transfer Equity, L.P.', '1976172336', 'clinicplus53@gmail.com', 3986305194, 'Kigali, Kicukiro', 3, NULL, NULL, NULL),
(1060, 5, 'Cisco Systems, Inc.', '8230335482', 'clinicplus54@gmail.com', 3569843981, 'Kigali, Kicukiro', 3, NULL, NULL, NULL),
(1061, 5, 'Enterprise Products Partners L.P.', '3529780122', 'clinicplus55@gmail.com', 5783577595, 'Kigali, Kicukiro', 3, NULL, NULL, NULL),
(1062, 5, 'Aetna Inc.', '2519437088', 'clinicplus56@gmail.com', 5301704019, 'Kigali, Kicukiro', 3, NULL, NULL, NULL),
(1063, 5, 'The Coca-Cola Company', '3800139264', 'clinicplus57@gmail.com', 4950154287, 'Kigali, Kicukiro', 3, NULL, NULL, NULL),
(1064, 5, 'Lockheed Martin Corporation', '7221733659', 'clinicplus58@gmail.com', 4816392194, 'Kigali, Kicukiro', 3, NULL, NULL, NULL),
(1065, 5, 'Best Buy Co., Inc.', '7378900792', 'clinicplus59@gmail.com', 5400419220, 'Kigali, Kicukiro', 3, NULL, NULL, NULL),
(1066, 5, 'The Walt Disney Company', '7905276314', 'clinicplus60@gmail.com', 3599379381, 'Kigali, Kicukiro', 3, NULL, NULL, NULL),
(1067, 5, 'CHS Inc.', '4105012621', 'clinicplus61@gmail.com', 3200586679, 'Kigali, Kicukiro', 3, NULL, NULL, NULL),
(1068, 5, 'Sysco Corporation', '3325520512', 'clinicplus62@gmail.com', 5291267372, 'Kigali, Kicukiro', 3, NULL, NULL, NULL),
(1069, 5, 'FedEx Corporation', '7597956038', 'clinicplus63@gmail.com', 2936579187, 'Kigali, Kicukiro', 3, NULL, NULL, NULL),
(1070, 5, 'Merck & Co., Inc.', '9429944440', 'clinicplus64@gmail.com', 7792724706, 'Kigali, Kicukiro', 3, NULL, NULL, NULL),
(1071, 5, 'INTL FCStone Inc.', '2857797522', 'clinicplus65@gmail.com', 8205813399, 'Kigali, Kicukiro', 3, NULL, NULL, NULL),
(1072, 5, 'Safeway Inc.', '2195969523', 'clinicplus66@gmail.com', 9092180132, 'Kigali, Kicukiro', 3, NULL, NULL, NULL),
(1073, 5, 'Johnson Controls, Inc.', '3518658080', 'clinicplus67@gmail.com', 5155420190, 'Kigali, Kicukiro', 3, NULL, NULL, NULL),
(1074, 5, 'Ingram Micro Inc.', '6172596394', 'clinicplus68@gmail.com', 4017032124, 'Kigali, Kicukiro', 3, NULL, NULL, NULL),
(1075, 5, 'Plains GP Holdings, L.P.', '5259271891', 'clinicplus69@gmail.com', 4154538339, 'Kigali, Kicukiro', 3, NULL, NULL, NULL),
(1076, 5, 'World Fuel Services Corporation', '1969528172', 'clinicplus70@gmail.com', 8092822583, 'Kigali, Kicukiro', 3, NULL, NULL, NULL),
(1077, 5, 'Prudential Financial, Inc.', '3880342212', 'clinicplus71@gmail.com', 6325556407, 'Kigali, Kicukiro', 3, NULL, NULL, NULL),
(1078, 5, 'Humana Inc.', '4899207506', 'clinicplus72@gmail.com', 1634037605, 'Kigali, Kicukiro', 3, NULL, NULL, NULL),
(1079, 5, 'The Goldman Sachs Group, Inc.', '3386030223', 'clinicplus73@gmail.com', 2436695870, 'Kigali, Kicukiro', 3, NULL, NULL, NULL),
(1080, 5, 'Tesoro Corporation', '5267507963', 'clinicplus74@gmail.com', 2542230517, 'Kigali, Kicukiro', 3, NULL, NULL, NULL),
(1081, 5, 'Liberty Mutual Holding Company Inc.', '5251977563', 'clinicplus75@gmail.com', 8972438148, 'Kigali, Kicukiro', 3, NULL, NULL, NULL),
(1082, 5, 'Honeywell International Inc.', '1250868617', 'clinicplus76@gmail.com', 3791237028, 'Kigali, Kicukiro', 3, NULL, NULL, NULL),
(1083, 5, 'United Continental Holdings, Inc.', '8233637528', 'clinicplus77@gmail.com', 2594782002, 'Kigali, Kicukiro', 3, NULL, NULL, NULL),
(1084, 5, 'HCA Holdings, Inc.', '1164755111', 'clinicplus78@gmail.com', 1834976599, 'Kigali, Kicukiro', 3, NULL, NULL, NULL),
(1085, 5, 'Deere & Company', '3692797457', 'clinicplus79@gmail.com', 3600969148, 'Kigali, Kicukiro', 3, NULL, NULL, NULL),
(1086, 5, 'Delta Air Lines, Inc.', '4658012807', 'clinicplus80@gmail.com', 8489451018, 'Kigali, Kicukiro', 3, NULL, NULL, NULL),
(1087, 5, 'Oracle Corporation', '9876039775', 'clinicplus81@gmail.com', 2687537359, 'Kigali, Kicukiro', 3, NULL, NULL, NULL),
(1088, 5, 'Morgan Stanley', '3035869856', 'clinicplus82@gmail.com', 5058474117, 'Kigali, Kicukiro', 3, NULL, NULL, NULL),
(1089, 5, 'Hess Corporation', '6020265209', 'clinicplus83@gmail.com', 1611115428, 'Kigali, Kicukiro', 3, NULL, NULL, NULL),
(1090, 5, 'Twenty-First Century Fox, Inc.', '8627100281', 'clinicplus84@gmail.com', 2222140909, 'Kigali, Kicukiro', 3, NULL, NULL, NULL),
(1091, 5, 'E.I. du Pont de Nemours and Company', '3925041409', 'clinicplus85@gmail.com', 6303962900, 'Kigali, Kicukiro', 3, NULL, NULL, NULL),
(1092, 5, 'Sears Holdings Corporation', '7825454811', 'clinicplus86@gmail.com', 7505867743, 'Kigali, Kicukiro', 3, NULL, NULL, NULL),
(1093, 5, 'New York Life Insurance Company', '1727514946', 'clinicplus87@gmail.com', 9158648297, 'Kigali, Kicukiro', 3, NULL, NULL, NULL),
(1094, 5, 'Mondelez International, Inc.', '8923022073', 'clinicplus88@gmail.com', 5906006867, 'Kigali, Kicukiro', 3, NULL, NULL, NULL),
(1095, 5, 'American Express Company', '4729113962', 'clinicplus89@gmail.com', 2877947453, 'Kigali, Kicukiro', 3, NULL, NULL, NULL),
(1096, 5, 'Nationwide Mutual Insurance Co.', '7902597941', 'clinicplus90@gmail.com', 8584111683, 'Kigali, Kicukiro', 3, NULL, NULL, NULL),
(1097, 5, 'The Allstate Corporation', '5617899308', 'clinicplus91@gmail.com', 3903081465, 'Kigali, Kicukiro', 3, NULL, NULL, NULL),
(1098, 5, 'Tyson Foods, Inc.', '7538246081', 'clinicplus92@gmail.com', 3549566071, 'Kigali, Kicukiro', 3, NULL, NULL, NULL),
(1099, 5, 'Supervalu Inc.', '4209312310', 'clinicplus93@gmail.com', 7200756987, 'Kigali, Kicukiro', 3, NULL, NULL, NULL),
(1100, 5, 'TIAA-CREF', '8436974513', 'clinicplus94@gmail.com', 1514535567, 'Kigali, Kicukiro', 3, NULL, NULL, NULL),
(1101, 5, 'Massachusetts Mutual Life Insurance Company', '6696821987', 'clinicplus95@gmail.com', 9565638193, 'Kigali, Kicukiro', 3, NULL, NULL, NULL),
(1102, 5, 'CIGNA Corporation', '4309480025', 'clinicplus96@gmail.com', 7187797162, 'Kigali, Kicukiro', 3, NULL, NULL, NULL),
(1103, 5, 'DIRECTV', '3881376400', 'clinicplus97@gmail.com', 2378727652, 'Kigali, Kicukiro', 3, NULL, NULL, NULL),
(1104, 5, 'General Dynamics Corporation', '7311249981', 'clinicplus98@gmail.com', 2896518257, 'Kigali, Kicukiro', 3, NULL, NULL, NULL),
(1105, 5, 'Philip Morris International Inc.', '8006970022', 'clinicplus99@gmail.com', 2687034227, 'Kigali, Kicukiro', 3, NULL, NULL, NULL),
(1106, 5, '3M Company', '2676368927', 'clinicplus100@gmail.com', 7639966716, 'Kigali, Kicukiro', 3, NULL, NULL, NULL),
(1107, 5, 'Time Warner Inc.', '4326663040', 'clinicplus101@gmail.com', 2314473971, 'Kigali, Kicukiro', 3, NULL, NULL, NULL),
(1108, 5, 'Halliburton Company', '7504619555', 'clinicplus102@gmail.com', 6632660333, 'Kigali, Kicukiro', 3, NULL, NULL, NULL),
(1109, 5, 'Publix Super Markets, Inc.', '5794102835', 'clinicplus103@gmail.com', 3523451798, 'Kigali, Kicukiro', 3, NULL, NULL, NULL),
(1110, 5, 'International Paper Company', '2760866031', 'clinicplus104@gmail.com', 8382231982, 'Kigali, Kicukiro', 3, NULL, NULL, NULL),
(1111, 5, 'McDonalds Corporation', '5452295426', 'clinicplus105@gmail.com', 6987397133, 'Kigali, Kicukiro', 3, NULL, NULL, NULL),
(1112, 5, 'Macys, Inc.', '3590426567', 'clinicplus106@gmail.com', 4213683336, 'Kigali, Kicukiro', 3, NULL, NULL, NULL),
(1113, 5, 'The TJX Companies, Inc.', '6717622134', 'clinicplus107@gmail.com', 3723511952, 'Kigali, Kicukiro', 3, NULL, NULL, NULL),
(1114, 5, 'Fluor Corporation', '2039132650', 'clinicplus108@gmail.com', 7706655520, 'Kigali, Kicukiro', 3, NULL, NULL, NULL),
(1115, 5, 'Northwestern Mutual Life Insurance Company,Inc.', '9705477607', 'clinicplus109@gmail.com', 1951946162, 'Kigali, Kicukiro', 3, NULL, NULL, NULL),
(1116, 5, 'Tech Data Corporation', '3429047235', 'clinicplus110@gmail.com', 1303271923, 'Kigali, Kicukiro', 3, NULL, NULL, NULL),
(1117, 5, 'American Airlines Group Inc.', '7393961363', 'clinicplus111@gmail.com', 2170429479, 'Kigali, Kicukiro', 3, NULL, NULL, NULL),
(1118, 5, 'The Hartford Financial Services Group, Inc.', '2472493091', 'clinicplus112@gmail.com', 3056643211, 'Kigali, Kicukiro', 3, NULL, NULL, NULL),
(1119, 5, 'The Travelers Companies, Inc.', '5370490318', 'clinicplus113@gmail.com', 3673729175, 'Kigali, Kicukiro', 3, NULL, NULL, NULL),
(1120, 5, 'Nike, Inc.', '8955248240', 'clinicplus114@gmail.com', 6779375461, 'Kigali, Kicukiro', 3, NULL, NULL, NULL),
(1121, 5, 'Occidental Petroleum Corporation', '2205534142', 'clinicplus115@gmail.com', 1838275748, 'Kigali, Kicukiro', 3, NULL, NULL, NULL),
(1122, 5, 'Avnet, Inc.', '3878369012', 'clinicplus116@gmail.com', 3388181668, 'Kigali, Kicukiro', 3, NULL, NULL, NULL),
(1123, 5, 'Rite Aid Corporation', '2096428772', 'clinicplus117@gmail.com', 9410177633, 'Kigali, Kicukiro', 3, NULL, NULL, NULL),
(1124, 5, 'Exelon Corporation', '9660413395', 'clinicplus118@gmail.com', 7325309479, 'Kigali, Kicukiro', 3, NULL, NULL, NULL),
(1125, 5, 'Qualcomm Incorporated', '1100515418', 'clinicplus119@gmail.com', 9419208462, 'Kigali, Kicukiro', 3, NULL, NULL, NULL),
(1126, 5, 'Emerson Electric Co.', '1620668911', 'clinicplus120@gmail.com', 4844781856, 'Kigali, Kicukiro', 3, NULL, NULL, NULL),
(1127, 5, 'Northrop Grumman Corporation', '7928454359', 'clinicplus121@gmail.com', 9438727805, 'Kigali, Kicukiro', 3, NULL, NULL, NULL),
(1128, 5, 'Duke Energy Corporation', '7694611930', 'clinicplus122@gmail.com', 2069980386, 'Kigali, Kicukiro', 3, NULL, NULL, NULL),
(1129, 5, 'Capital One Financial Corporation', '4097030895', 'clinicplus123@gmail.com', 6440893244, 'Kigali, Kicukiro', 3, NULL, NULL, NULL),
(1130, 5, 'Aflac Incorporated', '5981642229', 'clinicplus124@gmail.com', 5336340397, 'Kigali, Kicukiro', 3, NULL, NULL, NULL),
(1131, 5, 'Raytheon Company', '6430124388', 'clinicplus125@gmail.com', 3673374260, 'Kigali, Kicukiro', 3, NULL, NULL, NULL),
(1132, 5, 'Staples, Inc.', '2904086136', 'clinicplus126@gmail.com', 3677230908, 'Kigali, Kicukiro', 3, NULL, NULL, NULL),
(1133, 5, 'EMC Corporation', '6383352350', 'clinicplus127@gmail.com', 4504367445, 'Kigali, Kicukiro', 3, NULL, NULL, NULL),
(1134, 5, 'Eli Lilly and Company', '2553352003', 'clinicplus128@gmail.com', 4267244132, 'Kigali, Kicukiro', 3, NULL, NULL, NULL),
(1135, 5, 'Alcoa Inc.', '1655971365', 'clinicplus129@gmail.com', 2207756887, 'Kigali, Kicukiro', 3, NULL, NULL, NULL),
(1136, 5, 'National Oilwell Varco, Inc.', '3257690688', 'clinicplus130@gmail.com', 7403543547, 'Kigali, Kicukiro', 3, NULL, NULL, NULL),
(1137, 5, 'Baker Hughes Incorporated', '3696059925', 'clinicplus131@gmail.com', 2646575834, 'Kigali, Kicukiro', 3, NULL, NULL, NULL),
(1138, 5, 'US Foods, Inc.', '7231629141', 'clinicplus132@gmail.com', 2183947476, 'Kigali, Kicukiro', 3, NULL, NULL, NULL),
(1139, 5, 'Time Warner Cable Inc.', '6110740083', 'clinicplus133@gmail.com', 6628566227, 'Kigali, Kicukiro', 3, NULL, NULL, NULL),
(1140, 5, 'Union Pacific Corporation', '4190569676', 'clinicplus134@gmail.com', 4629686762, 'Kigali, Kicukiro', 3, NULL, NULL, NULL),
(1141, 5, 'Abbott Laboratories', '8997393924', 'clinicplus135@gmail.com', 8217310218, 'Kigali, Kicukiro', 3, NULL, NULL, NULL),
(1142, 5, 'Xerox Corporation', '8669668247', 'clinicplus136@gmail.com', 7703535713, 'Kigali, Kicukiro', 3, NULL, NULL, NULL),
(1143, 5, 'Arrow Electronics, Inc', '7724143813', 'clinicplus137@gmail.com', 3845511087, 'Kigali, Kicukiro', 3, NULL, NULL, NULL),
(1144, 5, 'Kimberly-Clark Corporation', '6356301004', 'clinicplus138@gmail.com', 7692165541, 'Kigali, Kicukiro', 3, NULL, NULL, NULL),
(1145, 5, 'U.S. Bancorp', '9898628587', 'clinicplus139@gmail.com', 4356581060, 'Kigali, Kicukiro', 3, NULL, NULL, NULL),
(1146, 5, 'United Services Automobile Association', '3420020918', 'clinicplus140@gmail.com', 2637212889, 'Kigali, Kicukiro', 3, NULL, NULL, NULL),
(1147, 5, 'Freeport-McMoRan Copper & Gold Inc.', '2325407446', 'clinicplus141@gmail.com', 8914542885, 'Kigali, Kicukiro', 3, NULL, NULL, NULL),
(1148, 5, 'Icahn Enterprises L.P.', '7571684271', 'clinicplus142@gmail.com', 4409670797, 'Kigali, Kicukiro', 3, NULL, NULL, NULL),
(1149, 5, 'ManpowerGroup Inc.', '1167953378', 'clinicplus143@gmail.com', 7494564985, 'Kigali, Kicukiro', 3, NULL, NULL, NULL),
(1150, 5, 'HollyFrontier Corporation', '2999732001', 'clinicplus144@gmail.com', 3095496361, 'Kigali, Kicukiro', 3, NULL, NULL, NULL),
(1151, 5, 'Global Partners LP', '1647188259', 'clinicplus145@gmail.com', 2661819770, 'Kigali, Kicukiro', 3, NULL, NULL, NULL),
(1152, 5, 'The Goodyear Tire & Rubber Company', '7942707064', 'clinicplus146@gmail.com', 9388423503, 'Kigali, Kicukiro', 3, NULL, NULL, NULL),
(1153, 5, 'PBF Energy Inc.', '2177617309', 'clinicplus147@gmail.com', 3766751652, 'Kigali, Kicukiro', 3, NULL, NULL, NULL),
(1154, 5, 'Danaher Corporation', '1912552862', 'clinicplus148@gmail.com', 8553592887, 'Kigali, Kicukiro', 3, NULL, NULL, NULL),
(1155, 5, 'Nucor Corporation', '5635487854', 'clinicplus149@gmail.com', 9649125443, 'Kigali, Kicukiro', 3, NULL, NULL, NULL),
(1156, 5, 'Kohls Corporation', '5048888257', 'clinicplus150@gmail.com', 7854886528, 'Kigali, Kicukiro', 3, NULL, NULL, NULL),
(1157, 5, 'AbbVie Inc.', '3907033603', 'clinicplus151@gmail.com', 5042069326, 'Kigali, Kicukiro', 3, NULL, NULL, NULL),
(1158, 5, 'Whirlpool Corporation', '2708890377', 'clinicplus152@gmail.com', 5462066386, 'Kigali, Kicukiro', 3, NULL, NULL, NULL),
(1159, 5, 'Amgen Inc.', '2366016043', 'clinicplus153@gmail.com', 6706065080, 'Kigali, Kicukiro', 3, NULL, NULL, NULL),
(1160, 5, 'Jabil Circuit, Inc.', '1679741319', 'clinicplus154@gmail.com', 7371839942, 'Kigali, Kicukiro', 3, NULL, NULL, NULL),
(1161, 5, 'Kraft Foods Group, Inc.', '7247563376', 'clinicplus155@gmail.com', 3358691965, 'Kigali, Kicukiro', 3, NULL, NULL, NULL),
(1162, 5, 'The Progressive Corporation', '6222634081', 'clinicplus156@gmail.com', 3607085985, 'Kigali, Kicukiro', 3, NULL, NULL, NULL),
(1163, 5, 'CenturyLink, Inc.', '7059639208', 'clinicplus157@gmail.com', 8879491423, 'Kigali, Kicukiro', 3, NULL, NULL, NULL),
(1164, 5, 'General Mills, Inc.', '2805482868', 'clinicplus158@gmail.com', 4182372632, 'Kigali, Kicukiro', 3, NULL, NULL, NULL),
(1165, 5, 'Southwest Airlines Co.', '7571028197', 'clinicplus159@gmail.com', 9167164628, 'Kigali, Kicukiro', 3, NULL, NULL, NULL),
(1166, 5, 'Altria Group, Inc.', '6982596711', 'clinicplus160@gmail.com', 3816056264, 'Kigali, Kicukiro', 3, NULL, NULL, NULL),
(1167, 5, 'AutoNation, Inc.', '3877410129', 'clinicplus161@gmail.com', 1693455903, 'Kigali, Kicukiro', 3, NULL, NULL, NULL),
(1168, 5, 'Chesapeake Energy Corporation', '5483839249', 'clinicplus162@gmail.com', 8155067427, 'Kigali, Kicukiro', 3, NULL, NULL, NULL),
(1169, 5, 'Dollar General Corporation', '3498540353', 'clinicplus163@gmail.com', 1548033912, 'Kigali, Kicukiro', 3, NULL, NULL, NULL),
(1170, 5, 'TRW Automotive Holdings Corp.', '7109476467', 'clinicplus164@gmail.com', 9893906951, 'Kigali, Kicukiro', 3, NULL, NULL, NULL),
(1171, 5, 'United States Steel Corporation', '4631101777', 'clinicplus165@gmail.com', 9808953452, 'Kigali, Kicukiro', 3, NULL, NULL, NULL),
(1172, 5, 'Colgate-Palmolive Company', '8749379278', 'clinicplus166@gmail.com', 8136488265, 'Kigali, Kicukiro', 3, NULL, NULL, NULL),
(1173, 5, 'Cummins Inc.', '8828656937', 'clinicplus167@gmail.com', 4740371748, 'Kigali, Kicukiro', 3, NULL, NULL, NULL),
(1174, 5, 'PACCAR Inc', '9788444486', 'clinicplus168@gmail.com', 9408322354, 'Kigali, Kicukiro', 3, NULL, NULL, NULL),
(1175, 5, 'The Southern Company', '1361903672', 'clinicplus169@gmail.com', 7516214017, 'Kigali, Kicukiro', 3, NULL, NULL, NULL),
(1176, 5, 'Illinois Tool Works Inc.', '1094091386', 'clinicplus170@gmail.com', 6849218201, 'Kigali, Kicukiro', 3, NULL, NULL, NULL),
(1177, 5, 'The PNC Financial Services Group, Inc.', '3031678391', 'clinicplus171@gmail.com', 3344618173, 'Kigali, Kicukiro', 3, NULL, NULL, NULL),
(1178, 5, 'Medtronic, Inc.', '6516276842', 'clinicplus172@gmail.com', 5729374670, 'Kigali, Kicukiro', 3, NULL, NULL, NULL),
(1179, 5, 'The AES Corporation', '1152709711', 'clinicplus173@gmail.com', 5380631440, 'Kigali, Kicukiro', 3, NULL, NULL, NULL),
(1180, 5, 'Murphy USA Inc.', '4841432902', 'clinicplus174@gmail.com', 3545310944, 'Kigali, Kicukiro', 3, NULL, NULL, NULL),
(1181, 5, 'Bristol-Myers Squibb Company', '7695373029', 'clinicplus175@gmail.com', 6597191706, 'Kigali, Kicukiro', 3, NULL, NULL, NULL),
(1182, 5, 'Lear Corporation', '8286450686', 'clinicplus176@gmail.com', 1811640145, 'Kigali, Kicukiro', 3, NULL, NULL, NULL),
(1183, 5, 'The Gap, Inc.', '5218591758', 'clinicplus177@gmail.com', 9068428146, 'Kigali, Kicukiro', 3, NULL, NULL, NULL),
(1184, 5, 'Apache Corporation', '2698313380', 'clinicplus178@gmail.com', 9363784806, 'Kigali, Kicukiro', 3, NULL, NULL, NULL),
(1185, 5, 'eBay Inc.', '3079985871', 'clinicplus179@gmail.com', 6294945333, 'Kigali, Kicukiro', 3, NULL, NULL, NULL),
(1186, 5, 'The Bank of New York Mellon Corporation', '1035771324', 'clinicplus180@gmail.com', 6206685286, 'Kigali, Kicukiro', 3, NULL, NULL, NULL),
(1187, 5, 'CBS Corporation', '7849130118', 'clinicplus181@gmail.com', 9676403272, 'Kigali, Kicukiro', 3, NULL, NULL, NULL),
(1188, 5, 'PG&E Corporation', '5373693899', 'clinicplus182@gmail.com', 4174153131, 'Kigali, Kicukiro', 3, NULL, NULL, NULL),
(1189, 5, 'ConAgra Foods, Inc.', '4644964466', 'clinicplus183@gmail.com', 4950338729, 'Kigali, Kicukiro', 3, NULL, NULL, NULL),
(1190, 5, 'Computer Sciences Corporation', '8790847533', 'clinicplus184@gmail.com', 6585903494, 'Kigali, Kicukiro', 3, NULL, NULL, NULL),
(1191, 5, 'American Electric Power Company, Inc.', '9342675221', 'clinicplus185@gmail.com', 9351394725, 'Kigali, Kicukiro', 3, NULL, NULL, NULL),
(1192, 5, 'Western Digital Corporation', '4838268714', 'clinicplus186@gmail.com', 4337610584, 'Kigali, Kicukiro', 3, NULL, NULL, NULL),
(1193, 5, 'Marathon Oil Corporation', '2878656018', 'clinicplus187@gmail.com', 2390019232, 'Kigali, Kicukiro', 3, NULL, NULL, NULL),
(1194, 5, 'Baxter International Inc.', '6701959951', 'clinicplus188@gmail.com', 9175736236, 'Kigali, Kicukiro', 3, NULL, NULL, NULL),
(1195, 5, 'PPG Industries, Inc.', '2054055398', 'clinicplus189@gmail.com', 9823236148, 'Kigali, Kicukiro', 3, NULL, NULL, NULL),
(1196, 5, 'NextEra Energy, Inc.', '8257491839', 'clinicplus190@gmail.com', 7374077613, 'Kigali, Kicukiro', 3, NULL, NULL, NULL),
(1197, 5, 'Community Health Systems, Inc.', '3616480570', 'clinicplus191@gmail.com', 7030774644, 'Kigali, Kicukiro', 3, NULL, NULL, NULL),
(1198, 5, 'Loews Corporation', '1360411226', 'clinicplus192@gmail.com', 6456462425, 'Kigali, Kicukiro', 3, NULL, NULL, NULL),
(1199, 5, 'Penske Automotive Group, Inc.', '5027480963', 'clinicplus193@gmail.com', 2319148178, 'Kigali, Kicukiro', 3, NULL, NULL, NULL),
(1200, 5, 'FirstEnergy Corp.', '8561737599', 'clinicplus194@gmail.com', 5249963576, 'Kigali, Kicukiro', 3, NULL, NULL, NULL),
(1201, 5, 'Starbucks Corporation', '1122589208', 'clinicplus195@gmail.com', 7591381433, 'Kigali, Kicukiro', 3, NULL, NULL, NULL),
(1202, 5, 'Monsanto Company', '2318751164', 'clinicplus196@gmail.com', 3508801400, 'Kigali, Kicukiro', 3, NULL, NULL, NULL),
(1203, 5, 'Kellogg Company', '2101467038', 'clinicplus197@gmail.com', 6485682160, 'Kigali, Kicukiro', 3, NULL, NULL, NULL),
(1204, 5, 'Land OLakes, Inc.', '5909949334', 'clinicplus198@gmail.com', 1111948245, 'Kigali, Kicukiro', 3, NULL, NULL, NULL),
(1205, 5, 'ONEOK, Inc.', '4765443907', 'clinicplus199@gmail.com', 5875270537, 'Kigali, Kicukiro', 3, NULL, NULL, NULL),
(1206, 5, 'Omnicom Group Inc.', '8397081723', 'clinicplus200@gmail.com', 7051024773, 'Kigali, Kicukiro', 3, NULL, NULL, NULL),
(1207, 5, 'Anadarko Petroleum Corporation', '7068051841', 'clinicplus201@gmail.com', 3687034015, 'Kigali, Kicukiro', 3, NULL, NULL, NULL),
(1208, 5, 'EOG Resources, Inc.', '5103645626', 'clinicplus202@gmail.com', 6114506695, 'Kigali, Kicukiro', 3, NULL, NULL, NULL),
(1209, 5, 'DISH Network Corporation', '6718197284', 'clinicplus203@gmail.com', 3496351057, 'Kigali, Kicukiro', 3, NULL, NULL, NULL),
(1210, 5, 'Genuine Parts Company', '2282103216', 'clinicplus204@gmail.com', 6966599391, 'Kigali, Kicukiro', 3, NULL, NULL, NULL),
(1211, 5, 'Kinder Morgan, Inc.', '6850785971', 'clinicplus205@gmail.com', 1036278629, 'Kigali, Kicukiro', 3, NULL, NULL, NULL),
(1212, 5, 'Waste Management, Inc.', '1784322010', 'clinicplus206@gmail.com', 9198112912, 'Kigali, Kicukiro', 3, NULL, NULL, NULL),
(1213, 5, 'The Chubb Corporation', '2429747003', 'clinicplus207@gmail.com', 2294408154, 'Kigali, Kicukiro', 3, NULL, NULL, NULL),
(1214, 5, 'Aramark Holdings Corporation', '1509519784', 'clinicplus208@gmail.com', 8757672460, 'Kigali, Kicukiro', 3, NULL, NULL, NULL),
(1215, 5, 'Viacom Inc.', '4849842825', 'clinicplus209@gmail.com', 7895327298, 'Kigali, Kicukiro', 3, NULL, NULL, NULL),
(1216, 5, 'Las Vegas Sands Corp.', '9306084572', 'clinicplus210@gmail.com', 4250202120, 'Kigali, Kicukiro', 3, NULL, NULL, NULL),
(1217, 5, 'Dominion Resources, Inc.', '9359025654', 'clinicplus211@gmail.com', 5802240281, 'Kigali, Kicukiro', 3, NULL, NULL, NULL),
(1218, 5, 'Ecolab Inc.', '3641776978', 'clinicplus212@gmail.com', 7960989331, 'Kigali, Kicukiro', 3, NULL, NULL, NULL),
(1219, 5, 'Smithfield Foods, Inc.', '7267481874', 'clinicplus213@gmail.com', 7751958481, 'Kigali, Kicukiro', 3, NULL, NULL, NULL),
(1220, 5, 'Thermo Fisher Scientific Inc.', '9551257194', 'clinicplus214@gmail.com', 4518123021, 'Kigali, Kicukiro', 3, NULL, NULL, NULL),
(1221, 5, 'Yum! Brands, Inc.', '4542619278', 'clinicplus215@gmail.com', 2415521072, 'Kigali, Kicukiro', 3, NULL, NULL, NULL),
(1222, 5, 'Parker-Hannifin Corporation', '2299701903', 'clinicplus216@gmail.com', 1493113323, 'Kigali, Kicukiro', 3, NULL, NULL, NULL),
(1223, 5, 'Whole Foods Market, Inc.', '1152359353', 'clinicplus217@gmail.com', 1595128722, 'Kigali, Kicukiro', 3, NULL, NULL, NULL),
(1224, 5, 'Marriott International, Inc.', '1969177440', 'clinicplus218@gmail.com', 2305311796, 'Kigali, Kicukiro', 3, NULL, NULL, NULL),
(1225, 5, 'C. H. Robinson Worldwide, Inc.', '2216800763', 'clinicplus219@gmail.com', 5470098145, 'Kigali, Kicukiro', 3, NULL, NULL, NULL),
(1226, 5, 'L-3 Communications Holdings, Inc.', '6876544499', 'clinicplus220@gmail.com', 7885681701, 'Kigali, Kicukiro', 3, NULL, NULL, NULL),
(1227, 5, 'Edison International', '5620388674', 'clinicplus221@gmail.com', 3202152167, 'Kigali, Kicukiro', 3, NULL, NULL, NULL),
(1228, 5, 'Toys R Us, Inc.', '6044526902', 'clinicplus222@gmail.com', 9945651160, 'Kigali, Kicukiro', 3, NULL, NULL, NULL),
(1229, 5, 'Nordstrom, Inc.', '6420330995', 'clinicplus223@gmail.com', 9698538016, 'Kigali, Kicukiro', 3, NULL, NULL, NULL),
(1230, 5, 'Consolidated Edison, Inc.', '7639484807', 'clinicplus224@gmail.com', 6807463232, 'Kigali, Kicukiro', 3, NULL, NULL, NULL),
(1231, 5, 'Marsh & McLennan Companies, Inc.', '5860822163', 'clinicplus225@gmail.com', 6254137393, 'Kigali, Kicukiro', 3, NULL, NULL, NULL),
(1232, 5, 'Texas Instruments Incorporated', '2134053217', 'clinicplus226@gmail.com', 2210006895, 'Kigali, Kicukiro', 3, NULL, NULL, NULL),
(1233, 5, 'Textron Inc.', '6835797242', 'clinicplus227@gmail.com', 6730471587, 'Kigali, Kicukiro', 3, NULL, NULL, NULL),
(1234, 5, 'Tenet Healthcare Corporation', '5315459771', 'clinicplus228@gmail.com', 1318516856, 'Kigali, Kicukiro', 3, NULL, NULL, NULL),
(1235, 5, 'DaVita HealthCare Partners Inc.', '2280520053', 'clinicplus229@gmail.com', 2667747515, 'Kigali, Kicukiro', 3, NULL, NULL, NULL),
(1236, 5, 'CSX Corporation', '9510592412', 'clinicplus230@gmail.com', 3398369457, 'Kigali, Kicukiro', 3, NULL, NULL, NULL),
(1237, 5, 'Lincoln National Corporation', '5309901075', 'clinicplus231@gmail.com', 3268826251, 'Kigali, Kicukiro', 3, NULL, NULL, NULL),
(1238, 5, 'Praxair, Inc.', '5561522678', 'clinicplus232@gmail.com', 1313544750, 'Kigali, Kicukiro', 3, NULL, NULL, NULL),
(1239, 5, 'PPL Corporation', '4186505885', 'clinicplus233@gmail.com', 6930143449, 'Kigali, Kicukiro', 3, NULL, NULL, NULL),
(1240, 5, 'J.C. Penney Company, Inc.', '2808860559', 'clinicplus234@gmail.com', 1547868427, 'Kigali, Kicukiro', 3, NULL, NULL, NULL),
(1241, 5, 'Peter Kiewit Sons, Inc.', '5438310198', 'clinicplus235@gmail.com', 2532545057, 'Kigali, Kicukiro', 3, NULL, NULL, NULL),
(1242, 5, 'Jacobs Engineering Group Inc.', '6379884160', 'clinicplus236@gmail.com', 1509536196, 'Kigali, Kicukiro', 3, NULL, NULL, NULL),
(1243, 5, 'Visa Inc.', '7417095001', 'clinicplus237@gmail.com', 4790055958, 'Kigali, Kicukiro', 3, NULL, NULL, NULL),
(1244, 5, 'H.J. Heinz Company', '3518128110', 'clinicplus238@gmail.com', 5304918497, 'Kigali, Kicukiro', 3, NULL, NULL, NULL),
(1245, 5, 'CarMax, Inc.', '5597083636', 'clinicplus239@gmail.com', 1932434456, 'Kigali, Kicukiro', 3, NULL, NULL, NULL),
(1246, 5, 'V.F. Corporation', '6147677831', 'clinicplus240@gmail.com', 5925610823, 'Kigali, Kicukiro', 3, NULL, NULL, NULL),
(1247, 5, 'Entergy Corporation', '4259893972', 'clinicplus241@gmail.com', 7080290437, 'Kigali, Kicukiro', 3, NULL, NULL, NULL),
(1248, 5, 'Automatic Data Processing, Inc.', '2618753832', 'clinicplus242@gmail.com', 2371782678, 'Kigali, Kicukiro', 3, NULL, NULL, NULL),
(1249, 5, 'NRG Energy, Inc.', '9798296692', 'clinicplus243@gmail.com', 2788781277, 'Kigali, Kicukiro', 3, NULL, NULL, NULL),
(1250, 5, 'Guardian Life Ins. Co. of America', '4815022419', 'clinicplus244@gmail.com', 3314334331, 'Kigali, Kicukiro', 3, NULL, NULL, NULL),
(1251, 5, 'Liberty Interactive Corporation', '9770242295', 'clinicplus245@gmail.com', 4651445467, 'Kigali, Kicukiro', 3, NULL, NULL, NULL),
(1252, 5, 'Norfolk Southern Corporation', '6087023529', 'clinicplus246@gmail.com', 8326549250, 'Kigali, Kicukiro', 3, NULL, NULL, NULL),
(1253, 5, 'Office Depot, Inc.', '3255562400', 'clinicplus247@gmail.com', 1141186478, 'Kigali, Kicukiro', 3, NULL, NULL, NULL),
(1254, 5, 'Ameriprise Financial, Inc.', '1744036042', 'clinicplus248@gmail.com', 6182675815, 'Kigali, Kicukiro', 3, NULL, NULL, NULL),
(1255, 5, 'Gilead Sciences, Inc.', '7011291970', 'clinicplus249@gmail.com', 3565649239, 'Kigali, Kicukiro', 3, NULL, NULL, NULL),
(1256, 5, 'Centene Corporation', '8403072534', 'clinicplus250@gmail.com', 7855577634, 'Kigali, Kicukiro', 3, NULL, NULL, NULL),
(1257, 5, 'Leucadia National Corporation', '1632722379', 'clinicplus251@gmail.com', 1506160777, 'Kigali, Kicukiro', 3, NULL, NULL, NULL),
(1258, 5, 'Huntsman Corporation', '7437260766', 'clinicplus252@gmail.com', 4689995953, 'Kigali, Kicukiro', 3, NULL, NULL, NULL),
(1259, 5, 'Health Net, Inc.', '6740080326', 'clinicplus253@gmail.com', 7019871939, 'Kigali, Kicukiro', 3, NULL, NULL, NULL),
(1260, 5, 'Stanley Black & Decker, Inc.', '3184532146', 'clinicplus254@gmail.com', 5200595251, 'Kigali, Kicukiro', 3, NULL, NULL, NULL),
(1261, 5, 'URS Corporation', '1561326931', 'clinicplus255@gmail.com', 4262837742, 'Kigali, Kicukiro', 3, NULL, NULL, NULL),
(1262, 5, 'Xcel Energy Inc.', '6789545775', 'clinicplus256@gmail.com', 4504670690, 'Kigali, Kicukiro', 3, NULL, NULL, NULL),
(1263, 5, 'Bed Bath & Beyond Inc.', '9570064222', 'clinicplus257@gmail.com', 2555913599, 'Kigali, Kicukiro', 3, NULL, NULL, NULL),
(1264, 5, 'Navistar International Corporation', '1745446799', 'clinicplus258@gmail.com', 3859869038, 'Kigali, Kicukiro', 3, NULL, NULL, NULL),
(1265, 5, 'Synnex Corporation', '5091238718', 'clinicplus259@gmail.com', 5658159485, 'Kigali, Kicukiro', 3, NULL, NULL, NULL),
(1266, 5, 'First Data Corporation', '2324620761', 'clinicplus260@gmail.com', 7070438188, 'Kigali, Kicukiro', 3, NULL, NULL, NULL),
(1267, 5, 'AGCO Corporation', '5183156305', 'clinicplus261@gmail.com', 9143656762, 'Kigali, Kicukiro', 3, NULL, NULL, NULL),
(1268, 5, 'L Brands, Inc.', '1026965858', 'clinicplus262@gmail.com', 2876113800, 'Kigali, Kicukiro', 3, NULL, NULL, NULL),
(1269, 5, 'Hertz Global Holdings, Inc.', '5216560861', 'clinicplus263@gmail.com', 6344530282, 'Kigali, Kicukiro', 3, NULL, NULL, NULL),
(1270, 5, 'CDW Corporation', '6211291550', 'clinicplus264@gmail.com', 9143379308, 'Kigali, Kicukiro', 3, NULL, NULL, NULL),
(1271, 5, 'CST Brands, Inc.', '5457103540', 'clinicplus265@gmail.com', 2999274965, 'Kigali, Kicukiro', 3, NULL, NULL, NULL),
(1272, 5, 'Sempra Energy', '1495564091', 'clinicplus266@gmail.com', 1325567469, 'Kigali, Kicukiro', 3, NULL, NULL, NULL),
(1273, 5, 'R.R. Donnelley & Sons Company', '7144133639', 'clinicplus267@gmail.com', 9710290082, 'Kigali, Kicukiro', 3, NULL, NULL, NULL),
(1274, 5, 'BB&T Corporation', '1972987828', 'clinicplus268@gmail.com', 7109504982, 'Kigali, Kicukiro', 3, NULL, NULL, NULL),
(1275, 5, 'Devon Energy Corporation', '3570773327', 'clinicplus269@gmail.com', 1233833771, 'Kigali, Kicukiro', 3, NULL, NULL, NULL),
(1276, 5, 'Family Dollar Stores, Inc.', '8932571586', 'clinicplus270@gmail.com', 3041195876, 'Kigali, Kicukiro', 3, NULL, NULL, NULL),
(1277, 5, 'Unum Group', '3778790296', 'clinicplus271@gmail.com', 2375095729, 'Kigali, Kicukiro', 3, NULL, NULL, NULL),
(1278, 5, 'Ally Financial Inc.', '5187881751', 'clinicplus272@gmail.com', 6238772519, 'Kigali, Kicukiro', 3, NULL, NULL, NULL),
(1279, 5, 'Reinsurance Group of America, Incorporated', '5637477692', 'clinicplus273@gmail.com', 5194494207, 'Kigali, Kicukiro', 3, NULL, NULL, NULL),
(1280, 5, 'State Street Corporation', '8992171289', 'clinicplus274@gmail.com', 9124479665, 'Kigali, Kicukiro', 3, NULL, NULL, NULL),
(1281, 5, 'Air Products & Chemicals, Inc.', '6908458361', 'clinicplus275@gmail.com', 1502197119, 'Kigali, Kicukiro', 3, NULL, NULL, NULL),
(1282, 5, 'Ross Stores, Inc.', '1391836731', 'clinicplus276@gmail.com', 4544268323, 'Kigali, Kicukiro', 3, NULL, NULL, NULL),
(1283, 5, 'The Sherwin-Williams Company', '3481296894', 'clinicplus277@gmail.com', 1116050899, 'Kigali, Kicukiro', 3, NULL, NULL, NULL),
(1284, 5, 'The Este Lauder Companies Inc.', '7541549709', 'clinicplus278@gmail.com', 6030947104, 'Kigali, Kicukiro', 3, NULL, NULL, NULL),
(1285, 5, 'BlackRock, Inc.', '3214115795', 'clinicplus279@gmail.com', 8585867085, 'Kigali, Kicukiro', 3, NULL, NULL, NULL),
(1286, 5, 'Western Refining, Inc.', '4437901904', 'clinicplus280@gmail.com', 7155764195, 'Kigali, Kicukiro', 3, NULL, NULL, NULL),
(1287, 5, 'Avon Products, Inc.', '7817633803', 'clinicplus281@gmail.com', 3974022734, 'Kigali, Kicukiro', 3, NULL, NULL, NULL),
(1288, 5, 'The Mosaic Company', '2809949137', 'clinicplus282@gmail.com', 7278895432, 'Kigali, Kicukiro', 3, NULL, NULL, NULL),
(1289, 5, 'Public Service Enterprise Group Incorporated', '7911106712', 'clinicplus283@gmail.com', 3754971836, 'Kigali, Kicukiro', 3, NULL, NULL, NULL),
(1290, 5, 'Dean Foods Company', '2936474839', 'clinicplus284@gmail.com', 4267366631, 'Kigali, Kicukiro', 3, NULL, NULL, NULL),
(1291, 5, 'Cameron International Corporation', '6074441684', 'clinicplus285@gmail.com', 1213546773, 'Kigali, Kicukiro', 3, NULL, NULL, NULL),
(1292, 5, 'MGM Resorts International', '9153425510', 'clinicplus286@gmail.com', 7386782402, 'Kigali, Kicukiro', 3, NULL, NULL, NULL),
(1293, 5, 'KKR & Co. L.P.', '5622182438', 'clinicplus287@gmail.com', 1454505882, 'Kigali, Kicukiro', 3, NULL, NULL, NULL),
(1294, 5, 'Hilton Worldwide Holdings Inc.', '1955114880', 'clinicplus288@gmail.com', 2091176335, 'Kigali, Kicukiro', 3, NULL, NULL, NULL),
(1295, 5, 'DTE Energy Company', '3990014498', 'clinicplus289@gmail.com', 3077713214, 'Kigali, Kicukiro', 3, NULL, NULL, NULL),
(1296, 5, 'Genworth Financial, Inc.', '1284362062', 'clinicplus290@gmail.com', 1662086728, 'Kigali, Kicukiro', 3, NULL, NULL, NULL),
(1297, 5, 'Henry Schein, Inc.', '4059521125', 'clinicplus291@gmail.com', 5047264511, 'Kigali, Kicukiro', 3, NULL, NULL, NULL),
(1298, 5, 'Rock-Tenn Company', '1469245513', 'clinicplus292@gmail.com', 8910395837, 'Kigali, Kicukiro', 3, NULL, NULL, NULL),
(1299, 5, 'WellCare Health Plans, Inc.', '9164617785', 'clinicplus293@gmail.com', 6103190161, 'Kigali, Kicukiro', 3, NULL, NULL, NULL),
(1300, 5, 'W.W. Grainger, Inc.', '5639743684', 'clinicplus294@gmail.com', 5099575018, 'Kigali, Kicukiro', 3, NULL, NULL, NULL),
(1301, 5, 'Discover Financial Services', '8066409002', 'clinicplus295@gmail.com', 1000052300, 'Kigali, Kicukiro', 3, NULL, NULL, NULL),
(1302, 5, 'Eastman Chemical Company', '3373357906', 'clinicplus296@gmail.com', 3901890844, 'Kigali, Kicukiro', 3, NULL, NULL, NULL),
(1303, 5, 'Principal Financial Group, Inc.', '7462885295', 'clinicplus297@gmail.com', 2069738052, 'Kigali, Kicukiro', 3, NULL, NULL, NULL),
(1304, 5, 'Reliance Steel & Aluminum Co.', '9017683023', 'clinicplus298@gmail.com', 4080843557, 'Kigali, Kicukiro', 3, NULL, NULL, NULL),
(1305, 5, 'AutoZone, Inc.', '7998492768', 'clinicplus299@gmail.com', 3938504841, 'Kigali, Kicukiro', 3, NULL, NULL, NULL),
(1306, 5, 'Dover Corporation', '1173410036', 'clinicplus300@gmail.com', 5803144000, 'Kigali, Kicukiro', 3, NULL, NULL, NULL),
(1307, 5, 'Micron Technology, Inc.', '1426176710', 'clinicplus301@gmail.com', 8671173642, 'Kigali, Kicukiro', 3, NULL, NULL, NULL),
(1308, 5, 'Owens & Minor, Inc.', '2773630434', 'clinicplus302@gmail.com', 8286180916, 'Kigali, Kicukiro', 3, NULL, NULL, NULL),
(1309, 5, 'Assurant, Inc.', '4908995780', 'clinicplus303@gmail.com', 8083573937, 'Kigali, Kicukiro', 3, NULL, NULL, NULL),
(1310, 5, 'GameStop Corp.', '6040577259', 'clinicplus304@gmail.com', 8372611563, 'Kigali, Kicukiro', 3, NULL, NULL, NULL),
(1311, 5, 'Stryker Corporation', '2388385182', 'clinicplus305@gmail.com', 5352450924, 'Kigali, Kicukiro', 3, NULL, NULL, NULL),
(1312, 5, 'Group 1 Automotive, Inc.', '4411242185', 'clinicplus306@gmail.com', 1194303907, 'Kigali, Kicukiro', 3, NULL, NULL, NULL),
(1313, 5, 'Cognizant Technology Solutions Corporation', '5638037781', 'clinicplus307@gmail.com', 9035832941, 'Kigali, Kicukiro', 3, NULL, NULL, NULL),
(1314, 5, 'Sonic Automotive, Inc.', '4575225706', 'clinicplus308@gmail.com', 5223127503, 'Kigali, Kicukiro', 3, NULL, NULL, NULL),
(1315, 5, 'Autoliv, Inc.', '5502671352', 'clinicplus309@gmail.com', 6648763709, 'Kigali, Kicukiro', 3, NULL, NULL, NULL),
(1316, 5, 'Hormel Foods Corporation', '1830235675', 'clinicplus310@gmail.com', 3103575424, 'Kigali, Kicukiro', 3, NULL, NULL, NULL),
(1317, 5, 'Motorola Solutions, Inc.', '3030174779', 'clinicplus311@gmail.com', 6902922417, 'Kigali, Kicukiro', 3, NULL, NULL, NULL),
(1318, 5, 'Crown Holdings, Inc.', '4506761056', 'clinicplus312@gmail.com', 6063410925, 'Kigali, Kicukiro', 3, NULL, NULL, NULL),
(1319, 5, 'SunTrust Banks, Inc.', '4222832336', 'clinicplus313@gmail.com', 7149856411, 'Kigali, Kicukiro', 3, NULL, NULL, NULL),
(1320, 5, 'Campbell Soup Company', '2545341683', 'clinicplus314@gmail.com', 1449273583, 'Kigali, Kicukiro', 3, NULL, NULL, NULL),
(1321, 5, 'Fidelity National Financial, Inc.', '1256437785', 'clinicplus315@gmail.com', 4573221871, 'Kigali, Kicukiro', 3, NULL, NULL, NULL),
(1322, 5, 'HD Supply Holdings, Inc.', '5975164781', 'clinicplus316@gmail.com', 2149839649, 'Kigali, Kicukiro', 3, NULL, NULL, NULL),
(1323, 5, 'Caesars Entertainment Corporation', '9015314431', 'clinicplus317@gmail.com', 8988106889, 'Kigali, Kicukiro', 3, NULL, NULL, NULL),
(1324, 5, 'Darden Restaurants, Inc.', '3690629710', 'clinicplus318@gmail.com', 5122204728, 'Kigali, Kicukiro', 3, NULL, NULL, NULL),
(1325, 5, 'Weyerhaeuser Company', '9618362539', 'clinicplus319@gmail.com', 3684286366, 'Kigali, Kicukiro', 3, NULL, NULL, NULL),
(1326, 5, 'Ball Corporation', '9956278843', 'clinicplus320@gmail.com', 4378778787, 'Kigali, Kicukiro', 3, NULL, NULL, NULL),
(1327, 5, 'Precision Castparts Corp.', '9863232722', 'clinicplus321@gmail.com', 6702238696, 'Kigali, Kicukiro', 3, NULL, NULL, NULL),
(1328, 5, 'Masco Corporation', '3700708364', 'clinicplus322@gmail.com', 5019485391, 'Kigali, Kicukiro', 3, NULL, NULL, NULL),
(1329, 5, 'Universal Health Services, Inc.', '3091639857', 'clinicplus323@gmail.com', 3035395789, 'Kigali, Kicukiro', 3, NULL, NULL, NULL),
(1330, 5, 'Republic Services, Inc.', '8324569918', 'clinicplus324@gmail.com', 4343136735, 'Kigali, Kicukiro', 3, NULL, NULL, NULL),
(1331, 5, 'MasterCard Incorporated', '3459474146', 'clinicplus325@gmail.com', 8909969733, 'Kigali, Kicukiro', 3, NULL, NULL, NULL),
(1332, 5, 'Newmont Mining Corporation', '2539137480', 'clinicplus326@gmail.com', 5497993256, 'Kigali, Kicukiro', 3, NULL, NULL, NULL),
(1333, 5, 'Broadcom Corporation', '7639632403', 'clinicplus327@gmail.com', 3387485070, 'Kigali, Kicukiro', 3, NULL, NULL, NULL),
(1334, 5, 'Reynolds American Inc.', '2172631377', 'clinicplus328@gmail.com', 5376859356, 'Kigali, Kicukiro', 3, NULL, NULL, NULL),
(1335, 5, 'PVH Corp.', '5024747800', 'clinicplus329@gmail.com', 9696305524, 'Kigali, Kicukiro', 3, NULL, NULL, NULL),
(1336, 5, 'Charter Communications, Inc.', '2965848620', 'clinicplus330@gmail.com', 6993417374, 'Kigali, Kicukiro', 3, NULL, NULL, NULL),
(1337, 5, 'AECOM Technology Corporation', '1476147818', 'clinicplus331@gmail.com', 1872613005, 'Kigali, Kicukiro', 3, NULL, NULL, NULL),
(1338, 5, 'CenterPoint Energy, Inc.', '8134455818', 'clinicplus332@gmail.com', 1164680318, 'Kigali, Kicukiro', 3, NULL, NULL, NULL),
(1339, 5, 'Pacific Life', '1456807882', 'clinicplus333@gmail.com', 4320249805, 'Kigali, Kicukiro', 3, NULL, NULL, NULL),
(1340, 5, 'Thrivent Financial for Lutherans', '8033704998', 'clinicplus334@gmail.com', 8897423092, 'Kigali, Kicukiro', 3, NULL, NULL, NULL),
(1341, 5, 'Becton, Dickinson and Company', '6624873880', 'clinicplus335@gmail.com', 5489680053, 'Kigali, Kicukiro', 3, NULL, NULL, NULL),
(1342, 5, 'Franklin Resources, Inc.', '8782068172', 'clinicplus336@gmail.com', 1226686471, 'Kigali, Kicukiro', 3, NULL, NULL, NULL),
(1343, 5, 'Tenneco Inc.', '6773498390', 'clinicplus337@gmail.com', 9234608249, 'Kigali, Kicukiro', 3, NULL, NULL, NULL),
(1344, 5, 'TravelCenters of America LLC', '6527739001', 'clinicplus338@gmail.com', 3527987692, 'Kigali, Kicukiro', 3, NULL, NULL, NULL),
(1345, 5, 'Avis Budget Group, Inc.', '4836958262', 'clinicplus339@gmail.com', 3773823541, 'Kigali, Kicukiro', 3, NULL, NULL, NULL),
(1346, 5, 'Facebook, Inc.', '1069352044', 'clinicplus340@gmail.com', 8006731848, 'Kigali, Kicukiro', 3, NULL, NULL, NULL),
(1347, 5, 'Dollar Tree, Inc.', '7778496565', 'clinicplus341@gmail.com', 9679679642, 'Kigali, Kicukiro', 3, NULL, NULL, NULL),
(1348, 5, 'Corning Incorporated', '3783479639', 'clinicplus342@gmail.com', 9892588164, 'Kigali, Kicukiro', 3, NULL, NULL, NULL),
(1349, 5, 'Ashland Inc.', '2690195191', 'clinicplus343@gmail.com', 7350149425, 'Kigali, Kicukiro', 3, NULL, NULL, NULL),
(1350, 5, 'Sealed Air Corporation', '1392983560', 'clinicplus344@gmail.com', 8173668263, 'Kigali, Kicukiro', 3, NULL, NULL, NULL),
(1351, 5, 'Core-Mark Holding Company, Inc.', '3126476386', 'clinicplus345@gmail.com', 3202167658, 'Kigali, Kicukiro', 3, NULL, NULL, NULL),
(1352, 5, 'Oshkosh Corporation', '2532284188', 'clinicplus346@gmail.com', 7490341134, 'Kigali, Kicukiro', 3, NULL, NULL, NULL),
(1353, 5, 'Coca-Cola Enterprises, Inc.', '3051910143', 'clinicplus347@gmail.com', 7360839368, 'Kigali, Kicukiro', 3, NULL, NULL, NULL),
(1354, 5, 'WESCO International, Inc.', '5008351855', 'clinicplus348@gmail.com', 5764513401, 'Kigali, Kicukiro', 3, NULL, NULL, NULL),
(1355, 5, 'Applied Materials, Inc.', '8114943082', 'clinicplus349@gmail.com', 9465691822, 'Kigali, Kicukiro', 3, NULL, NULL, NULL),
(1356, 5, 'Visteon Corporation', '2266719460', 'clinicplus350@gmail.com', 4185700030, 'Kigali, Kicukiro', 3, NULL, NULL, NULL),
(1357, 5, 'BorgWarner Inc.', '3355560648', 'clinicplus351@gmail.com', 9083332408, 'Kigali, Kicukiro', 3, NULL, NULL, NULL),
(1358, 5, 'Spectrum Group International, Inc.', '1782750771', 'clinicplus352@gmail.com', 2848743722, 'Kigali, Kicukiro', 3, NULL, NULL, NULL),
(1359, 5, 'Oaktree Capital Group, LLC', '3481892932', 'clinicplus353@gmail.com', 9092351417, 'Kigali, Kicukiro', 3, NULL, NULL, NULL),
(1360, 5, 'Steel Dynamics, Inc.', '3388089733', 'clinicplus354@gmail.com', 1903698118, 'Kigali, Kicukiro', 3, NULL, NULL, NULL),
(1361, 5, 'Jarden Corporation', '6825840187', 'clinicplus355@gmail.com', 4128329438, 'Kigali, Kicukiro', 3, NULL, NULL, NULL),
(1362, 5, 'Mohawk Industries, Inc.', '9468409228', 'clinicplus356@gmail.com', 9005033060, 'Kigali, Kicukiro', 3, NULL, NULL, NULL),
(1363, 5, 'Terex Corporation', '4588792038', 'clinicplus357@gmail.com', 6038713605, 'Kigali, Kicukiro', 3, NULL, NULL, NULL),
(1364, 5, 'Northeast Utilities', '8840953100', 'clinicplus358@gmail.com', 1973221682, 'Kigali, Kicukiro', 3, NULL, NULL, NULL),
(1365, 5, 'KBR, Inc.', '3336383022', 'clinicplus359@gmail.com', 9230380130, 'Kigali, Kicukiro', 3, NULL, NULL, NULL),
(1366, 5, 'Fifth Third Bancorp', '4427800226', 'clinicplus360@gmail.com', 6284268331, 'Kigali, Kicukiro', 3, NULL, NULL, NULL),
(1367, 5, 'UGI Corporation', '5379260865', 'clinicplus361@gmail.com', 8733889780, 'Kigali, Kicukiro', 3, NULL, NULL, NULL),
(1368, 5, 'CBRE Group, Inc.', '3675990536', 'clinicplus362@gmail.com', 4362093538, 'Kigali, Kicukiro', 3, NULL, NULL, NULL),
(1369, 5, 'Quest Diagnostics Incorporated', '9993792263', 'clinicplus363@gmail.com', 8310839470, 'Kigali, Kicukiro', 3, NULL, NULL, NULL),
(1370, 5, 'Peabody Energy Corporation', '9232240195', 'clinicplus364@gmail.com', 5851095329, 'Kigali, Kicukiro', 3, NULL, NULL, NULL),
(1371, 5, 'The Hershey Company', '4768313282', 'clinicplus365@gmail.com', 2121927782, 'Kigali, Kicukiro', 3, NULL, NULL, NULL),
(1372, 5, 'Boston Scientific Corporation', '9699303603', 'clinicplus366@gmail.com', 3001025099, 'Kigali, Kicukiro', 3, NULL, NULL, NULL),
(1373, 5, 'FMC Technologies, Inc.', '4163156840', 'clinicplus367@gmail.com', 7445715623, 'Kigali, Kicukiro', 3, NULL, NULL, NULL),
(1374, 5, 'The Interpublic Group of Companies, Inc.', '7638533969', 'clinicplus368@gmail.com', 6641273555, 'Kigali, Kicukiro', 3, NULL, NULL, NULL),
(1375, 5, 'Commercial Metals Company', '7997169855', 'clinicplus369@gmail.com', 9623069658, 'Kigali, Kicukiro', 3, NULL, NULL, NULL),
(1376, 5, 'The Pantry, Inc.', '9284611528', 'clinicplus370@gmail.com', 5192406715, 'Kigali, Kicukiro', 3, NULL, NULL, NULL),
(1377, 5, 'Owens-Illinois, Inc.', '8772770721', 'clinicplus371@gmail.com', 4514656385, 'Kigali, Kicukiro', 3, NULL, NULL, NULL),
(1378, 5, 'American Family Ins. Group', '5948977008', 'clinicplus372@gmail.com', 8929618069, 'Kigali, Kicukiro', 3, NULL, NULL, NULL),
(1379, 5, 'Ralph Lauren Corporation', '3708029793', 'clinicplus373@gmail.com', 7147899309, 'Kigali, Kicukiro', 3, NULL, NULL, NULL),
(1380, 5, 'Biogen Idec Inc.', '5369018711', 'clinicplus374@gmail.com', 8162804442, 'Kigali, Kicukiro', 3, NULL, NULL, NULL),
(1381, 5, 'PetSmart, Inc.', '1554440422', 'clinicplus375@gmail.com', 6549859519, 'Kigali, Kicukiro', 3, NULL, NULL, NULL),
(1382, 5, 'Mylan Inc.', '8667311593', 'clinicplus376@gmail.com', 7682903403, 'Kigali, Kicukiro', 3, NULL, NULL, NULL),
(1383, 5, 'Symantec Corporation', '4597408772', 'clinicplus377@gmail.com', 8649410565, 'Kigali, Kicukiro', 3, NULL, NULL, NULL),
(1384, 5, 'Ameren Corporation', '3528986844', 'clinicplus378@gmail.com', 9001254799, 'Kigali, Kicukiro', 3, NULL, NULL, NULL),
(1385, 5, 'The Williams Companies, Inc.', '3287404773', 'clinicplus379@gmail.com', 8689668282, 'Kigali, Kicukiro', 3, NULL, NULL, NULL),
(1386, 5, 'Barnes & Noble, Inc.', '9235613603', 'clinicplus380@gmail.com', 5897363887, 'Kigali, Kicukiro', 3, NULL, NULL, NULL),
(1387, 5, 'Huntington Ingalls Industries, Inc.', '3756445769', 'clinicplus381@gmail.com', 2988402565, 'Kigali, Kicukiro', 3, NULL, NULL, NULL),
(1388, 5, 'The Priceline Group Inc.', '3638484827', 'clinicplus382@gmail.com', 6562385039, 'Kigali, Kicukiro', 3, NULL, NULL, NULL),
(1389, 5, 'Agilent Technologies, Inc.', '7533218938', 'clinicplus383@gmail.com', 4592582129, 'Kigali, Kicukiro', 3, NULL, NULL, NULL),
(1390, 5, 'Dana Holding Corporation', '4897633922', 'clinicplus384@gmail.com', 9787349106, 'Kigali, Kicukiro', 3, NULL, NULL, NULL),
(1391, 5, 'Dillards, Inc.', '5063633701', 'clinicplus385@gmail.com', 3516591404, 'Kigali, Kicukiro', 3, NULL, NULL, NULL),
(1392, 5, 'Seaboard Corporation', '5004863913', 'clinicplus386@gmail.com', 5361429757, 'Kigali, Kicukiro', 3, NULL, NULL, NULL),
(1393, 5, 'Vanguard Health Systems, Inc.', '4105165824', 'clinicplus387@gmail.com', 7704651379, 'Kigali, Kicukiro', 3, NULL, NULL, NULL),
(1394, 5, 'Caseys General Stores, Inc.', '3828085575', 'clinicplus388@gmail.com', 5968413813, 'Kigali, Kicukiro', 3, NULL, NULL, NULL),
(1395, 5, 'OReilly Automotive, Inc.', '6473051219', 'clinicplus389@gmail.com', 5591600457, 'Kigali, Kicukiro', 3, NULL, NULL, NULL),
(1396, 5, 'The Blackstone Group L.P.', '5694672385', 'clinicplus390@gmail.com', 9373567937, 'Kigali, Kicukiro', 3, NULL, NULL, NULL),
(1397, 5, 'Mutual of Omaha Insurance Company', '5270600849', 'clinicplus391@gmail.com', 9566856070, 'Kigali, Kicukiro', 3, NULL, NULL, NULL),
(1398, 5, 'Molina Healthcare, Inc.', '6338853743', 'clinicplus392@gmail.com', 7828367488, 'Kigali, Kicukiro', 3, NULL, NULL, NULL),
(1399, 5, 'CMS Energy Corporation', '5495990334', 'clinicplus393@gmail.com', 6195587936, 'Kigali, Kicukiro', 3, NULL, NULL, NULL),
(1400, 5, 'Targa Resources Corp.', '2336404080', 'clinicplus394@gmail.com', 6834030052, 'Kigali, Kicukiro', 3, NULL, NULL, NULL),
(1401, 5, 'Quanta Services, Inc.', '2854601312', 'clinicplus395@gmail.com', 3987395385, 'Kigali, Kicukiro', 3, NULL, NULL, NULL),
(1402, 5, 'Cablevision Systems Corporation', '3892854859', 'clinicplus396@gmail.com', 7549915646, 'Kigali, Kicukiro', 3, NULL, NULL, NULL),
(1403, 5, 'Avery Dennison Corporation', '1441802153', 'clinicplus397@gmail.com', 8587693918, 'Kigali, Kicukiro', 3, NULL, NULL, NULL),
(1404, 5, 'Celanese Corporation', '2666340259', 'clinicplus398@gmail.com', 2509781737, 'Kigali, Kicukiro', 3, NULL, NULL, NULL),
(1405, 5, 'Foot Locker, Inc.', '4489314522', 'clinicplus399@gmail.com', 8946892829, 'Kigali, Kicukiro', 3, NULL, NULL, NULL),
(1406, 5, 'Celgene Corporation', '6278400008', 'clinicplus400@gmail.com', 1560827994, 'Kigali, Kicukiro', 3, NULL, NULL, NULL),
(1407, 5, 'Advance Auto Parts, Inc.', '7458125105', 'clinicplus401@gmail.com', 8123095346, 'Kigali, Kicukiro', 3, NULL, NULL, NULL),
(1408, 5, 'Mattel, Inc.', '2736685832', 'clinicplus402@gmail.com', 6807043344, 'Kigali, Kicukiro', 3, NULL, NULL, NULL),
(1409, 5, 'Live Nation Entertainment, Inc.', '5305314770', 'clinicplus403@gmail.com', 7026242581, 'Kigali, Kicukiro', 3, NULL, NULL, NULL),
(1410, 5, 'General Cable Corporation', '6055464245', 'clinicplus404@gmail.com', 3598651499, 'Kigali, Kicukiro', 3, NULL, NULL, NULL),
(1411, 5, 'Ryder System, Inc.', '3231149756', 'clinicplus405@gmail.com', 3031790760, 'Kigali, Kicukiro', 3, NULL, NULL, NULL),
(1412, 5, 'EMCOR Group, Inc.', '2205818627', 'clinicplus406@gmail.com', 7769295582, 'Kigali, Kicukiro', 3, NULL, NULL, NULL),
(1413, 5, 'Allergan, Inc.', '8018160973', 'clinicplus407@gmail.com', 4648565783, 'Kigali, Kicukiro', 3, NULL, NULL, NULL),
(1414, 5, 'W.R. Berkley Corporation', '4515888477', 'clinicplus408@gmail.com', 6801749977, 'Kigali, Kicukiro', 3, NULL, NULL, NULL),
(1415, 5, 'Rockwell Automation, Inc.', '6677319856', 'clinicplus409@gmail.com', 6270987126, 'Kigali, Kicukiro', 3, NULL, NULL, NULL),
(1416, 5, 'NetApp, Inc.', '1303550714', 'clinicplus410@gmail.com', 2201664479, 'Kigali, Kicukiro', 3, NULL, NULL, NULL),
(1417, 5, 'Ingredion Incorporated', '7940499944', 'clinicplus411@gmail.com', 5554252959, 'Kigali, Kicukiro', 3, NULL, NULL, NULL),
(1418, 5, 'Level 3 Communications, Inc.', '4727337647', 'clinicplus412@gmail.com', 4574897534, 'Kigali, Kicukiro', 3, NULL, NULL, NULL),
(1419, 5, 'Calpine Corporation', '3153555279', 'clinicplus413@gmail.com', 7897584028, 'Kigali, Kicukiro', 3, NULL, NULL, NULL),
(1420, 5, 'Omnicare, Inc.', '1161276322', 'clinicplus414@gmail.com', 4097968080, 'Kigali, Kicukiro', 3, NULL, NULL, NULL),
(1421, 5, 'Erie Insurance Group', '2173298785', 'clinicplus415@gmail.com', 6483066136, 'Kigali, Kicukiro', 3, NULL, NULL, NULL),
(1422, 5, 'SLM Corporation', '4360086676', 'clinicplus416@gmail.com', 3795556203, 'Kigali, Kicukiro', 3, NULL, NULL, NULL),
(1423, 5, 'D.R. Horton, Inc.', '4373065712', 'clinicplus417@gmail.com', 9673859337, 'Kigali, Kicukiro', 3, NULL, NULL, NULL),
(1424, 5, 'CC Media Holdings, Inc.', '1960468420', 'clinicplus418@gmail.com', 6062319463, 'Kigali, Kicukiro', 3, NULL, NULL, NULL),
(1425, 5, 'Anixter International Inc.', '8492497753', 'clinicplus419@gmail.com', 7480016891, 'Kigali, Kicukiro', 3, NULL, NULL, NULL),
(1426, 5, 'Dicks Sporting Goods, Inc.', '9169015136', 'clinicplus420@gmail.com', 4838973362, 'Kigali, Kicukiro', 3, NULL, NULL, NULL),
(1427, 5, 'SanDisk Corporation', '7722250717', 'clinicplus421@gmail.com', 1766940572, 'Kigali, Kicukiro', 3, NULL, NULL, NULL),
(1428, 5, 'NCR Corporation', '3862594822', 'clinicplus422@gmail.com', 9140620825, 'Kigali, Kicukiro', 3, NULL, NULL, NULL),
(1429, 5, 'Starwood Hotels & Resorts Worldwide, Inc.', '9473617059', 'clinicplus423@gmail.com', 5996970575, 'Kigali, Kicukiro', 3, NULL, NULL, NULL),
(1430, 5, 'Expeditors International of Washington, Inc.', '5586277873', 'clinicplus424@gmail.com', 6352011761, 'Kigali, Kicukiro', 3, NULL, NULL, NULL),
(1431, 5, 'Fidelity National Information Services, Inc.', '1252845955', 'clinicplus425@gmail.com', 7362185251, 'Kigali, Kicukiro', 3, NULL, NULL, NULL),
(1432, 5, 'United Natural Foods, Inc.', '8092258537', 'clinicplus426@gmail.com', 3049594375, 'Kigali, Kicukiro', 3, NULL, NULL, NULL),
(1433, 5, 'Auto-Owners Insurance Group', '5171609203', 'clinicplus427@gmail.com', 1571945711, 'Kigali, Kicukiro', 3, NULL, NULL, NULL),
(1434, 5, 'Windstream Holdings, Inc.', '3041038503', 'clinicplus428@gmail.com', 6694898934, 'Kigali, Kicukiro', 3, NULL, NULL, NULL),
(1435, 5, 'Dr Pepper Snapple Group, Inc.', '8554434003', 'clinicplus429@gmail.com', 6042944186, 'Kigali, Kicukiro', 3, NULL, NULL, NULL),
(1436, 5, 'Lennar Corporation', '6437509730', 'clinicplus430@gmail.com', 6174674016, 'Kigali, Kicukiro', 3, NULL, NULL, NULL),
(1437, 5, 'Sanmina', '2945748907', 'clinicplus431@gmail.com', 3807700750, 'Kigali, Kicukiro', 3, NULL, NULL, NULL),
(1438, 5, 'Harley-Davidson, Inc.', '7547549094', 'clinicplus432@gmail.com', 3103059110, 'Kigali, Kicukiro', 3, NULL, NULL, NULL),
(1439, 5, 'CONSOL Energy Inc.', '8451264055', 'clinicplus433@gmail.com', 2516428398, 'Kigali, Kicukiro', 3, NULL, NULL, NULL),
(1440, 5, 'The J.M. Smucker Company', '5302471524', 'clinicplus434@gmail.com', 2581887349, 'Kigali, Kicukiro', 3, NULL, NULL, NULL),
(1441, 5, 'Newell Rubbermaid Inc.', '7623254863', 'clinicplus435@gmail.com', 1066682327, 'Kigali, Kicukiro', 3, NULL, NULL, NULL),
(1442, 5, 'CH2M HILL Companies, Ltd.', '1135286529', 'clinicplus436@gmail.com', 9818851574, 'Kigali, Kicukiro', 3, NULL, NULL, NULL),
(1443, 5, 'Energy Future Holdings Corp.', '9447757617', 'clinicplus437@gmail.com', 8625403255, 'Kigali, Kicukiro', 3, NULL, NULL, NULL),
(1444, 5, 'Susser Holdings Corporation', '3076043102', 'clinicplus438@gmail.com', 7764376015, 'Kigali, Kicukiro', 3, NULL, NULL, NULL),
(1445, 5, 'Laboratory Corporation of America Holdings', '3441824557', 'clinicplus439@gmail.com', 1756009962, 'Kigali, Kicukiro', 3, NULL, NULL, NULL),
(1446, 5, 'Kindred Healthcare, Inc.', '7978044728', 'clinicplus440@gmail.com', 5278544692, 'Kigali, Kicukiro', 3, NULL, NULL, NULL),
(1447, 5, 'Leidos Holdings Inc.', '2090974460', 'clinicplus441@gmail.com', 2336627237, 'Kigali, Kicukiro', 3, NULL, NULL, NULL),
(1448, 5, 'Booz Allen Hamilton Holding Corp.', '8197084720', 'clinicplus442@gmail.com', 3404221342, 'Kigali, Kicukiro', 3, NULL, NULL, NULL),
(1449, 5, 'The Jones Financial Companies,L.L.L.P.', '4671467489', 'clinicplus443@gmail.com', 7722026214, 'Kigali, Kicukiro', 3, NULL, NULL, NULL),
(1450, 5, 'Cliffs Natural Resources Inc.', '6959316281', 'clinicplus444@gmail.com', 9504991339, 'Kigali, Kicukiro', 3, NULL, NULL, NULL),
(1451, 5, 'PulteGroup, Inc.', '9912704200', 'clinicplus445@gmail.com', 1436499429, 'Kigali, Kicukiro', 3, NULL, NULL, NULL),
(1452, 5, 'Regions Financial Corporation', '9274773068', 'clinicplus446@gmail.com', 6654980344, 'Kigali, Kicukiro', 3, NULL, NULL, NULL),
(1453, 5, 'NiSource Inc.', '9644088423', 'clinicplus447@gmail.com', 5136490237, 'Kigali, Kicukiro', 3, NULL, NULL, NULL),
(1454, 5, 'Graybar Electric Company, Inc.', '9393535087', 'clinicplus448@gmail.com', 7018588496, 'Kigali, Kicukiro', 3, NULL, NULL, NULL),
(1455, 5, 'Integrys Energy Group, Inc.', '8412474969', 'clinicplus449@gmail.com', 7444301955, 'Kigali, Kicukiro', 3, NULL, NULL, NULL),
(1456, 5, 'The Clorox Company', '2114188674', 'clinicplus450@gmail.com', 6991258853, 'Kigali, Kicukiro', 3, NULL, NULL, NULL),
(1457, 5, 'Wynn Resorts, Limited', '1679192344', 'clinicplus451@gmail.com', 9064641874, 'Kigali, Kicukiro', 3, NULL, NULL, NULL),
(1458, 5, 'The Andersons, Inc.', '9677975094', 'clinicplus452@gmail.com', 3456294982, 'Kigali, Kicukiro', 3, NULL, NULL, NULL),
(1459, 5, 'J.B. Hunt Transport Services, Inc.', '7469272165', 'clinicplus453@gmail.com', 9057718963, 'Kigali, Kicukiro', 3, NULL, NULL, NULL),
(1460, 5, 'AK Steel Holding Corporation', '1185108148', 'clinicplus454@gmail.com', 5875851255, 'Kigali, Kicukiro', 3, NULL, NULL, NULL),
(1461, 5, 'Harbinger Group Inc.', '3778471265', 'clinicplus455@gmail.com', 2152989552, 'Kigali, Kicukiro', 3, NULL, NULL, NULL),
(1462, 5, 'MeadWestvaco Corporation', '6766662152', 'clinicplus456@gmail.com', 5685130715, 'Kigali, Kicukiro', 3, NULL, NULL, NULL),
(1463, 5, 'The Western Union Company', '3581821327', 'clinicplus457@gmail.com', 9742769039, 'Kigali, Kicukiro', 3, NULL, NULL, NULL),
(1464, 5, 'The Charles Schwab Corporation', '1370558105', 'clinicplus458@gmail.com', 7445187993, 'Kigali, Kicukiro', 3, NULL, NULL, NULL),
(1465, 5, 'Discovery Communications, Inc.', '7966740536', 'clinicplus459@gmail.com', 1113046145, 'Kigali, Kicukiro', 3, NULL, NULL, NULL),
(1466, 5, 'Spectra Energy Corp', '4945120663', 'clinicplus460@gmail.com', 2976737915, 'Kigali, Kicukiro', 3, NULL, NULL, NULL),
(1467, 5, 'St. Jude Medical, Inc.', '9429597926', 'clinicplus461@gmail.com', 2775420799, 'Kigali, Kicukiro', 3, NULL, NULL, NULL),
(1468, 5, 'CF Industries Holdings, Inc.', '9324166431', 'clinicplus462@gmail.com', 6369528228, 'Kigali, Kicukiro', 3, NULL, NULL, NULL),
(1469, 5, 'Con-way Inc.', '3864933904', 'clinicplus463@gmail.com', 9733854801, 'Kigali, Kicukiro', 3, NULL, NULL, NULL),
(1470, 5, 'Old Republic International Corporation', '4092898984', 'clinicplus464@gmail.com', 4698194849, 'Kigali, Kicukiro', 3, NULL, NULL, NULL),
(1471, 5, 'JetBlue Airways Corporation', '7002785662', 'clinicplus465@gmail.com', 5288678665, 'Kigali, Kicukiro', 3, NULL, NULL, NULL),
(1472, 5, 'Calumet Specialty Products Partners, L.P.', '5763916547', 'clinicplus466@gmail.com', 2198305145, 'Kigali, Kicukiro', 3, NULL, NULL, NULL),
(1473, 5, 'Kelly Services, Inc.', '2273583076', 'clinicplus467@gmail.com', 9846987770, 'Kigali, Kicukiro', 3, NULL, NULL, NULL),
(1474, 5, 'Domtar Corporation', '6774141689', 'clinicplus468@gmail.com', 9730798497, 'Kigali, Kicukiro', 3, NULL, NULL, NULL),
(1475, 5, 'Murphy Oil Corporation', '7467597920', 'clinicplus469@gmail.com', 5425771794, 'Kigali, Kicukiro', 3, NULL, NULL, NULL),
(1476, 5, 'Harris Corporation', '8060814679', 'clinicplus470@gmail.com', 9162760452, 'Kigali, Kicukiro', 3, NULL, NULL, NULL),
(1477, 5, 'Asbury Automotive Group, Inc.', '5924196700', 'clinicplus471@gmail.com', 1625829765, 'Kigali, Kicukiro', 3, NULL, NULL, NULL),
(1478, 5, 'Big Lots, Inc.', '5014887285', 'clinicplus472@gmail.com', 1599558613, 'Kigali, Kicukiro', 3, NULL, NULL, NULL),
(1479, 5, 'Advanced Micro Devices, Inc.', '5464603869', 'clinicplus473@gmail.com', 2595258475, 'Kigali, Kicukiro', 3, NULL, NULL, NULL),
(1480, 5, 'Owens Corning', '9218816566', 'clinicplus474@gmail.com', 8499053698, 'Kigali, Kicukiro', 3, NULL, NULL, NULL),
(1481, 5, 'Realogy Holdings Corp.', '9636620301', 'clinicplus475@gmail.com', 3153642612, 'Kigali, Kicukiro', 3, NULL, NULL, NULL),
(1482, 5, 'Host Hotels & Resorts, Inc.', '7779500871', 'clinicplus476@gmail.com', 7175408796, 'Kigali, Kicukiro', 3, NULL, NULL, NULL),
(1483, 5, 'MRC Global Inc.', '8046051126', 'clinicplus477@gmail.com', 6013541449, 'Kigali, Kicukiro', 3, NULL, NULL, NULL),
(1484, 5, 'Simon Property Group, Inc.', '1776557646', 'clinicplus478@gmail.com', 2813882586, 'Kigali, Kicukiro', 3, NULL, NULL, NULL),
(1485, 5, 'Tractor Supply Company', '9427426638', 'clinicplus479@gmail.com', 7080620718, 'Kigali, Kicukiro', 3, NULL, NULL, NULL),
(1486, 5, 'Gannett Co., Inc.', '4703952038', 'clinicplus480@gmail.com', 7258159038, 'Kigali, Kicukiro', 3, NULL, NULL, NULL),
(1487, 5, 'Alaska Air Group, Inc.', '8898129421', 'clinicplus481@gmail.com', 3494969195, 'Kigali, Kicukiro', 3, NULL, NULL, NULL),
(1488, 5, 'Insight Enterprises, Inc.', '5756605113', 'clinicplus482@gmail.com', 5656874434, 'Kigali, Kicukiro', 3, NULL, NULL, NULL),
(1489, 5, 'McGraw Hill Financial, Inc.', '8866435716', 'clinicplus483@gmail.com', 2553169118, 'Kigali, Kicukiro', 3, NULL, NULL, NULL),
(1490, 5, 'Buckeye Partners, L.P.', '8182382162', 'clinicplus484@gmail.com', 5120507757, 'Kigali, Kicukiro', 3, NULL, NULL, NULL),
(1491, 5, 'Quintiles Transnational Holdings Inc.', '3468236834', 'clinicplus485@gmail.com', 5417185002, 'Kigali, Kicukiro', 3, NULL, NULL, NULL),
(1492, 5, 'American Financial Group, Inc.', '8210729204', 'clinicplus486@gmail.com', 4173064157, 'Kigali, Kicukiro', 3, NULL, NULL, NULL),
(1493, 5, 'United Stationers Inc.', '3801994862', 'clinicplus487@gmail.com', 4394870030, 'Kigali, Kicukiro', 3, NULL, NULL, NULL),
(1494, 5, 'Coach, Inc.', '5307135319', 'clinicplus488@gmail.com', 9858510225, 'Kigali, Kicukiro', 3, NULL, NULL, NULL),
(1495, 5, 'LKQ Corporation', '9706422104', 'clinicplus489@gmail.com', 1415268357, 'Kigali, Kicukiro', 3, NULL, NULL, NULL),
(1496, 5, 'Noble Energy, Inc.', '5583294514', 'clinicplus490@gmail.com', 6520906302, 'Kigali, Kicukiro', 3, NULL, NULL, NULL),
(1497, 5, 'Bemis Company, Inc.', '3199386658', 'clinicplus491@gmail.com', 1338154101, 'Kigali, Kicukiro', 3, NULL, NULL, NULL),
(1498, 5, 'Joy Global Inc.', '9584997200', 'clinicplus492@gmail.com', 4014989378, 'Kigali, Kicukiro', 3, NULL, NULL, NULL),
(1499, 5, 'Wyndham Worldwide Corporation', '3493299654', 'clinicplus493@gmail.com', 5309149562, 'Kigali, Kicukiro', 3, NULL, NULL, NULL),
(1500, 5, 'NII Holdings, Inc.', '6966176233', 'clinicplus494@gmail.com', 3756435115, 'Kigali, Kicukiro', 3, NULL, NULL, NULL),
(1501, 5, 'Lorillard, Inc.', '5225516337', 'clinicplus495@gmail.com', 5885572815, 'Kigali, Kicukiro', 3, NULL, NULL, NULL),
(1502, 5, 'Alleghany Corporation', '5556279167', 'clinicplus496@gmail.com', 2878498947, 'Kigali, Kicukiro', 3, NULL, NULL, NULL);

INSERT INTO `suppliers` (`id`, `company_id`, `name`, `phone`, `email`, `tin_number`, `address`, `created_by`, `created_at`, `updated_at`, `deleted_at`) VALUES
(1503, 5, 'Airgas, Inc.', '7580100169', 'clinicplus497@gmail.com', 9386827461, 'Kigali, Kicukiro', 3, NULL, NULL, NULL),
(1504, 5, 'First American Financial Corporation', '3495539533', 'clinicplus498@gmail.com', 5876087453, 'Kigali, Kicukiro', 3, NULL, NULL, NULL),
(1505, 5, 'United Rentals, Inc.', '2581173551', 'clinicplus499@gmail.com', 8955391265, 'Kigali, Kicukiro', 3, NULL, NULL, NULL),
(1506, 5, 'Wal-Mart Stores', '7946466931', 'clinicplus0@gmail.com', 5728015077, 'Kigali, Kicukiro', 3, NULL, NULL, NULL),
(1507, 5, 'Exxon Mobil', '7300576901', 'clinicplus1@gmail.com', 9784639417, 'Kigali, Kicukiro', 3, NULL, NULL, NULL),
(1508, 5, 'Chevron', '4252954765', 'clinicplus2@gmail.com', 2510399124, 'Kigali, Kicukiro', 3, NULL, NULL, NULL),
(1509, 5, 'Berkshire Hathaway', '4102023971', 'clinicplus3@gmail.com', 9034142374, 'Kigali, Kicukiro', 3, NULL, NULL, NULL),
(1510, 5, 'Apple', '4845889710', 'clinicplus4@gmail.com', 1952054962, 'Kigali, Kicukiro', 3, NULL, NULL, NULL),
(1511, 5, 'Phillips 66', '6368954979', 'clinicplus5@gmail.com', 8505837907, 'Kigali, Kicukiro', 3, NULL, NULL, NULL),
(1512, 5, 'General Motors', '9455805879', 'clinicplus6@gmail.com', 4810771378, 'Kigali, Kicukiro', 3, NULL, NULL, NULL),
(1513, 5, 'Ford Motor', '9228882913', 'clinicplus7@gmail.com', 5316265071, 'Kigali, Kicukiro', 3, NULL, NULL, NULL),
(1514, 5, 'General Electric', '1495134679', 'clinicplus8@gmail.com', 6690136718, 'Kigali, Kicukiro', 3, NULL, NULL, NULL),
(1515, 5, 'Valero Energy', '3564409122', 'clinicplus9@gmail.com', 6729362206, 'Kigali, Kicukiro', 3, NULL, NULL, NULL),
(1516, 5, 'AT&T', '3915528073', 'clinicplus10@gmail.com', 6216441451, 'Kigali, Kicukiro', 3, NULL, NULL, NULL),
(1517, 5, 'CVS Caremark', '3611736836', 'clinicplus11@gmail.com', 8892170083, 'Kigali, Kicukiro', 3, NULL, NULL, NULL),
(1518, 5, 'Fannie Mae', '3325841340', 'clinicplus12@gmail.com', 4648999945, 'Kigali, Kicukiro', 3, NULL, NULL, NULL),
(1519, 5, 'UnitedHealth Group', '3944566608', 'clinicplus13@gmail.com', 1081161744, 'Kigali, Kicukiro', 3, NULL, NULL, NULL),
(1520, 5, 'McKesson', '8810407541', 'clinicplus14@gmail.com', 3997687928, 'Kigali, Kicukiro', 3, NULL, NULL, NULL),
(1521, 5, 'Verizon Communications', '7993116554', 'clinicplus15@gmail.com', 6902119021, 'Kigali, Kicukiro', 3, NULL, NULL, NULL),
(1522, 5, 'Hewlett-Packard', '5486434177', 'clinicplus16@gmail.com', 4244256260, 'Kigali, Kicukiro', 3, NULL, NULL, NULL),
(1523, 5, 'J.P. Morgan Chase & Co.', '6662890350', 'clinicplus17@gmail.com', 6685604640, 'Kigali, Kicukiro', 3, NULL, NULL, NULL),
(1524, 5, 'Costco Wholesale', '8774791582', 'clinicplus18@gmail.com', 3613558778, 'Kigali, Kicukiro', 3, NULL, NULL, NULL),
(1525, 5, 'Express Scripts Holding', '3177682188', 'clinicplus19@gmail.com', 6176570953, 'Kigali, Kicukiro', 3, NULL, NULL, NULL),
(1526, 5, 'Bank of America', '8581555894', 'clinicplus20@gmail.com', 5594728374, 'Kigali, Kicukiro', 3, NULL, NULL, NULL),
(1527, 5, 'Cardinal Health', '9756451830', 'clinicplus21@gmail.com', 1182914124, 'Kigali, Kicukiro', 3, NULL, NULL, NULL),
(1528, 5, 'International Business Machines', '7822837248', 'clinicplus22@gmail.com', 4118073634, 'Kigali, Kicukiro', 3, NULL, NULL, NULL),
(1529, 5, 'Kroger', '9185564132', 'clinicplus23@gmail.com', 7051264821, 'Kigali, Kicukiro', 3, NULL, NULL, NULL),
(1530, 5, 'Marathon Petroleum', '9307773903', 'clinicplus24@gmail.com', 8511108922, 'Kigali, Kicukiro', 3, NULL, NULL, NULL),
(1531, 5, 'Citigroup', '7257083388', 'clinicplus25@gmail.com', 3828850638, 'Kigali, Kicukiro', 3, NULL, NULL, NULL),
(1532, 5, 'Archer Daniels Midland', '7778141219', 'clinicplus26@gmail.com', 9738826066, 'Kigali, Kicukiro', 3, NULL, NULL, NULL),
(1533, 5, 'AmerisourceBergen', '9740732634', 'clinicplus27@gmail.com', 8805865309, 'Kigali, Kicukiro', 3, NULL, NULL, NULL),
(1534, 5, 'Wells Fargo', '6088204057', 'clinicplus28@gmail.com', 2564733252, 'Kigali, Kicukiro', 3, NULL, NULL, NULL),
(1535, 5, 'Boeing', '7389168240', 'clinicplus29@gmail.com', 2865770678, 'Kigali, Kicukiro', 3, NULL, NULL, NULL),
(1536, 5, 'Procter & Gamble', '5418614512', 'clinicplus30@gmail.com', 6113078907, 'Kigali, Kicukiro', 3, NULL, NULL, NULL),
(1537, 5, 'Freddie Mac', '7254668485', 'clinicplus31@gmail.com', 2956305123, 'Kigali, Kicukiro', 3, NULL, NULL, NULL),
(1538, 5, 'Home Depot', '9713462909', 'clinicplus32@gmail.com', 7879118029, 'Kigali, Kicukiro', 3, NULL, NULL, NULL),
(1539, 5, 'Microsoft', '5242768748', 'clinicplus33@gmail.com', 6974888113, 'Kigali, Kicukiro', 3, NULL, NULL, NULL),
(1540, 5, 'Amazon.com', '8999644797', 'clinicplus34@gmail.com', 2660591225, 'Kigali, Kicukiro', 3, NULL, NULL, NULL),
(1541, 5, 'Target', '3906242041', 'clinicplus35@gmail.com', 7596809991, 'Kigali, Kicukiro', 3, NULL, NULL, NULL),
(1542, 5, 'Walgreen Co.', '5523256451', 'clinicplus36@gmail.com', 2424204025, 'Kigali, Kicukiro', 3, NULL, NULL, NULL),
(1543, 5, 'WellPoint', '2804805793', 'clinicplus37@gmail.com', 5044392207, 'Kigali, Kicukiro', 3, NULL, NULL, NULL),
(1544, 5, 'Johnson & Johnson', '2115271758', 'clinicplus38@gmail.com', 5736201257, 'Kigali, Kicukiro', 3, NULL, NULL, NULL),
(1545, 5, 'American International Group', '1530777951', 'clinicplus39@gmail.com', 5879493570, 'Kigali, Kicukiro', 3, NULL, NULL, NULL),
(1546, 5, 'State Farm Insurance Cos.', '3045027493', 'clinicplus40@gmail.com', 8029597107, 'Kigali, Kicukiro', 3, NULL, NULL, NULL),
(1547, 5, 'MetLife', '5983665656', 'clinicplus41@gmail.com', 8072869591, 'Kigali, Kicukiro', 3, NULL, NULL, NULL),
(1548, 5, 'PepsiCo', '2108763574', 'clinicplus42@gmail.com', 2206659223, 'Kigali, Kicukiro', 3, NULL, NULL, NULL),
(1549, 5, 'Comcast', '8607226461', 'clinicplus43@gmail.com', 6828776792, 'Kigali, Kicukiro', 3, NULL, NULL, NULL),
(1550, 5, 'United Technologies', '2007414320', 'clinicplus44@gmail.com', 2927599772, 'Kigali, Kicukiro', 3, NULL, NULL, NULL),
(1551, 5, 'Google', '9171200914', 'clinicplus45@gmail.com', 9564321776, 'Kigali, Kicukiro', 3, NULL, NULL, NULL),
(1552, 5, 'ConocoPhillips', '6691736389', 'clinicplus46@gmail.com', 6349432316, 'Kigali, Kicukiro', 3, NULL, NULL, NULL),
(1553, 5, 'Dow Chemical', '2235360402', 'clinicplus47@gmail.com', 1717598881, 'Kigali, Kicukiro', 3, NULL, NULL, NULL),
(1554, 5, 'Caterpillar', '8110143188', 'clinicplus48@gmail.com', 2956971984, 'Kigali, Kicukiro', 3, NULL, NULL, NULL),
(1555, 5, 'United Parcel Service', '8531500674', 'clinicplus49@gmail.com', 1187229502, 'Kigali, Kicukiro', 3, NULL, NULL, NULL),
(1556, 5, 'Pfizer', '1685411695', 'clinicplus50@gmail.com', 5754713713, 'Kigali, Kicukiro', 3, NULL, NULL, NULL),
(1557, 5, 'Lowes Companies', '9724956915', 'clinicplus51@gmail.com', 5892786548, 'Kigali, Kicukiro', 3, NULL, NULL, NULL),
(1558, 5, 'Intel Corporation', '4800990778', 'clinicplus52@gmail.com', 6883992721, 'Kigali, Kicukiro', 3, NULL, NULL, NULL),
(1559, 5, 'Energy Transfer Equity, L.P.', '3004454837', 'clinicplus53@gmail.com', 6646751069, 'Kigali, Kicukiro', 3, NULL, NULL, NULL),
(1560, 5, 'Cisco Systems, Inc.', '7395387182', 'clinicplus54@gmail.com', 5035752059, 'Kigali, Kicukiro', 3, NULL, NULL, NULL),
(1561, 5, 'Enterprise Products Partners L.P.', '3168831921', 'clinicplus55@gmail.com', 8654137605, 'Kigali, Kicukiro', 3, NULL, NULL, NULL),
(1562, 5, 'Aetna Inc.', '2010907333', 'clinicplus56@gmail.com', 5832630422, 'Kigali, Kicukiro', 3, NULL, NULL, NULL),
(1563, 5, 'The Coca-Cola Company', '4066748367', 'clinicplus57@gmail.com', 8438425177, 'Kigali, Kicukiro', 3, NULL, NULL, NULL),
(1564, 5, 'Lockheed Martin Corporation', '9205035487', 'clinicplus58@gmail.com', 9001255607, 'Kigali, Kicukiro', 3, NULL, NULL, NULL),
(1565, 5, 'Best Buy Co., Inc.', '5853339867', 'clinicplus59@gmail.com', 9731687951, 'Kigali, Kicukiro', 3, NULL, NULL, NULL),
(1566, 5, 'The Walt Disney Company', '7089501480', 'clinicplus60@gmail.com', 4271579375, 'Kigali, Kicukiro', 3, NULL, NULL, NULL),
(1567, 5, 'CHS Inc.', '8059850188', 'clinicplus61@gmail.com', 5940498694, 'Kigali, Kicukiro', 3, NULL, NULL, NULL),
(1568, 5, 'Sysco Corporation', '2276485788', 'clinicplus62@gmail.com', 5176455336, 'Kigali, Kicukiro', 3, NULL, NULL, NULL),
(1569, 5, 'FedEx Corporation', '1040402015', 'clinicplus63@gmail.com', 8182058405, 'Kigali, Kicukiro', 3, NULL, NULL, NULL),
(1570, 5, 'Merck & Co., Inc.', '2536961284', 'clinicplus64@gmail.com', 5718577961, 'Kigali, Kicukiro', 3, NULL, NULL, NULL),
(1571, 5, 'INTL FCStone Inc.', '5321888088', 'clinicplus65@gmail.com', 2524655690, 'Kigali, Kicukiro', 3, NULL, NULL, NULL),
(1572, 5, 'Safeway Inc.', '5581585026', 'clinicplus66@gmail.com', 6974851260, 'Kigali, Kicukiro', 3, NULL, NULL, NULL),
(1573, 5, 'Johnson Controls, Inc.', '5114254390', 'clinicplus67@gmail.com', 6802652241, 'Kigali, Kicukiro', 3, NULL, NULL, NULL),
(1574, 5, 'Ingram Micro Inc.', '2386316008', 'clinicplus68@gmail.com', 9861634956, 'Kigali, Kicukiro', 3, NULL, NULL, NULL),
(1575, 5, 'Plains GP Holdings, L.P.', '5050818003', 'clinicplus69@gmail.com', 1007181130, 'Kigali, Kicukiro', 3, NULL, NULL, NULL),
(1576, 5, 'World Fuel Services Corporation', '4340358856', 'clinicplus70@gmail.com', 9297343540, 'Kigali, Kicukiro', 3, NULL, NULL, NULL),
(1577, 5, 'Prudential Financial, Inc.', '3954783093', 'clinicplus71@gmail.com', 3379744556, 'Kigali, Kicukiro', 3, NULL, NULL, NULL),
(1578, 5, 'Humana Inc.', '1179793106', 'clinicplus72@gmail.com', 1824474556, 'Kigali, Kicukiro', 3, NULL, NULL, NULL),
(1579, 5, 'The Goldman Sachs Group, Inc.', '4104538190', 'clinicplus73@gmail.com', 4192125405, 'Kigali, Kicukiro', 3, NULL, NULL, NULL),
(1580, 5, 'Tesoro Corporation', '5103966300', 'clinicplus74@gmail.com', 8599456197, 'Kigali, Kicukiro', 3, NULL, NULL, NULL),
(1581, 5, 'Liberty Mutual Holding Company Inc.', '5076739488', 'clinicplus75@gmail.com', 7322495196, 'Kigali, Kicukiro', 3, NULL, NULL, NULL),
(1582, 5, 'Honeywell International Inc.', '4527004434', 'clinicplus76@gmail.com', 3492460831, 'Kigali, Kicukiro', 3, NULL, NULL, NULL),
(1583, 5, 'United Continental Holdings, Inc.', '7274618414', 'clinicplus77@gmail.com', 1937730809, 'Kigali, Kicukiro', 3, NULL, NULL, NULL),
(1584, 5, 'HCA Holdings, Inc.', '1758728309', 'clinicplus78@gmail.com', 3585147721, 'Kigali, Kicukiro', 3, NULL, NULL, NULL),
(1585, 5, 'Deere & Company', '9862334247', 'clinicplus79@gmail.com', 2914126469, 'Kigali, Kicukiro', 3, NULL, NULL, NULL),
(1586, 5, 'Delta Air Lines, Inc.', '6752164905', 'clinicplus80@gmail.com', 2788738333, 'Kigali, Kicukiro', 3, NULL, NULL, NULL),
(1587, 5, 'Oracle Corporation', '1975748816', 'clinicplus81@gmail.com', 5370485904, 'Kigali, Kicukiro', 3, NULL, NULL, NULL),
(1588, 5, 'Morgan Stanley', '9953111429', 'clinicplus82@gmail.com', 9022291753, 'Kigali, Kicukiro', 3, NULL, NULL, NULL),
(1589, 5, 'Hess Corporation', '2892166245', 'clinicplus83@gmail.com', 4027830588, 'Kigali, Kicukiro', 3, NULL, NULL, NULL),
(1590, 5, 'Twenty-First Century Fox, Inc.', '1157926258', 'clinicplus84@gmail.com', 5888548463, 'Kigali, Kicukiro', 3, NULL, NULL, NULL),
(1591, 5, 'E.I. du Pont de Nemours and Company', '6947546266', 'clinicplus85@gmail.com', 3794972527, 'Kigali, Kicukiro', 3, NULL, NULL, NULL),
(1592, 5, 'Sears Holdings Corporation', '2117462946', 'clinicplus86@gmail.com', 2465674087, 'Kigali, Kicukiro', 3, NULL, NULL, NULL),
(1593, 5, 'New York Life Insurance Company', '1553840763', 'clinicplus87@gmail.com', 7719099209, 'Kigali, Kicukiro', 3, NULL, NULL, NULL),
(1594, 5, 'Mondelez International, Inc.', '5796166980', 'clinicplus88@gmail.com', 8498282046, 'Kigali, Kicukiro', 3, NULL, NULL, NULL),
(1595, 5, 'American Express Company', '8934144207', 'clinicplus89@gmail.com', 9014000084, 'Kigali, Kicukiro', 3, NULL, NULL, NULL),
(1596, 5, 'Nationwide Mutual Insurance Co.', '6252627214', 'clinicplus90@gmail.com', 7029403035, 'Kigali, Kicukiro', 3, NULL, NULL, NULL),
(1597, 5, 'The Allstate Corporation', '4386521951', 'clinicplus91@gmail.com', 8777181821, 'Kigali, Kicukiro', 3, NULL, NULL, NULL),
(1598, 5, 'Tyson Foods, Inc.', '7668724089', 'clinicplus92@gmail.com', 3806577132, 'Kigali, Kicukiro', 3, NULL, NULL, NULL),
(1599, 5, 'Supervalu Inc.', '2478937370', 'clinicplus93@gmail.com', 2461758750, 'Kigali, Kicukiro', 3, NULL, NULL, NULL),
(1600, 5, 'TIAA-CREF', '5942956251', 'clinicplus94@gmail.com', 2585660697, 'Kigali, Kicukiro', 3, NULL, NULL, NULL),
(1601, 5, 'Massachusetts Mutual Life Insurance Company', '7254262097', 'clinicplus95@gmail.com', 6623604014, 'Kigali, Kicukiro', 3, NULL, NULL, NULL),
(1602, 5, 'CIGNA Corporation', '5091374039', 'clinicplus96@gmail.com', 7462234678, 'Kigali, Kicukiro', 3, NULL, NULL, NULL),
(1603, 5, 'DIRECTV', '3135708011', 'clinicplus97@gmail.com', 6215325446, 'Kigali, Kicukiro', 3, NULL, NULL, NULL),
(1604, 5, 'General Dynamics Corporation', '2938456530', 'clinicplus98@gmail.com', 3625786375, 'Kigali, Kicukiro', 3, NULL, NULL, NULL),
(1605, 5, 'Philip Morris International Inc.', '7310942669', 'clinicplus99@gmail.com', 2582435138, 'Kigali, Kicukiro', 3, NULL, NULL, NULL),
(1606, 5, '3M Company', '9570435494', 'clinicplus100@gmail.com', 7095196489, 'Kigali, Kicukiro', 3, NULL, NULL, NULL),
(1607, 5, 'Time Warner Inc.', '2146442658', 'clinicplus101@gmail.com', 7275648773, 'Kigali, Kicukiro', 3, NULL, NULL, NULL),
(1608, 5, 'Halliburton Company', '7766401157', 'clinicplus102@gmail.com', 9355862273, 'Kigali, Kicukiro', 3, NULL, NULL, NULL),
(1609, 5, 'Publix Super Markets, Inc.', '4663223272', 'clinicplus103@gmail.com', 7773428936, 'Kigali, Kicukiro', 3, NULL, NULL, NULL),
(1610, 5, 'International Paper Company', '7066968053', 'clinicplus104@gmail.com', 7770325728, 'Kigali, Kicukiro', 3, NULL, NULL, NULL),
(1611, 5, 'McDonalds Corporation', '4048682666', 'clinicplus105@gmail.com', 2203015784, 'Kigali, Kicukiro', 3, NULL, NULL, NULL),
(1612, 5, 'Macys, Inc.', '3258000201', 'clinicplus106@gmail.com', 8990306001, 'Kigali, Kicukiro', 3, NULL, NULL, NULL),
(1613, 5, 'The TJX Companies, Inc.', '5023645052', 'clinicplus107@gmail.com', 2963425566, 'Kigali, Kicukiro', 3, NULL, NULL, NULL),
(1614, 5, 'Fluor Corporation', '6632786760', 'clinicplus108@gmail.com', 1131110151, 'Kigali, Kicukiro', 3, NULL, NULL, NULL),
(1615, 5, 'Northwestern Mutual Life Insurance Company,Inc.', '3194049789', 'clinicplus109@gmail.com', 6054085878, 'Kigali, Kicukiro', 3, NULL, NULL, NULL),
(1616, 5, 'Tech Data Corporation', '4780526343', 'clinicplus110@gmail.com', 1224729974, 'Kigali, Kicukiro', 3, NULL, NULL, NULL),
(1617, 5, 'American Airlines Group Inc.', '7171214162', 'clinicplus111@gmail.com', 1425895155, 'Kigali, Kicukiro', 3, NULL, NULL, NULL),
(1618, 5, 'The Hartford Financial Services Group, Inc.', '1954874543', 'clinicplus112@gmail.com', 1453868537, 'Kigali, Kicukiro', 3, NULL, NULL, NULL),
(1619, 5, 'The Travelers Companies, Inc.', '2265985422', 'clinicplus113@gmail.com', 2541915970, 'Kigali, Kicukiro', 3, NULL, NULL, NULL),
(1620, 5, 'Nike, Inc.', '1396247752', 'clinicplus114@gmail.com', 1155330384, 'Kigali, Kicukiro', 3, NULL, NULL, NULL),
(1621, 5, 'Occidental Petroleum Corporation', '5662251159', 'clinicplus115@gmail.com', 1414657597, 'Kigali, Kicukiro', 3, NULL, NULL, NULL),
(1622, 5, 'Avnet, Inc.', '2591311921', 'clinicplus116@gmail.com', 6366874342, 'Kigali, Kicukiro', 3, NULL, NULL, NULL),
(1623, 5, 'Rite Aid Corporation', '4613280149', 'clinicplus117@gmail.com', 6331733836, 'Kigali, Kicukiro', 3, NULL, NULL, NULL),
(1624, 5, 'Exelon Corporation', '6588848550', 'clinicplus118@gmail.com', 1473319997, 'Kigali, Kicukiro', 3, NULL, NULL, NULL),
(1625, 5, 'Qualcomm Incorporated', '1390186508', 'clinicplus119@gmail.com', 3382364569, 'Kigali, Kicukiro', 3, NULL, NULL, NULL),
(1626, 5, 'Emerson Electric Co.', '6128344594', 'clinicplus120@gmail.com', 3471206815, 'Kigali, Kicukiro', 3, NULL, NULL, NULL),
(1627, 5, 'Northrop Grumman Corporation', '8299155903', 'clinicplus121@gmail.com', 9795928782, 'Kigali, Kicukiro', 3, NULL, NULL, NULL),
(1628, 5, 'Duke Energy Corporation', '9476726817', 'clinicplus122@gmail.com', 4187405705, 'Kigali, Kicukiro', 3, NULL, NULL, NULL),
(1629, 5, 'Capital One Financial Corporation', '9947800643', 'clinicplus123@gmail.com', 7865202243, 'Kigali, Kicukiro', 3, NULL, NULL, NULL),
(1630, 5, 'Aflac Incorporated', '1848680674', 'clinicplus124@gmail.com', 3098810949, 'Kigali, Kicukiro', 3, NULL, NULL, NULL),
(1631, 5, 'Raytheon Company', '1078513677', 'clinicplus125@gmail.com', 7510071329, 'Kigali, Kicukiro', 3, NULL, NULL, NULL),
(1632, 5, 'Staples, Inc.', '9295671926', 'clinicplus126@gmail.com', 1195425233, 'Kigali, Kicukiro', 3, NULL, NULL, NULL),
(1633, 5, 'EMC Corporation', '6456579232', 'clinicplus127@gmail.com', 4017477442, 'Kigali, Kicukiro', 3, NULL, NULL, NULL),
(1634, 5, 'Eli Lilly and Company', '5062387341', 'clinicplus128@gmail.com', 7909220337, 'Kigali, Kicukiro', 3, NULL, NULL, NULL),
(1635, 5, 'Alcoa Inc.', '3260934532', 'clinicplus129@gmail.com', 2161905513, 'Kigali, Kicukiro', 3, NULL, NULL, NULL),
(1636, 5, 'National Oilwell Varco, Inc.', '9696585632', 'clinicplus130@gmail.com', 5464281642, 'Kigali, Kicukiro', 3, NULL, NULL, NULL),
(1637, 5, 'Baker Hughes Incorporated', '8455434941', 'clinicplus131@gmail.com', 3172671420, 'Kigali, Kicukiro', 3, NULL, NULL, NULL),
(1638, 5, 'US Foods, Inc.', '7899269909', 'clinicplus132@gmail.com', 3900275055, 'Kigali, Kicukiro', 3, NULL, NULL, NULL),
(1639, 5, 'Time Warner Cable Inc.', '2260155100', 'clinicplus133@gmail.com', 9283828682, 'Kigali, Kicukiro', 3, NULL, NULL, NULL),
(1640, 5, 'Union Pacific Corporation', '5511593636', 'clinicplus134@gmail.com', 9262263740, 'Kigali, Kicukiro', 3, NULL, NULL, NULL),
(1641, 5, 'Abbott Laboratories', '6943629715', 'clinicplus135@gmail.com', 5854432919, 'Kigali, Kicukiro', 3, NULL, NULL, NULL),
(1642, 5, 'Xerox Corporation', '3282225376', 'clinicplus136@gmail.com', 3611384288, 'Kigali, Kicukiro', 3, NULL, NULL, NULL),
(1643, 5, 'Arrow Electronics, Inc', '7146021610', 'clinicplus137@gmail.com', 9150565100, 'Kigali, Kicukiro', 3, NULL, NULL, NULL),
(1644, 5, 'Kimberly-Clark Corporation', '8352005633', 'clinicplus138@gmail.com', 5889261704, 'Kigali, Kicukiro', 3, NULL, NULL, NULL),
(1645, 5, 'U.S. Bancorp', '2434518781', 'clinicplus139@gmail.com', 4516814734, 'Kigali, Kicukiro', 3, NULL, NULL, NULL),
(1646, 5, 'United Services Automobile Association', '8785389567', 'clinicplus140@gmail.com', 7124606389, 'Kigali, Kicukiro', 3, NULL, NULL, NULL),
(1647, 5, 'Freeport-McMoRan Copper & Gold Inc.', '4396676251', 'clinicplus141@gmail.com', 4965080589, 'Kigali, Kicukiro', 3, NULL, NULL, NULL),
(1648, 5, 'Icahn Enterprises L.P.', '4562720417', 'clinicplus142@gmail.com', 7606737428, 'Kigali, Kicukiro', 3, NULL, NULL, NULL),
(1649, 5, 'ManpowerGroup Inc.', '2031847565', 'clinicplus143@gmail.com', 2849957506, 'Kigali, Kicukiro', 3, NULL, NULL, NULL),
(1650, 5, 'HollyFrontier Corporation', '7431887154', 'clinicplus144@gmail.com', 6721897064, 'Kigali, Kicukiro', 3, NULL, NULL, NULL),
(1651, 5, 'Global Partners LP', '3913432618', 'clinicplus145@gmail.com', 1085414419, 'Kigali, Kicukiro', 3, NULL, NULL, NULL),
(1652, 5, 'The Goodyear Tire & Rubber Company', '4380602669', 'clinicplus146@gmail.com', 2563216577, 'Kigali, Kicukiro', 3, NULL, NULL, NULL),
(1653, 5, 'PBF Energy Inc.', '2876671947', 'clinicplus147@gmail.com', 9490285943, 'Kigali, Kicukiro', 3, NULL, NULL, NULL),
(1654, 5, 'Danaher Corporation', '6110621635', 'clinicplus148@gmail.com', 7967124898, 'Kigali, Kicukiro', 3, NULL, NULL, NULL),
(1655, 5, 'Nucor Corporation', '1371626210', 'clinicplus149@gmail.com', 2458934924, 'Kigali, Kicukiro', 3, NULL, NULL, NULL),
(1656, 5, 'Kohls Corporation', '6027762743', 'clinicplus150@gmail.com', 1298840712, 'Kigali, Kicukiro', 3, NULL, NULL, NULL),
(1657, 5, 'AbbVie Inc.', '1577931595', 'clinicplus151@gmail.com', 6794176096, 'Kigali, Kicukiro', 3, NULL, NULL, NULL),
(1658, 5, 'Whirlpool Corporation', '5555870181', 'clinicplus152@gmail.com', 3540693801, 'Kigali, Kicukiro', 3, NULL, NULL, NULL),
(1659, 5, 'Amgen Inc.', '2158245989', 'clinicplus153@gmail.com', 2533240039, 'Kigali, Kicukiro', 3, NULL, NULL, NULL),
(1660, 5, 'Jabil Circuit, Inc.', '6795931043', 'clinicplus154@gmail.com', 9983651644, 'Kigali, Kicukiro', 3, NULL, NULL, NULL),
(1661, 5, 'Kraft Foods Group, Inc.', '2249903006', 'clinicplus155@gmail.com', 6894387122, 'Kigali, Kicukiro', 3, NULL, NULL, NULL),
(1662, 5, 'The Progressive Corporation', '6772798791', 'clinicplus156@gmail.com', 4100634860, 'Kigali, Kicukiro', 3, NULL, NULL, NULL),
(1663, 5, 'CenturyLink, Inc.', '3478876510', 'clinicplus157@gmail.com', 8313973402, 'Kigali, Kicukiro', 3, NULL, NULL, NULL),
(1664, 5, 'General Mills, Inc.', '8467508659', 'clinicplus158@gmail.com', 3287818042, 'Kigali, Kicukiro', 3, NULL, NULL, NULL),
(1665, 5, 'Southwest Airlines Co.', '9860885457', 'clinicplus159@gmail.com', 5674527124, 'Kigali, Kicukiro', 3, NULL, NULL, NULL),
(1666, 5, 'Altria Group, Inc.', '1953817712', 'clinicplus160@gmail.com', 3007155023, 'Kigali, Kicukiro', 3, NULL, NULL, NULL),
(1667, 5, 'AutoNation, Inc.', '4114588223', 'clinicplus161@gmail.com', 7374388429, 'Kigali, Kicukiro', 3, NULL, NULL, NULL),
(1668, 5, 'Chesapeake Energy Corporation', '9028381711', 'clinicplus162@gmail.com', 8925770154, 'Kigali, Kicukiro', 3, NULL, NULL, NULL),
(1669, 5, 'Dollar General Corporation', '5504829760', 'clinicplus163@gmail.com', 8282242991, 'Kigali, Kicukiro', 3, NULL, NULL, NULL),
(1670, 5, 'TRW Automotive Holdings Corp.', '1087210358', 'clinicplus164@gmail.com', 9718961206, 'Kigali, Kicukiro', 3, NULL, NULL, NULL),
(1671, 5, 'United States Steel Corporation', '1926176736', 'clinicplus165@gmail.com', 2302519335, 'Kigali, Kicukiro', 3, NULL, NULL, NULL),
(1672, 5, 'Colgate-Palmolive Company', '5219975831', 'clinicplus166@gmail.com', 5309117888, 'Kigali, Kicukiro', 3, NULL, NULL, NULL),
(1673, 5, 'Cummins Inc.', '4239689662', 'clinicplus167@gmail.com', 9907896935, 'Kigali, Kicukiro', 3, NULL, NULL, NULL),
(1674, 5, 'PACCAR Inc', '2458872196', 'clinicplus168@gmail.com', 4944999380, 'Kigali, Kicukiro', 3, NULL, NULL, NULL),
(1675, 5, 'The Southern Company', '9862567277', 'clinicplus169@gmail.com', 3355825477, 'Kigali, Kicukiro', 3, NULL, NULL, NULL),
(1676, 5, 'Illinois Tool Works Inc.', '7568263642', 'clinicplus170@gmail.com', 5545182969, 'Kigali, Kicukiro', 3, NULL, NULL, NULL),
(1677, 5, 'The PNC Financial Services Group, Inc.', '1601659643', 'clinicplus171@gmail.com', 3604285603, 'Kigali, Kicukiro', 3, NULL, NULL, NULL),
(1678, 5, 'Medtronic, Inc.', '3182439624', 'clinicplus172@gmail.com', 9523650245, 'Kigali, Kicukiro', 3, NULL, NULL, NULL),
(1679, 5, 'The AES Corporation', '4186070875', 'clinicplus173@gmail.com', 4639584657, 'Kigali, Kicukiro', 3, NULL, NULL, NULL),
(1680, 5, 'Murphy USA Inc.', '7450567559', 'clinicplus174@gmail.com', 5999298959, 'Kigali, Kicukiro', 3, NULL, NULL, NULL),
(1681, 5, 'Bristol-Myers Squibb Company', '6721875339', 'clinicplus175@gmail.com', 6085382357, 'Kigali, Kicukiro', 3, NULL, NULL, NULL),
(1682, 5, 'Lear Corporation', '8107265593', 'clinicplus176@gmail.com', 7028169167, 'Kigali, Kicukiro', 3, NULL, NULL, NULL),
(1683, 5, 'The Gap, Inc.', '8232151606', 'clinicplus177@gmail.com', 8082998821, 'Kigali, Kicukiro', 3, NULL, NULL, NULL),
(1684, 5, 'Apache Corporation', '2940657413', 'clinicplus178@gmail.com', 4896335119, 'Kigali, Kicukiro', 3, NULL, NULL, NULL),
(1685, 5, 'eBay Inc.', '4052444543', 'clinicplus179@gmail.com', 5325761876, 'Kigali, Kicukiro', 3, NULL, NULL, NULL),
(1686, 5, 'The Bank of New York Mellon Corporation', '5141286006', 'clinicplus180@gmail.com', 2657223351, 'Kigali, Kicukiro', 3, NULL, NULL, NULL),
(1687, 5, 'CBS Corporation', '3859870026', 'clinicplus181@gmail.com', 6212644761, 'Kigali, Kicukiro', 3, NULL, NULL, NULL),
(1688, 5, 'PG&E Corporation', '7373231442', 'clinicplus182@gmail.com', 4789346038, 'Kigali, Kicukiro', 3, NULL, NULL, NULL),
(1689, 5, 'ConAgra Foods, Inc.', '8352789281', 'clinicplus183@gmail.com', 7204052411, 'Kigali, Kicukiro', 3, NULL, NULL, NULL),
(1690, 5, 'Computer Sciences Corporation', '7119819036', 'clinicplus184@gmail.com', 3914551022, 'Kigali, Kicukiro', 3, NULL, NULL, NULL),
(1691, 5, 'American Electric Power Company, Inc.', '8120742649', 'clinicplus185@gmail.com', 1645894509, 'Kigali, Kicukiro', 3, NULL, NULL, NULL),
(1692, 5, 'Western Digital Corporation', '7888064162', 'clinicplus186@gmail.com', 4579210185, 'Kigali, Kicukiro', 3, NULL, NULL, NULL),
(1693, 5, 'Marathon Oil Corporation', '6531448142', 'clinicplus187@gmail.com', 9870793293, 'Kigali, Kicukiro', 3, NULL, NULL, NULL),
(1694, 5, 'Baxter International Inc.', '8011454731', 'clinicplus188@gmail.com', 9244524139, 'Kigali, Kicukiro', 3, NULL, NULL, NULL),
(1695, 5, 'PPG Industries, Inc.', '6230015949', 'clinicplus189@gmail.com', 7700527698, 'Kigali, Kicukiro', 3, NULL, NULL, NULL),
(1696, 5, 'NextEra Energy, Inc.', '6707956161', 'clinicplus190@gmail.com', 4574617165, 'Kigali, Kicukiro', 3, NULL, NULL, NULL),
(1697, 5, 'Community Health Systems, Inc.', '3211361110', 'clinicplus191@gmail.com', 6657223926, 'Kigali, Kicukiro', 3, NULL, NULL, NULL),
(1698, 5, 'Loews Corporation', '5608396096', 'clinicplus192@gmail.com', 6449742396, 'Kigali, Kicukiro', 3, NULL, NULL, NULL),
(1699, 5, 'Penske Automotive Group, Inc.', '5775128289', 'clinicplus193@gmail.com', 1230456125, 'Kigali, Kicukiro', 3, NULL, NULL, NULL),
(1700, 5, 'FirstEnergy Corp.', '5499883607', 'clinicplus194@gmail.com', 2356224604, 'Kigali, Kicukiro', 3, NULL, NULL, NULL),
(1701, 5, 'Starbucks Corporation', '1945643474', 'clinicplus195@gmail.com', 5551802946, 'Kigali, Kicukiro', 3, NULL, NULL, NULL),
(1702, 5, 'Monsanto Company', '8587056735', 'clinicplus196@gmail.com', 1813110374, 'Kigali, Kicukiro', 3, NULL, NULL, NULL),
(1703, 5, 'Kellogg Company', '9578655299', 'clinicplus197@gmail.com', 6285679261, 'Kigali, Kicukiro', 3, NULL, NULL, NULL),
(1704, 5, 'Land OLakes, Inc.', '3916655272', 'clinicplus198@gmail.com', 5694647504, 'Kigali, Kicukiro', 3, NULL, NULL, NULL),
(1705, 5, 'ONEOK, Inc.', '6840739414', 'clinicplus199@gmail.com', 4039458614, 'Kigali, Kicukiro', 3, NULL, NULL, NULL),
(1706, 5, 'Omnicom Group Inc.', '3386347036', 'clinicplus200@gmail.com', 3375570926, 'Kigali, Kicukiro', 3, NULL, NULL, NULL),
(1707, 5, 'Anadarko Petroleum Corporation', '8880015050', 'clinicplus201@gmail.com', 8755689572, 'Kigali, Kicukiro', 3, NULL, NULL, NULL),
(1708, 5, 'EOG Resources, Inc.', '2087546438', 'clinicplus202@gmail.com', 1535117106, 'Kigali, Kicukiro', 3, NULL, NULL, NULL),
(1709, 5, 'DISH Network Corporation', '7379066456', 'clinicplus203@gmail.com', 5352092468, 'Kigali, Kicukiro', 3, NULL, NULL, NULL),
(1710, 5, 'Genuine Parts Company', '1982448045', 'clinicplus204@gmail.com', 7747245391, 'Kigali, Kicukiro', 3, NULL, NULL, NULL),
(1711, 5, 'Kinder Morgan, Inc.', '9976837014', 'clinicplus205@gmail.com', 4008968327, 'Kigali, Kicukiro', 3, NULL, NULL, NULL),
(1712, 5, 'Waste Management, Inc.', '1100125682', 'clinicplus206@gmail.com', 6579982669, 'Kigali, Kicukiro', 3, NULL, NULL, NULL),
(1713, 5, 'The Chubb Corporation', '5981336148', 'clinicplus207@gmail.com', 3676920296, 'Kigali, Kicukiro', 3, NULL, NULL, NULL),
(1714, 5, 'Aramark Holdings Corporation', '8057420110', 'clinicplus208@gmail.com', 3899257429, 'Kigali, Kicukiro', 3, NULL, NULL, NULL),
(1715, 5, 'Viacom Inc.', '9599494179', 'clinicplus209@gmail.com', 3362242101, 'Kigali, Kicukiro', 3, NULL, NULL, NULL),
(1716, 5, 'Las Vegas Sands Corp.', '6455744054', 'clinicplus210@gmail.com', 2224210113, 'Kigali, Kicukiro', 3, NULL, NULL, NULL),
(1717, 5, 'Dominion Resources, Inc.', '2143552788', 'clinicplus211@gmail.com', 2413707460, 'Kigali, Kicukiro', 3, NULL, NULL, NULL),
(1718, 5, 'Ecolab Inc.', '3137963360', 'clinicplus212@gmail.com', 2617432480, 'Kigali, Kicukiro', 3, NULL, NULL, NULL),
(1719, 5, 'Smithfield Foods, Inc.', '8603601760', 'clinicplus213@gmail.com', 4233217026, 'Kigali, Kicukiro', 3, NULL, NULL, NULL),
(1720, 5, 'Thermo Fisher Scientific Inc.', '3174743027', 'clinicplus214@gmail.com', 5002901785, 'Kigali, Kicukiro', 3, NULL, NULL, NULL),
(1721, 5, 'Yum! Brands, Inc.', '7158686593', 'clinicplus215@gmail.com', 6475752062, 'Kigali, Kicukiro', 3, NULL, NULL, NULL),
(1722, 5, 'Parker-Hannifin Corporation', '1536672817', 'clinicplus216@gmail.com', 2035302360, 'Kigali, Kicukiro', 3, NULL, NULL, NULL),
(1723, 5, 'Whole Foods Market, Inc.', '7452247189', 'clinicplus217@gmail.com', 6036072174, 'Kigali, Kicukiro', 3, NULL, NULL, NULL),
(1724, 5, 'Marriott International, Inc.', '1925794488', 'clinicplus218@gmail.com', 4789100244, 'Kigali, Kicukiro', 3, NULL, NULL, NULL),
(1725, 5, 'C. H. Robinson Worldwide, Inc.', '6532786903', 'clinicplus219@gmail.com', 1451819204, 'Kigali, Kicukiro', 3, NULL, NULL, NULL),
(1726, 5, 'L-3 Communications Holdings, Inc.', '9778179832', 'clinicplus220@gmail.com', 4455449923, 'Kigali, Kicukiro', 3, NULL, NULL, NULL),
(1727, 5, 'Edison International', '9230576616', 'clinicplus221@gmail.com', 9788628748, 'Kigali, Kicukiro', 3, NULL, NULL, NULL),
(1728, 5, 'Toys R Us, Inc.', '4155917404', 'clinicplus222@gmail.com', 8955181753, 'Kigali, Kicukiro', 3, NULL, NULL, NULL),
(1729, 5, 'Nordstrom, Inc.', '1491217182', 'clinicplus223@gmail.com', 8840774564, 'Kigali, Kicukiro', 3, NULL, NULL, NULL),
(1730, 5, 'Consolidated Edison, Inc.', '4695459269', 'clinicplus224@gmail.com', 3200503798, 'Kigali, Kicukiro', 3, NULL, NULL, NULL),
(1731, 5, 'Marsh & McLennan Companies, Inc.', '1831333861', 'clinicplus225@gmail.com', 7326248996, 'Kigali, Kicukiro', 3, NULL, NULL, NULL),
(1732, 5, 'Texas Instruments Incorporated', '9400912360', 'clinicplus226@gmail.com', 6204282670, 'Kigali, Kicukiro', 3, NULL, NULL, NULL),
(1733, 5, 'Textron Inc.', '5205562974', 'clinicplus227@gmail.com', 4963216155, 'Kigali, Kicukiro', 3, NULL, NULL, NULL),
(1734, 5, 'Tenet Healthcare Corporation', '8014515400', 'clinicplus228@gmail.com', 8954860727, 'Kigali, Kicukiro', 3, NULL, NULL, NULL),
(1735, 5, 'DaVita HealthCare Partners Inc.', '1507490974', 'clinicplus229@gmail.com', 4677525528, 'Kigali, Kicukiro', 3, NULL, NULL, NULL),
(1736, 5, 'CSX Corporation', '9177988459', 'clinicplus230@gmail.com', 5119520031, 'Kigali, Kicukiro', 3, NULL, NULL, NULL),
(1737, 5, 'Lincoln National Corporation', '5960744102', 'clinicplus231@gmail.com', 5385977051, 'Kigali, Kicukiro', 3, NULL, NULL, NULL),
(1738, 5, 'Praxair, Inc.', '6176223975', 'clinicplus232@gmail.com', 1522645319, 'Kigali, Kicukiro', 3, NULL, NULL, NULL),
(1739, 5, 'PPL Corporation', '2793042826', 'clinicplus233@gmail.com', 2061598443, 'Kigali, Kicukiro', 3, NULL, NULL, NULL),
(1740, 5, 'J.C. Penney Company, Inc.', '6490840170', 'clinicplus234@gmail.com', 1087134828, 'Kigali, Kicukiro', 3, NULL, NULL, NULL),
(1741, 5, 'Peter Kiewit Sons, Inc.', '6984539422', 'clinicplus235@gmail.com', 7318683491, 'Kigali, Kicukiro', 3, NULL, NULL, NULL),
(1742, 5, 'Jacobs Engineering Group Inc.', '3103264882', 'clinicplus236@gmail.com', 6392116734, 'Kigali, Kicukiro', 3, NULL, NULL, NULL),
(1743, 5, 'Visa Inc.', '6896836466', 'clinicplus237@gmail.com', 5377879414, 'Kigali, Kicukiro', 3, NULL, NULL, NULL),
(1744, 5, 'H.J. Heinz Company', '8614548708', 'clinicplus238@gmail.com', 1824383222, 'Kigali, Kicukiro', 3, NULL, NULL, NULL),
(1745, 5, 'CarMax, Inc.', '4579004473', 'clinicplus239@gmail.com', 7278366289, 'Kigali, Kicukiro', 3, NULL, NULL, NULL),
(1746, 5, 'V.F. Corporation', '3157352219', 'clinicplus240@gmail.com', 5349685312, 'Kigali, Kicukiro', 3, NULL, NULL, NULL),
(1747, 5, 'Entergy Corporation', '8060446676', 'clinicplus241@gmail.com', 2945231699, 'Kigali, Kicukiro', 3, NULL, NULL, NULL),
(1748, 5, 'Automatic Data Processing, Inc.', '5809370213', 'clinicplus242@gmail.com', 6123749329, 'Kigali, Kicukiro', 3, NULL, NULL, NULL),
(1749, 5, 'NRG Energy, Inc.', '7682468975', 'clinicplus243@gmail.com', 1352402174, 'Kigali, Kicukiro', 3, NULL, NULL, NULL),
(1750, 5, 'Guardian Life Ins. Co. of America', '7261651863', 'clinicplus244@gmail.com', 2207505037, 'Kigali, Kicukiro', 3, NULL, NULL, NULL),
(1751, 5, 'Liberty Interactive Corporation', '6787142701', 'clinicplus245@gmail.com', 4277286965, 'Kigali, Kicukiro', 3, NULL, NULL, NULL),
(1752, 5, 'Norfolk Southern Corporation', '3437678198', 'clinicplus246@gmail.com', 3245884854, 'Kigali, Kicukiro', 3, NULL, NULL, NULL),
(1753, 5, 'Office Depot, Inc.', '7244236322', 'clinicplus247@gmail.com', 6197447720, 'Kigali, Kicukiro', 3, NULL, NULL, NULL),
(1754, 5, 'Ameriprise Financial, Inc.', '6314790326', 'clinicplus248@gmail.com', 7676528839, 'Kigali, Kicukiro', 3, NULL, NULL, NULL),
(1755, 5, 'Gilead Sciences, Inc.', '4730509128', 'clinicplus249@gmail.com', 8220261433, 'Kigali, Kicukiro', 3, NULL, NULL, NULL),
(1756, 5, 'Centene Corporation', '4681640239', 'clinicplus250@gmail.com', 6700054500, 'Kigali, Kicukiro', 3, NULL, NULL, NULL),
(1757, 5, 'Leucadia National Corporation', '6402505371', 'clinicplus251@gmail.com', 7650258353, 'Kigali, Kicukiro', 3, NULL, NULL, NULL),
(1758, 5, 'Huntsman Corporation', '5681601906', 'clinicplus252@gmail.com', 6792356616, 'Kigali, Kicukiro', 3, NULL, NULL, NULL),
(1759, 5, 'Health Net, Inc.', '2346198167', 'clinicplus253@gmail.com', 5610153133, 'Kigali, Kicukiro', 3, NULL, NULL, NULL),
(1760, 5, 'Stanley Black & Decker, Inc.', '3939517357', 'clinicplus254@gmail.com', 7028513088, 'Kigali, Kicukiro', 3, NULL, NULL, NULL),
(1761, 5, 'URS Corporation', '7290830837', 'clinicplus255@gmail.com', 6697297098, 'Kigali, Kicukiro', 3, NULL, NULL, NULL),
(1762, 5, 'Xcel Energy Inc.', '3574828153', 'clinicplus256@gmail.com', 5109709084, 'Kigali, Kicukiro', 3, NULL, NULL, NULL),
(1763, 5, 'Bed Bath & Beyond Inc.', '6814527811', 'clinicplus257@gmail.com', 4480003530, 'Kigali, Kicukiro', 3, NULL, NULL, NULL),
(1764, 5, 'Navistar International Corporation', '2719426267', 'clinicplus258@gmail.com', 7900279463, 'Kigali, Kicukiro', 3, NULL, NULL, NULL),
(1765, 5, 'Synnex Corporation', '7260474508', 'clinicplus259@gmail.com', 9174301559, 'Kigali, Kicukiro', 3, NULL, NULL, NULL),
(1766, 5, 'First Data Corporation', '1333569831', 'clinicplus260@gmail.com', 3225381165, 'Kigali, Kicukiro', 3, NULL, NULL, NULL),
(1767, 5, 'AGCO Corporation', '6868822045', 'clinicplus261@gmail.com', 3222432908, 'Kigali, Kicukiro', 3, NULL, NULL, NULL),
(1768, 5, 'L Brands, Inc.', '5870682622', 'clinicplus262@gmail.com', 1435180395, 'Kigali, Kicukiro', 3, NULL, NULL, NULL),
(1769, 5, 'Hertz Global Holdings, Inc.', '3065505616', 'clinicplus263@gmail.com', 9053790314, 'Kigali, Kicukiro', 3, NULL, NULL, NULL),
(1770, 5, 'CDW Corporation', '2236418885', 'clinicplus264@gmail.com', 3666763235, 'Kigali, Kicukiro', 3, NULL, NULL, NULL),
(1771, 5, 'CST Brands, Inc.', '7399937463', 'clinicplus265@gmail.com', 5699492361, 'Kigali, Kicukiro', 3, NULL, NULL, NULL),
(1772, 5, 'Sempra Energy', '7891192180', 'clinicplus266@gmail.com', 6653908630, 'Kigali, Kicukiro', 3, NULL, NULL, NULL),
(1773, 5, 'R.R. Donnelley & Sons Company', '6127939446', 'clinicplus267@gmail.com', 4769390051, 'Kigali, Kicukiro', 3, NULL, NULL, NULL),
(1774, 5, 'BB&T Corporation', '7982733212', 'clinicplus268@gmail.com', 4503027369, 'Kigali, Kicukiro', 3, NULL, NULL, NULL),
(1775, 5, 'Devon Energy Corporation', '2349917496', 'clinicplus269@gmail.com', 6434518248, 'Kigali, Kicukiro', 3, NULL, NULL, NULL),
(1776, 5, 'Family Dollar Stores, Inc.', '9719857085', 'clinicplus270@gmail.com', 5971253063, 'Kigali, Kicukiro', 3, NULL, NULL, NULL),
(1777, 5, 'Unum Group', '6162114365', 'clinicplus271@gmail.com', 4783160471, 'Kigali, Kicukiro', 3, NULL, NULL, NULL),
(1778, 5, 'Ally Financial Inc.', '7996221896', 'clinicplus272@gmail.com', 2341544327, 'Kigali, Kicukiro', 3, NULL, NULL, NULL),
(1779, 5, 'Reinsurance Group of America, Incorporated', '6011481844', 'clinicplus273@gmail.com', 3417328903, 'Kigali, Kicukiro', 3, NULL, NULL, NULL),
(1780, 5, 'State Street Corporation', '3008548616', 'clinicplus274@gmail.com', 1316632873, 'Kigali, Kicukiro', 3, NULL, NULL, NULL),
(1781, 5, 'Air Products & Chemicals, Inc.', '6592471147', 'clinicplus275@gmail.com', 6989000834, 'Kigali, Kicukiro', 3, NULL, NULL, NULL),
(1782, 5, 'Ross Stores, Inc.', '2046926937', 'clinicplus276@gmail.com', 3971200165, 'Kigali, Kicukiro', 3, NULL, NULL, NULL),
(1783, 5, 'The Sherwin-Williams Company', '3415748254', 'clinicplus277@gmail.com', 4822152099, 'Kigali, Kicukiro', 3, NULL, NULL, NULL),
(1784, 5, 'The Este Lauder Companies Inc.', '7828354521', 'clinicplus278@gmail.com', 3899246645, 'Kigali, Kicukiro', 3, NULL, NULL, NULL),
(1785, 5, 'BlackRock, Inc.', '3573907541', 'clinicplus279@gmail.com', 3007764762, 'Kigali, Kicukiro', 3, NULL, NULL, NULL),
(1786, 5, 'Western Refining, Inc.', '7210464804', 'clinicplus280@gmail.com', 1838231462, 'Kigali, Kicukiro', 3, NULL, NULL, NULL),
(1787, 5, 'Avon Products, Inc.', '7791983986', 'clinicplus281@gmail.com', 4790306663, 'Kigali, Kicukiro', 3, NULL, NULL, NULL),
(1788, 5, 'The Mosaic Company', '9741899473', 'clinicplus282@gmail.com', 2952268316, 'Kigali, Kicukiro', 3, NULL, NULL, NULL),
(1789, 5, 'Public Service Enterprise Group Incorporated', '1757073504', 'clinicplus283@gmail.com', 5693555053, 'Kigali, Kicukiro', 3, NULL, NULL, NULL),
(1790, 5, 'Dean Foods Company', '6097651802', 'clinicplus284@gmail.com', 4735004018, 'Kigali, Kicukiro', 3, NULL, NULL, NULL),
(1791, 5, 'Cameron International Corporation', '6985716685', 'clinicplus285@gmail.com', 5217961393, 'Kigali, Kicukiro', 3, NULL, NULL, NULL),
(1792, 5, 'MGM Resorts International', '1945458839', 'clinicplus286@gmail.com', 9907345448, 'Kigali, Kicukiro', 3, NULL, NULL, NULL),
(1793, 5, 'KKR & Co. L.P.', '7632332584', 'clinicplus287@gmail.com', 3696212319, 'Kigali, Kicukiro', 3, NULL, NULL, NULL),
(1794, 5, 'Hilton Worldwide Holdings Inc.', '7677715034', 'clinicplus288@gmail.com', 1247371422, 'Kigali, Kicukiro', 3, NULL, NULL, NULL),
(1795, 5, 'DTE Energy Company', '7172805402', 'clinicplus289@gmail.com', 6760259804, 'Kigali, Kicukiro', 3, NULL, NULL, NULL),
(1796, 5, 'Genworth Financial, Inc.', '5272979850', 'clinicplus290@gmail.com', 5268985743, 'Kigali, Kicukiro', 3, NULL, NULL, NULL),
(1797, 5, 'Henry Schein, Inc.', '9826929038', 'clinicplus291@gmail.com', 9735810882, 'Kigali, Kicukiro', 3, NULL, NULL, NULL),
(1798, 5, 'Rock-Tenn Company', '7103198510', 'clinicplus292@gmail.com', 7632123830, 'Kigali, Kicukiro', 3, NULL, NULL, NULL),
(1799, 5, 'WellCare Health Plans, Inc.', '4780537689', 'clinicplus293@gmail.com', 3996062802, 'Kigali, Kicukiro', 3, NULL, NULL, NULL),
(1800, 5, 'W.W. Grainger, Inc.', '8364394807', 'clinicplus294@gmail.com', 2537778939, 'Kigali, Kicukiro', 3, NULL, NULL, NULL),
(1801, 5, 'Discover Financial Services', '3120736535', 'clinicplus295@gmail.com', 6168177794, 'Kigali, Kicukiro', 3, NULL, NULL, NULL),
(1802, 5, 'Eastman Chemical Company', '4010291389', 'clinicplus296@gmail.com', 5771234333, 'Kigali, Kicukiro', 3, NULL, NULL, NULL),
(1803, 5, 'Principal Financial Group, Inc.', '4074458927', 'clinicplus297@gmail.com', 3593357385, 'Kigali, Kicukiro', 3, NULL, NULL, NULL),
(1804, 5, 'Reliance Steel & Aluminum Co.', '9166490660', 'clinicplus298@gmail.com', 1627697171, 'Kigali, Kicukiro', 3, NULL, NULL, NULL),
(1805, 5, 'AutoZone, Inc.', '7348924526', 'clinicplus299@gmail.com', 9443078052, 'Kigali, Kicukiro', 3, NULL, NULL, NULL),
(1806, 5, 'Dover Corporation', '7296546867', 'clinicplus300@gmail.com', 5441989985, 'Kigali, Kicukiro', 3, NULL, NULL, NULL),
(1807, 5, 'Micron Technology, Inc.', '5874476693', 'clinicplus301@gmail.com', 2224907517, 'Kigali, Kicukiro', 3, NULL, NULL, NULL),
(1808, 5, 'Owens & Minor, Inc.', '4638173565', 'clinicplus302@gmail.com', 9853576748, 'Kigali, Kicukiro', 3, NULL, NULL, NULL),
(1809, 5, 'Assurant, Inc.', '5765729531', 'clinicplus303@gmail.com', 9442681913, 'Kigali, Kicukiro', 3, NULL, NULL, NULL),
(1810, 5, 'GameStop Corp.', '8228861969', 'clinicplus304@gmail.com', 7021567266, 'Kigali, Kicukiro', 3, NULL, NULL, NULL),
(1811, 5, 'Stryker Corporation', '4391867972', 'clinicplus305@gmail.com', 5616783091, 'Kigali, Kicukiro', 3, NULL, NULL, NULL),
(1812, 5, 'Group 1 Automotive, Inc.', '2328103321', 'clinicplus306@gmail.com', 7162026996, 'Kigali, Kicukiro', 3, NULL, NULL, NULL),
(1813, 5, 'Cognizant Technology Solutions Corporation', '5532421559', 'clinicplus307@gmail.com', 2477512335, 'Kigali, Kicukiro', 3, NULL, NULL, NULL),
(1814, 5, 'Sonic Automotive, Inc.', '4004979277', 'clinicplus308@gmail.com', 6683074342, 'Kigali, Kicukiro', 3, NULL, NULL, NULL),
(1815, 5, 'Autoliv, Inc.', '8890730854', 'clinicplus309@gmail.com', 2493153620, 'Kigali, Kicukiro', 3, NULL, NULL, NULL),
(1816, 5, 'Hormel Foods Corporation', '6151408073', 'clinicplus310@gmail.com', 8527136041, 'Kigali, Kicukiro', 3, NULL, NULL, NULL),
(1817, 5, 'Motorola Solutions, Inc.', '5083648772', 'clinicplus311@gmail.com', 8327679561, 'Kigali, Kicukiro', 3, NULL, NULL, NULL),
(1818, 5, 'Crown Holdings, Inc.', '4288146119', 'clinicplus312@gmail.com', 2453161084, 'Kigali, Kicukiro', 3, NULL, NULL, NULL),
(1819, 5, 'SunTrust Banks, Inc.', '2051543141', 'clinicplus313@gmail.com', 5572688122, 'Kigali, Kicukiro', 3, NULL, NULL, NULL),
(1820, 5, 'Campbell Soup Company', '3927584635', 'clinicplus314@gmail.com', 4976444276, 'Kigali, Kicukiro', 3, NULL, NULL, NULL),
(1821, 5, 'Fidelity National Financial, Inc.', '5057534333', 'clinicplus315@gmail.com', 7759436671, 'Kigali, Kicukiro', 3, NULL, NULL, NULL),
(1822, 5, 'HD Supply Holdings, Inc.', '5549006503', 'clinicplus316@gmail.com', 8888863800, 'Kigali, Kicukiro', 3, NULL, NULL, NULL),
(1823, 5, 'Caesars Entertainment Corporation', '6357966876', 'clinicplus317@gmail.com', 8289573799, 'Kigali, Kicukiro', 3, NULL, NULL, NULL),
(1824, 5, 'Darden Restaurants, Inc.', '5560826957', 'clinicplus318@gmail.com', 2954048354, 'Kigali, Kicukiro', 3, NULL, NULL, NULL),
(1825, 5, 'Weyerhaeuser Company', '9790076398', 'clinicplus319@gmail.com', 1310854925, 'Kigali, Kicukiro', 3, NULL, NULL, NULL),
(1826, 5, 'Ball Corporation', '4173644368', 'clinicplus320@gmail.com', 3735564163, 'Kigali, Kicukiro', 3, NULL, NULL, NULL),
(1827, 5, 'Precision Castparts Corp.', '4569890710', 'clinicplus321@gmail.com', 5046950596, 'Kigali, Kicukiro', 3, NULL, NULL, NULL),
(1828, 5, 'Masco Corporation', '6761425005', 'clinicplus322@gmail.com', 5828899888, 'Kigali, Kicukiro', 3, NULL, NULL, NULL),
(1829, 5, 'Universal Health Services, Inc.', '1677150784', 'clinicplus323@gmail.com', 2503523964, 'Kigali, Kicukiro', 3, NULL, NULL, NULL),
(1830, 5, 'Republic Services, Inc.', '4028033065', 'clinicplus324@gmail.com', 1726206299, 'Kigali, Kicukiro', 3, NULL, NULL, NULL),
(1831, 5, 'MasterCard Incorporated', '8624311202', 'clinicplus325@gmail.com', 7461209121, 'Kigali, Kicukiro', 3, NULL, NULL, NULL),
(1832, 5, 'Newmont Mining Corporation', '9780946271', 'clinicplus326@gmail.com', 4406048873, 'Kigali, Kicukiro', 3, NULL, NULL, NULL),
(1833, 5, 'Broadcom Corporation', '8425929909', 'clinicplus327@gmail.com', 6265664851, 'Kigali, Kicukiro', 3, NULL, NULL, NULL),
(1834, 5, 'Reynolds American Inc.', '5666936712', 'clinicplus328@gmail.com', 7766240072, 'Kigali, Kicukiro', 3, NULL, NULL, NULL),
(1835, 5, 'PVH Corp.', '7672522630', 'clinicplus329@gmail.com', 6105464048, 'Kigali, Kicukiro', 3, NULL, NULL, NULL),
(1836, 5, 'Charter Communications, Inc.', '4954378145', 'clinicplus330@gmail.com', 3626045681, 'Kigali, Kicukiro', 3, NULL, NULL, NULL),
(1837, 5, 'AECOM Technology Corporation', '1278296015', 'clinicplus331@gmail.com', 7620221004, 'Kigali, Kicukiro', 3, NULL, NULL, NULL),
(1838, 5, 'CenterPoint Energy, Inc.', '1585270565', 'clinicplus332@gmail.com', 4989937366, 'Kigali, Kicukiro', 3, NULL, NULL, NULL),
(1839, 5, 'Pacific Life', '1894338217', 'clinicplus333@gmail.com', 6818505875, 'Kigali, Kicukiro', 3, NULL, NULL, NULL),
(1840, 5, 'Thrivent Financial for Lutherans', '7210701336', 'clinicplus334@gmail.com', 3170438066, 'Kigali, Kicukiro', 3, NULL, NULL, NULL),
(1841, 5, 'Becton, Dickinson and Company', '2730524687', 'clinicplus335@gmail.com', 4922522738, 'Kigali, Kicukiro', 3, NULL, NULL, NULL),
(1842, 5, 'Franklin Resources, Inc.', '2117725728', 'clinicplus336@gmail.com', 3101641740, 'Kigali, Kicukiro', 3, NULL, NULL, NULL),
(1843, 5, 'Tenneco Inc.', '5544032617', 'clinicplus337@gmail.com', 4687877554, 'Kigali, Kicukiro', 3, NULL, NULL, NULL),
(1844, 5, 'TravelCenters of America LLC', '6114545828', 'clinicplus338@gmail.com', 1665217409, 'Kigali, Kicukiro', 3, NULL, NULL, NULL),
(1845, 5, 'Avis Budget Group, Inc.', '5582686385', 'clinicplus339@gmail.com', 8597572542, 'Kigali, Kicukiro', 3, NULL, NULL, NULL),
(1846, 5, 'Facebook, Inc.', '1623990413', 'clinicplus340@gmail.com', 8202377839, 'Kigali, Kicukiro', 3, NULL, NULL, NULL),
(1847, 5, 'Dollar Tree, Inc.', '4744807975', 'clinicplus341@gmail.com', 6588023702, 'Kigali, Kicukiro', 3, NULL, NULL, NULL),
(1848, 5, 'Corning Incorporated', '7486907153', 'clinicplus342@gmail.com', 5075843252, 'Kigali, Kicukiro', 3, NULL, NULL, NULL),
(1849, 5, 'Ashland Inc.', '9246633308', 'clinicplus343@gmail.com', 8188021169, 'Kigali, Kicukiro', 3, NULL, NULL, NULL),
(1850, 5, 'Sealed Air Corporation', '9376203247', 'clinicplus344@gmail.com', 6992397881, 'Kigali, Kicukiro', 3, NULL, NULL, NULL),
(1851, 5, 'Core-Mark Holding Company, Inc.', '1198199726', 'clinicplus345@gmail.com', 9030208564, 'Kigali, Kicukiro', 3, NULL, NULL, NULL),
(1852, 5, 'Oshkosh Corporation', '4858216267', 'clinicplus346@gmail.com', 5852502706, 'Kigali, Kicukiro', 3, NULL, NULL, NULL),
(1853, 5, 'Coca-Cola Enterprises, Inc.', '5804640382', 'clinicplus347@gmail.com', 5523741144, 'Kigali, Kicukiro', 3, NULL, NULL, NULL),
(1854, 5, 'WESCO International, Inc.', '4546890086', 'clinicplus348@gmail.com', 1056117212, 'Kigali, Kicukiro', 3, NULL, NULL, NULL),
(1855, 5, 'Applied Materials, Inc.', '1737130776', 'clinicplus349@gmail.com', 6078636275, 'Kigali, Kicukiro', 3, NULL, NULL, NULL),
(1856, 5, 'Visteon Corporation', '6079681420', 'clinicplus350@gmail.com', 2760654820, 'Kigali, Kicukiro', 3, NULL, NULL, NULL),
(1857, 5, 'BorgWarner Inc.', '8017524776', 'clinicplus351@gmail.com', 5983932416, 'Kigali, Kicukiro', 3, NULL, NULL, NULL),
(1858, 5, 'Spectrum Group International, Inc.', '7354170344', 'clinicplus352@gmail.com', 8151835879, 'Kigali, Kicukiro', 3, NULL, NULL, NULL),
(1859, 5, 'Oaktree Capital Group, LLC', '8017353662', 'clinicplus353@gmail.com', 5340391077, 'Kigali, Kicukiro', 3, NULL, NULL, NULL),
(1860, 5, 'Steel Dynamics, Inc.', '3250437181', 'clinicplus354@gmail.com', 7428870316, 'Kigali, Kicukiro', 3, NULL, NULL, NULL),
(1861, 5, 'Jarden Corporation', '1964407905', 'clinicplus355@gmail.com', 2526386378, 'Kigali, Kicukiro', 3, NULL, NULL, NULL),
(1862, 5, 'Mohawk Industries, Inc.', '2282544214', 'clinicplus356@gmail.com', 3371162397, 'Kigali, Kicukiro', 3, NULL, NULL, NULL),
(1863, 5, 'Terex Corporation', '1416878770', 'clinicplus357@gmail.com', 7528081255, 'Kigali, Kicukiro', 3, NULL, NULL, NULL),
(1864, 5, 'Northeast Utilities', '6295610369', 'clinicplus358@gmail.com', 5415423700, 'Kigali, Kicukiro', 3, NULL, NULL, NULL),
(1865, 5, 'KBR, Inc.', '7374712675', 'clinicplus359@gmail.com', 3690881276, 'Kigali, Kicukiro', 3, NULL, NULL, NULL),
(1866, 5, 'Fifth Third Bancorp', '9305741820', 'clinicplus360@gmail.com', 7401212777, 'Kigali, Kicukiro', 3, NULL, NULL, NULL),
(1867, 5, 'UGI Corporation', '1909109501', 'clinicplus361@gmail.com', 1753992668, 'Kigali, Kicukiro', 3, NULL, NULL, NULL),
(1868, 5, 'CBRE Group, Inc.', '3408720164', 'clinicplus362@gmail.com', 7458382968, 'Kigali, Kicukiro', 3, NULL, NULL, NULL),
(1869, 5, 'Quest Diagnostics Incorporated', '1824388301', 'clinicplus363@gmail.com', 9735489515, 'Kigali, Kicukiro', 3, NULL, NULL, NULL),
(1870, 5, 'Peabody Energy Corporation', '1105025314', 'clinicplus364@gmail.com', 8122123037, 'Kigali, Kicukiro', 3, NULL, NULL, NULL),
(1871, 5, 'The Hershey Company', '6464215236', 'clinicplus365@gmail.com', 7111926639, 'Kigali, Kicukiro', 3, NULL, NULL, NULL),
(1872, 5, 'Boston Scientific Corporation', '9338525636', 'clinicplus366@gmail.com', 5216259252, 'Kigali, Kicukiro', 3, NULL, NULL, NULL),
(1873, 5, 'FMC Technologies, Inc.', '6144948053', 'clinicplus367@gmail.com', 8531660668, 'Kigali, Kicukiro', 3, NULL, NULL, NULL),
(1874, 5, 'The Interpublic Group of Companies, Inc.', '3240109303', 'clinicplus368@gmail.com', 4799051424, 'Kigali, Kicukiro', 3, NULL, NULL, NULL),
(1875, 5, 'Commercial Metals Company', '7677214088', 'clinicplus369@gmail.com', 7355672135, 'Kigali, Kicukiro', 3, NULL, NULL, NULL),
(1876, 5, 'The Pantry, Inc.', '2537476255', 'clinicplus370@gmail.com', 9586385975, 'Kigali, Kicukiro', 3, NULL, NULL, NULL),
(1877, 5, 'Owens-Illinois, Inc.', '5164987451', 'clinicplus371@gmail.com', 4237016526, 'Kigali, Kicukiro', 3, NULL, NULL, NULL),
(1878, 5, 'American Family Ins. Group', '2310280091', 'clinicplus372@gmail.com', 3101797422, 'Kigali, Kicukiro', 3, NULL, NULL, NULL),
(1879, 5, 'Ralph Lauren Corporation', '4885795402', 'clinicplus373@gmail.com', 4078781272, 'Kigali, Kicukiro', 3, NULL, NULL, NULL),
(1880, 5, 'Biogen Idec Inc.', '2663304733', 'clinicplus374@gmail.com', 2730791742, 'Kigali, Kicukiro', 3, NULL, NULL, NULL),
(1881, 5, 'PetSmart, Inc.', '3698123252', 'clinicplus375@gmail.com', 5604247416, 'Kigali, Kicukiro', 3, NULL, NULL, NULL),
(1882, 5, 'Mylan Inc.', '9287373944', 'clinicplus376@gmail.com', 9635187160, 'Kigali, Kicukiro', 3, NULL, NULL, NULL),
(1883, 5, 'Symantec Corporation', '2268927610', 'clinicplus377@gmail.com', 2897479821, 'Kigali, Kicukiro', 3, NULL, NULL, NULL),
(1884, 5, 'Ameren Corporation', '1448972066', 'clinicplus378@gmail.com', 9018552067, 'Kigali, Kicukiro', 3, NULL, NULL, NULL),
(1885, 5, 'The Williams Companies, Inc.', '4174524729', 'clinicplus379@gmail.com', 4126213216, 'Kigali, Kicukiro', 3, NULL, NULL, NULL),
(1886, 5, 'Barnes & Noble, Inc.', '6298602213', 'clinicplus380@gmail.com', 8887586508, 'Kigali, Kicukiro', 3, NULL, NULL, NULL),
(1887, 5, 'Huntington Ingalls Industries, Inc.', '9658185120', 'clinicplus381@gmail.com', 4641575214, 'Kigali, Kicukiro', 3, NULL, NULL, NULL),
(1888, 5, 'The Priceline Group Inc.', '8825180099', 'clinicplus382@gmail.com', 2276809820, 'Kigali, Kicukiro', 3, NULL, NULL, NULL),
(1889, 5, 'Agilent Technologies, Inc.', '3117874943', 'clinicplus383@gmail.com', 2910990700, 'Kigali, Kicukiro', 3, NULL, NULL, NULL),
(1890, 5, 'Dana Holding Corporation', '4676353867', 'clinicplus384@gmail.com', 6781189031, 'Kigali, Kicukiro', 3, NULL, NULL, NULL),
(1891, 5, 'Dillards, Inc.', '1290083832', 'clinicplus385@gmail.com', 5209598677, 'Kigali, Kicukiro', 3, NULL, NULL, NULL),
(1892, 5, 'Seaboard Corporation', '3572072775', 'clinicplus386@gmail.com', 8586860454, 'Kigali, Kicukiro', 3, NULL, NULL, NULL),
(1893, 5, 'Vanguard Health Systems, Inc.', '1663397415', 'clinicplus387@gmail.com', 5457150296, 'Kigali, Kicukiro', 3, NULL, NULL, NULL),
(1894, 5, 'Caseys General Stores, Inc.', '1241484192', 'clinicplus388@gmail.com', 1597481545, 'Kigali, Kicukiro', 3, NULL, NULL, NULL),
(1895, 5, 'OReilly Automotive, Inc.', '1565385467', 'clinicplus389@gmail.com', 2379944948, 'Kigali, Kicukiro', 3, NULL, NULL, NULL),
(1896, 5, 'The Blackstone Group L.P.', '9051857723', 'clinicplus390@gmail.com', 6309814968, 'Kigali, Kicukiro', 3, NULL, NULL, NULL),
(1897, 5, 'Mutual of Omaha Insurance Company', '8242498580', 'clinicplus391@gmail.com', 4243910788, 'Kigali, Kicukiro', 3, NULL, NULL, NULL),
(1898, 5, 'Molina Healthcare, Inc.', '7785337708', 'clinicplus392@gmail.com', 3405598153, 'Kigali, Kicukiro', 3, NULL, NULL, NULL),
(1899, 5, 'CMS Energy Corporation', '6103056896', 'clinicplus393@gmail.com', 8721725891, 'Kigali, Kicukiro', 3, NULL, NULL, NULL),
(1900, 5, 'Targa Resources Corp.', '2929011902', 'clinicplus394@gmail.com', 7567927898, 'Kigali, Kicukiro', 3, NULL, NULL, NULL),
(1901, 5, 'Quanta Services, Inc.', '4616387858', 'clinicplus395@gmail.com', 9062275529, 'Kigali, Kicukiro', 3, NULL, NULL, NULL),
(1902, 5, 'Cablevision Systems Corporation', '3073305569', 'clinicplus396@gmail.com', 1459563862, 'Kigali, Kicukiro', 3, NULL, NULL, NULL),
(1903, 5, 'Avery Dennison Corporation', '7316145016', 'clinicplus397@gmail.com', 9812232590, 'Kigali, Kicukiro', 3, NULL, NULL, NULL),
(1904, 5, 'Celanese Corporation', '8281093319', 'clinicplus398@gmail.com', 9701287935, 'Kigali, Kicukiro', 3, NULL, NULL, NULL),
(1905, 5, 'Foot Locker, Inc.', '9691629142', 'clinicplus399@gmail.com', 7182897471, 'Kigali, Kicukiro', 3, NULL, NULL, NULL),
(1906, 5, 'Celgene Corporation', '7587781682', 'clinicplus400@gmail.com', 5959981524, 'Kigali, Kicukiro', 3, NULL, NULL, NULL),
(1907, 5, 'Advance Auto Parts, Inc.', '2953730822', 'clinicplus401@gmail.com', 5153749702, 'Kigali, Kicukiro', 3, NULL, NULL, NULL),
(1908, 5, 'Mattel, Inc.', '7158038225', 'clinicplus402@gmail.com', 3158452519, 'Kigali, Kicukiro', 3, NULL, NULL, NULL),
(1909, 5, 'Live Nation Entertainment, Inc.', '1902543857', 'clinicplus403@gmail.com', 3672337853, 'Kigali, Kicukiro', 3, NULL, NULL, NULL),
(1910, 5, 'General Cable Corporation', '6168122546', 'clinicplus404@gmail.com', 6062140701, 'Kigali, Kicukiro', 3, NULL, NULL, NULL),
(1911, 5, 'Ryder System, Inc.', '3915301654', 'clinicplus405@gmail.com', 7601307954, 'Kigali, Kicukiro', 3, NULL, NULL, NULL),
(1912, 5, 'EMCOR Group, Inc.', '7152685712', 'clinicplus406@gmail.com', 8876462553, 'Kigali, Kicukiro', 3, NULL, NULL, NULL),
(1913, 5, 'Allergan, Inc.', '1724611786', 'clinicplus407@gmail.com', 1862290387, 'Kigali, Kicukiro', 3, NULL, NULL, NULL),
(1914, 5, 'W.R. Berkley Corporation', '1122832741', 'clinicplus408@gmail.com', 7722684344, 'Kigali, Kicukiro', 3, NULL, NULL, NULL),
(1915, 5, 'Rockwell Automation, Inc.', '2238545724', 'clinicplus409@gmail.com', 5613938744, 'Kigali, Kicukiro', 3, NULL, NULL, NULL),
(1916, 5, 'NetApp, Inc.', '3781918513', 'clinicplus410@gmail.com', 3335659528, 'Kigali, Kicukiro', 3, NULL, NULL, NULL),
(1917, 5, 'Ingredion Incorporated', '7329867820', 'clinicplus411@gmail.com', 3531705821, 'Kigali, Kicukiro', 3, NULL, NULL, NULL),
(1918, 5, 'Level 3 Communications, Inc.', '1945577956', 'clinicplus412@gmail.com', 2980178383, 'Kigali, Kicukiro', 3, NULL, NULL, NULL),
(1919, 5, 'Calpine Corporation', '5650484623', 'clinicplus413@gmail.com', 4249277396, 'Kigali, Kicukiro', 3, NULL, NULL, NULL),
(1920, 5, 'Omnicare, Inc.', '4473093845', 'clinicplus414@gmail.com', 2711870019, 'Kigali, Kicukiro', 3, NULL, NULL, NULL),
(1921, 5, 'Erie Insurance Group', '1958850995', 'clinicplus415@gmail.com', 3974616180, 'Kigali, Kicukiro', 3, NULL, NULL, NULL),
(1922, 5, 'SLM Corporation', '9691030697', 'clinicplus416@gmail.com', 8313410573, 'Kigali, Kicukiro', 3, NULL, NULL, NULL),
(1923, 5, 'D.R. Horton, Inc.', '8695406473', 'clinicplus417@gmail.com', 1064877108, 'Kigali, Kicukiro', 3, NULL, NULL, NULL),
(1924, 5, 'CC Media Holdings, Inc.', '3627828593', 'clinicplus418@gmail.com', 4671066429, 'Kigali, Kicukiro', 3, NULL, NULL, NULL),
(1925, 5, 'Anixter International Inc.', '6200252580', 'clinicplus419@gmail.com', 5821238941, 'Kigali, Kicukiro', 3, NULL, NULL, NULL),
(1926, 5, 'Dicks Sporting Goods, Inc.', '5803308679', 'clinicplus420@gmail.com', 2340706689, 'Kigali, Kicukiro', 3, NULL, NULL, NULL),
(1927, 5, 'SanDisk Corporation', '5387756388', 'clinicplus421@gmail.com', 2631630445, 'Kigali, Kicukiro', 3, NULL, NULL, NULL),
(1928, 5, 'NCR Corporation', '1842500162', 'clinicplus422@gmail.com', 7815199122, 'Kigali, Kicukiro', 3, NULL, NULL, NULL),
(1929, 5, 'Starwood Hotels & Resorts Worldwide, Inc.', '5258615238', 'clinicplus423@gmail.com', 4898207768, 'Kigali, Kicukiro', 3, NULL, NULL, NULL),
(1930, 5, 'Expeditors International of Washington, Inc.', '6004410982', 'clinicplus424@gmail.com', 7616944601, 'Kigali, Kicukiro', 3, NULL, NULL, NULL),
(1931, 5, 'Fidelity National Information Services, Inc.', '9963818266', 'clinicplus425@gmail.com', 9018505638, 'Kigali, Kicukiro', 3, NULL, NULL, NULL),
(1932, 5, 'United Natural Foods, Inc.', '6292397196', 'clinicplus426@gmail.com', 6443717443, 'Kigali, Kicukiro', 3, NULL, NULL, NULL),
(1933, 5, 'Auto-Owners Insurance Group', '8112851774', 'clinicplus427@gmail.com', 6625042009, 'Kigali, Kicukiro', 3, NULL, NULL, NULL),
(1934, 5, 'Windstream Holdings, Inc.', '3677546741', 'clinicplus428@gmail.com', 1442802185, 'Kigali, Kicukiro', 3, NULL, NULL, NULL),
(1935, 5, 'Dr Pepper Snapple Group, Inc.', '6059986244', 'clinicplus429@gmail.com', 9341227205, 'Kigali, Kicukiro', 3, NULL, NULL, NULL),
(1936, 5, 'Lennar Corporation', '2530191526', 'clinicplus430@gmail.com', 1681069431, 'Kigali, Kicukiro', 3, NULL, NULL, NULL),
(1937, 5, 'Sanmina', '5669772695', 'clinicplus431@gmail.com', 7421467429, 'Kigali, Kicukiro', 3, NULL, NULL, NULL),
(1938, 5, 'Harley-Davidson, Inc.', '6068801904', 'clinicplus432@gmail.com', 9407696915, 'Kigali, Kicukiro', 3, NULL, NULL, NULL),
(1939, 5, 'CONSOL Energy Inc.', '2002227029', 'clinicplus433@gmail.com', 8289335037, 'Kigali, Kicukiro', 3, NULL, NULL, NULL),
(1940, 5, 'The J.M. Smucker Company', '6181245561', 'clinicplus434@gmail.com', 9475813865, 'Kigali, Kicukiro', 3, NULL, NULL, NULL),
(1941, 5, 'Newell Rubbermaid Inc.', '6978700614', 'clinicplus435@gmail.com', 5482476731, 'Kigali, Kicukiro', 3, NULL, NULL, NULL),
(1942, 5, 'CH2M HILL Companies, Ltd.', '2017234444', 'clinicplus436@gmail.com', 8833290850, 'Kigali, Kicukiro', 3, NULL, NULL, NULL),
(1943, 5, 'Energy Future Holdings Corp.', '9610321268', 'clinicplus437@gmail.com', 6250144212, 'Kigali, Kicukiro', 3, NULL, NULL, NULL),
(1944, 5, 'Susser Holdings Corporation', '6359256072', 'clinicplus438@gmail.com', 4175630455, 'Kigali, Kicukiro', 3, NULL, NULL, NULL),
(1945, 5, 'Laboratory Corporation of America Holdings', '4842198958', 'clinicplus439@gmail.com', 3704604907, 'Kigali, Kicukiro', 3, NULL, NULL, NULL),
(1946, 5, 'Kindred Healthcare, Inc.', '8919325127', 'clinicplus440@gmail.com', 7190754626, 'Kigali, Kicukiro', 3, NULL, NULL, NULL),
(1947, 5, 'Leidos Holdings Inc.', '7483950682', 'clinicplus441@gmail.com', 3591727220, 'Kigali, Kicukiro', 3, NULL, NULL, NULL),
(1948, 5, 'Booz Allen Hamilton Holding Corp.', '8400638705', 'clinicplus442@gmail.com', 9657368558, 'Kigali, Kicukiro', 3, NULL, NULL, NULL),
(1949, 5, 'The Jones Financial Companies,L.L.L.P.', '4226463068', 'clinicplus443@gmail.com', 2572225386, 'Kigali, Kicukiro', 3, NULL, NULL, NULL),
(1950, 5, 'Cliffs Natural Resources Inc.', '1415237875', 'clinicplus444@gmail.com', 2627031514, 'Kigali, Kicukiro', 3, NULL, NULL, NULL),
(1951, 5, 'PulteGroup, Inc.', '7971374584', 'clinicplus445@gmail.com', 9774788159, 'Kigali, Kicukiro', 3, NULL, NULL, NULL),
(1952, 5, 'Regions Financial Corporation', '5642102907', 'clinicplus446@gmail.com', 6144665646, 'Kigali, Kicukiro', 3, NULL, NULL, NULL),
(1953, 5, 'NiSource Inc.', '7068395831', 'clinicplus447@gmail.com', 2209920532, 'Kigali, Kicukiro', 3, NULL, NULL, NULL),
(1954, 5, 'Graybar Electric Company, Inc.', '4630645313', 'clinicplus448@gmail.com', 8492623930, 'Kigali, Kicukiro', 3, NULL, NULL, NULL),
(1955, 5, 'Integrys Energy Group, Inc.', '7037617727', 'clinicplus449@gmail.com', 8018053064, 'Kigali, Kicukiro', 3, NULL, NULL, NULL),
(1956, 5, 'The Clorox Company', '4458026640', 'clinicplus450@gmail.com', 4324558865, 'Kigali, Kicukiro', 3, NULL, NULL, NULL),
(1957, 5, 'Wynn Resorts, Limited', '6733533229', 'clinicplus451@gmail.com', 3151455011, 'Kigali, Kicukiro', 3, NULL, NULL, NULL),
(1958, 5, 'The Andersons, Inc.', '5178598333', 'clinicplus452@gmail.com', 4718345780, 'Kigali, Kicukiro', 3, NULL, NULL, NULL),
(1959, 5, 'J.B. Hunt Transport Services, Inc.', '4098558463', 'clinicplus453@gmail.com', 8559781919, 'Kigali, Kicukiro', 3, NULL, NULL, NULL),
(1960, 5, 'AK Steel Holding Corporation', '9695221420', 'clinicplus454@gmail.com', 7474906966, 'Kigali, Kicukiro', 3, NULL, NULL, NULL),
(1961, 5, 'Harbinger Group Inc.', '8119588333', 'clinicplus455@gmail.com', 3892742609, 'Kigali, Kicukiro', 3, NULL, NULL, NULL),
(1962, 5, 'MeadWestvaco Corporation', '7263466353', 'clinicplus456@gmail.com', 4749228723, 'Kigali, Kicukiro', 3, NULL, NULL, NULL),
(1963, 5, 'The Western Union Company', '2552307746', 'clinicplus457@gmail.com', 6653807034, 'Kigali, Kicukiro', 3, NULL, NULL, NULL),
(1964, 5, 'The Charles Schwab Corporation', '2193679886', 'clinicplus458@gmail.com', 4795389831, 'Kigali, Kicukiro', 3, NULL, NULL, NULL),
(1965, 5, 'Discovery Communications, Inc.', '5898430428', 'clinicplus459@gmail.com', 2873861044, 'Kigali, Kicukiro', 3, NULL, NULL, NULL),
(1966, 5, 'Spectra Energy Corp', '4880177708', 'clinicplus460@gmail.com', 5930754950, 'Kigali, Kicukiro', 3, NULL, NULL, NULL),
(1967, 5, 'St. Jude Medical, Inc.', '4432463795', 'clinicplus461@gmail.com', 4734339244, 'Kigali, Kicukiro', 3, NULL, NULL, NULL),
(1968, 5, 'CF Industries Holdings, Inc.', '9292421253', 'clinicplus462@gmail.com', 3268268317, 'Kigali, Kicukiro', 3, NULL, NULL, NULL),
(1969, 5, 'Con-way Inc.', '3141531837', 'clinicplus463@gmail.com', 9720795179, 'Kigali, Kicukiro', 3, NULL, NULL, NULL),
(1970, 5, 'Old Republic International Corporation', '4040566837', 'clinicplus464@gmail.com', 4029567808, 'Kigali, Kicukiro', 3, NULL, NULL, NULL),
(1971, 5, 'JetBlue Airways Corporation', '7555246190', 'clinicplus465@gmail.com', 4965286828, 'Kigali, Kicukiro', 3, NULL, NULL, NULL),
(1972, 5, 'Calumet Specialty Products Partners, L.P.', '1233441290', 'clinicplus466@gmail.com', 8651094924, 'Kigali, Kicukiro', 3, NULL, NULL, NULL),
(1973, 5, 'Kelly Services, Inc.', '8979435085', 'clinicplus467@gmail.com', 4025508471, 'Kigali, Kicukiro', 3, NULL, NULL, NULL),
(1974, 5, 'Domtar Corporation', '4638338774', 'clinicplus468@gmail.com', 4182903097, 'Kigali, Kicukiro', 3, NULL, NULL, NULL),
(1975, 5, 'Murphy Oil Corporation', '5303787540', 'clinicplus469@gmail.com', 4617756047, 'Kigali, Kicukiro', 3, NULL, NULL, NULL),
(1976, 5, 'Harris Corporation', '9365186320', 'clinicplus470@gmail.com', 5506554562, 'Kigali, Kicukiro', 3, NULL, NULL, NULL),
(1977, 5, 'Asbury Automotive Group, Inc.', '5209798501', 'clinicplus471@gmail.com', 1334566808, 'Kigali, Kicukiro', 3, NULL, NULL, NULL),
(1978, 5, 'Big Lots, Inc.', '1801947960', 'clinicplus472@gmail.com', 7442000054, 'Kigali, Kicukiro', 3, NULL, NULL, NULL),
(1979, 5, 'Advanced Micro Devices, Inc.', '4850835174', 'clinicplus473@gmail.com', 4660818544, 'Kigali, Kicukiro', 3, NULL, NULL, NULL),
(1980, 5, 'Owens Corning', '5583067982', 'clinicplus474@gmail.com', 7544381379, 'Kigali, Kicukiro', 3, NULL, NULL, NULL),
(1981, 5, 'Realogy Holdings Corp.', '3969210582', 'clinicplus475@gmail.com', 5161714559, 'Kigali, Kicukiro', 3, NULL, NULL, NULL),
(1982, 5, 'Host Hotels & Resorts, Inc.', '7170422040', 'clinicplus476@gmail.com', 2565115534, 'Kigali, Kicukiro', 3, NULL, NULL, NULL),
(1983, 5, 'MRC Global Inc.', '7015628011', 'clinicplus477@gmail.com', 3693265575, 'Kigali, Kicukiro', 3, NULL, NULL, NULL),
(1984, 5, 'Simon Property Group, Inc.', '8782374995', 'clinicplus478@gmail.com', 9377333900, 'Kigali, Kicukiro', 3, NULL, NULL, NULL),
(1985, 5, 'Tractor Supply Company', '8096041780', 'clinicplus479@gmail.com', 7914563015, 'Kigali, Kicukiro', 3, NULL, NULL, NULL),
(1986, 5, 'Gannett Co., Inc.', '1397426115', 'clinicplus480@gmail.com', 1716419150, 'Kigali, Kicukiro', 3, NULL, NULL, NULL),
(1987, 5, 'Alaska Air Group, Inc.', '9458216480', 'clinicplus481@gmail.com', 9684105114, 'Kigali, Kicukiro', 3, NULL, NULL, NULL),
(1988, 5, 'Insight Enterprises, Inc.', '1233476341', 'clinicplus482@gmail.com', 7883362267, 'Kigali, Kicukiro', 3, NULL, NULL, NULL),
(1989, 5, 'McGraw Hill Financial, Inc.', '8789525763', 'clinicplus483@gmail.com', 4102172231, 'Kigali, Kicukiro', 3, NULL, NULL, NULL),
(1990, 5, 'Buckeye Partners, L.P.', '4498568910', 'clinicplus484@gmail.com', 5406106164, 'Kigali, Kicukiro', 3, NULL, NULL, NULL),
(1991, 5, 'Quintiles Transnational Holdings Inc.', '8923171365', 'clinicplus485@gmail.com', 2910701429, 'Kigali, Kicukiro', 3, NULL, NULL, NULL),
(1992, 5, 'American Financial Group, Inc.', '9715236003', 'clinicplus486@gmail.com', 6571692179, 'Kigali, Kicukiro', 3, NULL, NULL, NULL),
(1993, 5, 'United Stationers Inc.', '2484629166', 'clinicplus487@gmail.com', 4128297515, 'Kigali, Kicukiro', 3, NULL, NULL, NULL),
(1994, 5, 'Coach, Inc.', '2236154688', 'clinicplus488@gmail.com', 5169920351, 'Kigali, Kicukiro', 3, NULL, NULL, NULL),
(1995, 5, 'LKQ Corporation', '6166224769', 'clinicplus489@gmail.com', 6963800743, 'Kigali, Kicukiro', 3, NULL, NULL, NULL),
(1996, 5, 'Noble Energy, Inc.', '1602723606', 'clinicplus490@gmail.com', 7479003258, 'Kigali, Kicukiro', 3, NULL, NULL, NULL),
(1997, 5, 'Bemis Company, Inc.', '3626141415', 'clinicplus491@gmail.com', 6230920500, 'Kigali, Kicukiro', 3, NULL, NULL, NULL),
(1998, 5, 'Joy Global Inc.', '3055615873', 'clinicplus492@gmail.com', 4380522237, 'Kigali, Kicukiro', 3, NULL, NULL, NULL),
(1999, 5, 'Wyndham Worldwide Corporation', '8182050625', 'clinicplus493@gmail.com', 5258709638, 'Kigali, Kicukiro', 3, NULL, NULL, NULL),
(2000, 5, 'NII Holdings, Inc.', '6577878288', 'clinicplus494@gmail.com', 9288268388, 'Kigali, Kicukiro', 3, NULL, NULL, NULL),
(2001, 5, 'Lorillard, Inc.', '9395584018', 'clinicplus495@gmail.com', 3603008569, 'Kigali, Kicukiro', 3, NULL, NULL, NULL),
(2002, 5, 'Alleghany Corporation', '1703227493', 'clinicplus496@gmail.com', 8942637933, 'Kigali, Kicukiro', 3, NULL, NULL, NULL);

INSERT INTO `suppliers` (`id`, `company_id`, `name`, `phone`, `email`, `tin_number`, `address`, `created_by`, `created_at`, `updated_at`, `deleted_at`) VALUES
(2003, 5, 'Airgas, Inc.', '4157423724', 'clinicplus497@gmail.com', 4755648591, 'Kigali, Kicukiro', 3, NULL, NULL, NULL),
(2004, 5, 'First American Financial Corporation', '2692012725', 'clinicplus498@gmail.com', 6349070253, 'Kigali, Kicukiro', 3, NULL, NULL, NULL),
(2005, 5, 'United Rentals, Inc.', '1414567220', 'clinicplus499@gmail.com', 2857743558, 'Kigali, Kicukiro', 3, NULL, NULL, NULL),
(2006, 2, 'KIPHARMA', '0781418920', 'kipharma@gmail.com', 1234567, NULL, 3, '2023-03-14 17:04:41', '2023-03-14 17:04:41', NULL);

INSERT INTO `units` (`id`, `name`, `description`, `deleted_at`, `updated_at`, `created_at`) VALUES
(1, 'G', NULL, NULL, NULL, '2023-03-14 11:33:49'),
(2, 'Mg', NULL, NULL, NULL, '2023-03-14 11:33:49'),
(3, 'L', NULL, NULL, NULL, '2023-03-14 11:33:49'),
(4, 'Ml', NULL, NULL, NULL, '2023-03-14 11:33:49'),
(5, '%', NULL, NULL, NULL, '2023-03-14 11:33:49'),
(6, 'Number', NULL, NULL, NULL, '2023-03-14 11:33:49'),
(7, 'Meter', NULL, NULL, NULL, '2023-03-14 11:33:49'),
(8, 'Cm', NULL, NULL, NULL, '2023-03-14 11:33:49'),
(9, 'Piece', NULL, NULL, NULL, '2023-03-14 11:33:49'),
(10, 'Tablet', NULL, NULL, NULL, '2023-03-14 11:33:49'),
(11, 'Flacon', NULL, NULL, NULL, '2023-03-14 11:33:49'),
(12, 'Strip', NULL, NULL, NULL, '2023-03-14 11:33:49'),
(13, 'Bottle', NULL, NULL, NULL, '2023-03-14 11:33:49'),
(14, 'Vial', NULL, NULL, NULL, '2023-03-14 11:33:49'),
(15, 'Ampoule', NULL, NULL, NULL, '2023-03-14 11:33:49'),
(16, 'Roll', NULL, NULL, NULL, '2023-03-14 11:33:49'),
(17, 'Box', NULL, NULL, NULL, '2023-03-14 11:33:49'),
(18, 'Pair', NULL, NULL, NULL, '2023-03-14 11:33:49'),
(19, 'Set', NULL, NULL, NULL, '2023-03-14 11:33:49'),
(20, 'Blister', NULL, NULL, NULL, '2023-03-14 11:33:49'),
(21, 'Catheter', NULL, NULL, NULL, '2023-03-14 11:33:49'),
(22, 'Blad', NULL, NULL, NULL, '2023-03-14 11:33:49'),
(23, 'Sterile', NULL, NULL, NULL, '2023-03-14 11:33:49'),
(24, 'Lancet', NULL, NULL, NULL, '2023-03-14 11:33:49'),
(25, 'Tip', NULL, NULL, NULL, '2023-03-14 11:33:49'),
(26, 'Container', NULL, NULL, NULL, '2023-03-14 11:33:49'),
(27, 'Cell', NULL, NULL, NULL, '2023-03-14 11:33:49');

INSERT INTO `users` (`id`, `company_id`, `department_id`, `first_name`, `last_name`, `name`, `email`, `password`, `phone`, `remember_token`, `email_verified_at`, `role_id`, `last_login`, `status`, `created_by`, `created_at`, `updated_at`, `deleted_at`) VALUES
(1, NULL, NULL, 'Webmaster', 'Admin', 'Webmaster Admin', 'webmaster@gmail.com', '$2y$10$/sPmt73SgNEORz2bQdyx2ea.jmAiOF7RVGJDDYHHsrRXL8MyOSHTS', NULL, NULL, NULL, NULL, '2023-02-22 02:44:44', 1, NULL, NULL, '2023-02-22 02:44:44', NULL),
(2, 10, NULL, 'Serugo', 'Javnvier', 'Serugo Javnvier', 'serugojanvier@gmail.com', '$2y$10$V6IWWclmMuWBXuMPxFqJtexcCM00KstGyDgv.cfpoedqfkHCLZGwy', '788543365', NULL, NULL, 7, '2023-02-22 12:49:23', 1, 1, '2023-01-18 17:17:15', '2023-02-22 12:49:23', NULL),
(3, 2, NULL, 'Vah', 'Kwizera', 'Vah Kwizera', 'vah@gmail.com', '$2y$10$/sPmt73SgNEORz2bQdyx2ea.jmAiOF7RVGJDDYHHsrRXL8MyOSHTS', '788254478', NULL, NULL, 7, '2023-03-25 07:32:31', 1, 1, '2023-01-18 18:15:50', '2023-03-25 07:32:31', NULL),
(4, 11, NULL, 'Mutabazi', 'Jean de amour', 'Mutabazi Jean de amour', 'mutabazi@gmail.com', '$2y$10$ob66nQunFcjYXFNqP128k.7CLlW8H0svaGyMBeg3ATm4DSJrzubB.', '7814192011', NULL, NULL, 7, '2023-02-22 12:26:49', 1, 1, '2023-01-19 11:22:17', '2023-02-22 12:26:49', NULL),
(5, 2, 22, 'Olivier', 'Tuyishime', 'Olivier Tuyishime', 'olivis@gmail.com', '$2y$10$VEyNTMwcAR..XrgzeqJY1uTRVRRw7PSE2JWqmvmtbdpPSO989Vwym', '7885567745', NULL, NULL, 8, '2023-03-15 10:14:14', 1, 3, '2023-02-14 13:12:01', '2023-03-15 10:14:14', NULL),
(6, 2, 17, 'UWAMAHORO', 'Sophie', 'UWAMAHORO Sophie', 'sophie@gmail.com', '$2y$10$oALs0yyLlPVK58UjC5OUheuCERPzxMAKkH5ty/NE6rDnN7paObbGG', '785485782', NULL, NULL, 9, '2023-03-24 13:39:25', 1, 3, '2023-03-14 19:15:00', '2023-03-24 16:55:13', NULL);



/*!40101 SET SQL_MODE=@OLD_SQL_MODE */;
/*!40014 SET FOREIGN_KEY_CHECKS=@OLD_FOREIGN_KEY_CHECKS */;
/*!40014 SET UNIQUE_CHECKS=@OLD_UNIQUE_CHECKS */;
/*!40101 SET CHARACTER_SET_CLIENT=@OLD_CHARACTER_SET_CLIENT */;
/*!40101 SET CHARACTER_SET_RESULTS=@OLD_CHARACTER_SET_RESULTS */;
/*!40101 SET COLLATION_CONNECTION=@OLD_COLLATION_CONNECTION */;
/*!40111 SET SQL_NOTES=@OLD_SQL_NOTES */;